segment_id,ytid,start_s,group,v1_class,real_class,in_v1,in_real,pass,event_start,event_end,event_dur,siren_sub,scream_sub,has_bark,has_dog,hardneg_like,labels_all,batch
--Bu2xe4OSo_430000,--Bu2xe4OSo,430.0,background,,,0,0,bg,,,,,,0,0,,"Boat, Water vehicle;Male speech, man speaking;Waves, surf;Wind noise (microphone)",base
--OWy19KnMI_70000,--OWy19KnMI,70.0,scream,scream,scream,1,1,v1,8.234,8.784,0.550,,Screaming,0,0,,"Female speech, woman speaking;Gears;Mechanisms;Screaming",base
-0Hxe_afHfg_30000,-0Hxe_afHfg,30.0,background,,,0,0,bg,,,,,Laughter,0,0,laughter,"Female speech, woman speaking;Generic impact sounds;Laughter;Wind",base
-2--Xzix2Vk_0,-2--Xzix2Vk,0.0,background,,,0,0,bg,,,,,Laughter;Music,0,0,laughter,Generic impact sounds;Laughter;Mechanisms;Meow;Music;Tick,base
-2mQXzsDhbY_0,-2mQXzsDhbY,0.0,glass,glass,glass,1,1,real,0.756,1.748,0.992,,Music,0,0,,Female singing;Glass shatter;Male singing;Music;Speech synthesizer,base
-3vG3iqvj2I_80000,-3vG3iqvj2I,80.0,glass,glass,glass,1,1,v1,9.571,10.000,0.429,,,0,0,,"Explosion;Glass chink, clink;Glass shatter;Mechanisms;Tick",base
-4tFyjKAH7o_30000,-4tFyjKAH7o,30.0,dog_bark,dog_bark,,1,0,v1,8.394,8.630,0.236,,,0,1,dog_nonbark,"Chirp, tweet;Clicking;Dog;Generic impact sounds;Male speech, man speaking;Walk, footsteps;Wind",base
-5q6IOaiUQc_14000,-5q6IOaiUQc,14.0,background,,,0,0,bg,,,,,,0,0,,"Artillery fire;Breaking;Engine starting;Generic impact sounds;Vehicle;Video game sound;Walk, footsteps",base
-7KREnTK6w8_18000,-7KREnTK6w8,18.0,siren,,siren,0,1,real,0.000,8.995,8.995,"Fire engine, fire truck (siren)",Laughter;Shout,0,0,laughter,"Background noise;Breathing;Fire engine, fire truck (siren);Laughter;Male speech, man speaking;Rapping;Shout",base
-9J9xs7LM9Y_25000,-9J9xs7LM9Y,25.0,background,,,0,0,bg,,,,,,0,0,,"Bus;Female speech, woman speaking;Generic impact sounds;Idling;Video game sound",base
-9Rp7iMsDTw_30000,-9Rp7iMsDTw,30.0,glass,glass,glass,1,1,real,7.535,8.717,1.182,,Music,0,0,,Glass shatter;Music,base
-9_LNHYa0kg_310000,-9_LNHYa0kg,310.0,background,,,0,0,bg,,,,,,0,0,,"Bird flight, flapping wings;Bird vocalization, bird call, bird song;Coo;Wind;Wind noise (microphone)",base
-AWooU1PDiM_70000,-AWooU1PDiM,70.0,dog_bark,dog_bark,dog_bark,1,1,v1,2.852,3.228,0.376,,,1,0,,"Bark;Child speech, kid speaking;Conversation;Growling;Male speech, man speaking;Pant (dog);Tick;Wind",base
-CHwctXCRJk_30000,-CHwctXCRJk,30.0,background,,,0,0,bg,,,,,Laughter,0,0,laughter,Cat;Caterwaul;Generic impact sounds;Laughter;Mechanisms;Pant,base
-C_fTH8QukQ_24000,-C_fTH8QukQ,24.0,siren,siren,siren,1,1,v1,0.000,9.483,9.483,Siren,,0,0,,Generic impact sounds;Mechanisms;Siren,base
-D3lP8KzP6E_30000,-D3lP8KzP6E,30.0,background,,,0,0,bg,,,,,Music,0,0,,Boing;Music;Sound effect;Video game sound,base
-Dz3wcZGd0A_10000,-Dz3wcZGd0A,10.0,background,,,0,0,bg,,,,,,0,0,,"Traffic noise, roadway noise",base
-EFS2mihxs0_240000,-EFS2mihxs0,240.0,background,,,0,0,bg,,,,,,0,0,,Moo;Reversing beeps;Truck,base
-EPeVrHQR_Y_30000,-EPeVrHQR_Y,30.0,background,,,0,0,bg,,,,,Music,0,0,,Jingle bell;Male singing;Music,base
-EvDgHwRSbI_40000,-EvDgHwRSbI,40.0,scream,scream,,1,0,v1,1.997,3.198,1.201,,Shout,0,0,alarm,"Alarm;Male speech, man speaking;Mechanisms;Shout;Splash, splatter;Tick;Water",base
-FI_F5Lclrg_0,-FI_F5Lclrg,0.0,background,,,0,0,bg,,,,,Music,0,0,,Background noise;Music;Sound effect;Video game sound,base
-IsCA5lBN74_30000,-IsCA5lBN74,30.0,background,,,0,0,bg,,,,,,0,0,,"Accelerating, revving, vroom;Race car, auto racing;Steam;Tire squeal, skidding",base
-JVgOQIAFaI_30000,-JVgOQIAFaI,30.0,background,,,0,0,bg,,,,,Music,0,0,,Music,base
-KL7EB5dPsA_10000,-KL7EB5dPsA,10.0,background,,,0,0,bg,,,,,,0,0,,Clicking;Mechanisms,base
-KSY6W9_TrI_30000,-KSY6W9_TrI,30.0,background,,,0,0,bg,,,,,Music,0,0,,"Accelerating, revving, vroom;Conversation;Female singing;Male speech, man speaking;Medium engine (mid frequency);Music;Wind noise (microphone)",base
-KU3Ju1Um4I_0,-KU3Ju1Um4I,0.0,background,,,0,0,bg,,,,,,0,0,,Rain on surface;Thunderstorm,base
-KYlqM1WOV4_30000,-KYlqM1WOV4,30.0,background,,,0,0,bg,,,,,,0,0,,"Engine;Male speech, man speaking",base
-MBeLwkFeIU_25000,-MBeLwkFeIU,25.0,glass,glass,glass,1,1,v1,6.956,7.897,0.941,,,0,0,,Generic impact sounds;Glass shatter;Steam;Wind noise (microphone),base
-Mu6SF2fxnE_30000,-Mu6SF2fxnE,30.0,dog_bark,dog_bark,dog_bark,1,1,real,4.765,5.913,1.148,,,1,0,crowd,"Bark;Hubbub, speech noise, speech babble;Male speech, man speaking;Wind",base
-NZ2X15hrvw_550000,-NZ2X15hrvw,550.0,dog_bark,dog_bark,dog_bark,1,1,v1,8.618,9.710,1.092,,,1,0,,"Background noise;Bark;Bird vocalization, bird call, bird song;Conversation;Male speech, man speaking",base
-OZlCv1fgow_10000,-OZlCv1fgow,10.0,scream,scream,,1,0,v1,2.106,2.666,0.560,,Shout,0,0,crowd,"Female speech, woman speaking;Groan;Hubbub, speech noise, speech babble;Male speech, man speaking;Shout",base
-QcXMPUNMeM_0,-QcXMPUNMeM,0.0,background,,,0,0,bg,,,,,,0,0,,"Background noise;Boing;Generic impact sounds;Male speech, man speaking;Surface contact",base
-RabIkXspXU_230000,-RabIkXspXU,230.0,background,,,0,0,bg,,,,,Music,0,0,crowd,"Conversation;Female speech, woman speaking;Generic impact sounds;Hubbub, speech noise, speech babble;Male speech, man speaking;Music;Thump, thud",base
-Rl7NZwtVmA_40000,-Rl7NZwtVmA,40.0,background,,,0,0,bg,,,,,,0,0,,"Background noise;Bird flight, flapping wings;Bird vocalization, bird call, bird song;Coo",base
-RqpjA6QahI_18000,-RqpjA6QahI,18.0,glass,glass,glass,1,1,real,0.061,3.940,3.879,,,0,0,,"Glass shatter;Tap;Walk, footsteps;Wind",base
-TvblTyoqlU_30000,-TvblTyoqlU,30.0,dog_bark,dog_bark,dog_bark,1,1,real,8.897,9.344,0.447,,,1,0,,"Background noise;Bark;Male speech, man speaking",base
-W9680BebMk_30000,-W9680BebMk,30.0,scream,,scream,0,1,real,8.641,10.000,1.359,,Music;Screaming,0,0,,Human voice;Music;Screaming,base
-XHotSY1Eq8_50000,-XHotSY1Eq8,50.0,glass,glass,glass,1,1,v1,3.289,5.289,2.000,,,0,0,,"Background noise;Generic impact sounds;Glass shatter;Male speech, man speaking;Sound effect;Wind noise (microphone)",base
-Y1qiiugnk8_30000,-Y1qiiugnk8,30.0,siren,,siren,0,1,real,0.000,10.000,10.000,Ambulance (siren),,0,0,,"Ambulance (siren);Car passing by;Generic impact sounds;Traffic noise, roadway noise",base
-ZUWGd338bA_30000,-ZUWGd338bA,30.0,background,,,0,0,bg,,,,,Crowd;Music,0,0,crowd,Choir;Crowd;Male singing;Music,base
-Zdg5qifBnA_30000,-Zdg5qifBnA,30.0,scream,scream,scream,1,1,v1,2.609,10.000,7.391,,Screaming,0,0,,"Generic impact sounds;Male speech, man speaking;Mechanisms;Roar;Screaming;Whack, thwack",base
-_8fdnv6Crg_30000,-_8fdnv6Crg,30.0,siren,siren,siren,1,1,v1,3.181,7.559,4.378,Siren,Music,0,0,,"Emergency vehicle;Female speech, woman speaking;Male speech, man speaking;Music;Radio;Siren;Slam;Tick;Walk, footsteps",base
-b_OzYrBDeU_6000,-b_OzYrBDeU,6.0,scream,,scream,0,1,real,4.094,6.658,2.564,,Laughter;Music;Screaming,0,0,laughter,Human sounds;Human voice;Laughter;Music;Screaming;Sound effect;Synthetic singing,base
-c4IXBaZpTI_230000,-c4IXBaZpTI,230.0,glass,glass,glass,1,1,v1,6.061,8.631,2.570,,,0,0,,"Background noise;Glass shatter;Male speech, man speaking;Tick",base
-cghzpVtc4Y_30000,-cghzpVtc4Y,30.0,scream,,scream,0,1,real,4.481,5.651,1.170,,Laughter;Music;Screaming;Shout,0,0,crying;laughter,"Child speech, kid speaking;Crying, sobbing;Gasp;Generic impact sounds;Human sounds;Human voice;Laughter;Mechanisms;Music;Screaming;Shout;Sound effect;Television",base
-d7tBjntkW8_30000,-d7tBjntkW8,30.0,dog_bark,dog_bark,dog_bark,1,1,real,3.819,4.441,0.622,,,1,0,,"Baby cry, infant cry;Bark;Child speech, kid speaking;Conversation;Female speech, woman speaking;Mechanisms;Tap;Water",base
-dcl4amYQkM_0,-dcl4amYQkM,0.0,background,,,0,0,bg,,,,,,0,0,,"Background noise;Bouncing;Generic impact sounds;Surface contact;Tap;Tick;Walk, footsteps",base
-ehQwV9uU8s_30000,-ehQwV9uU8s,30.0,dog_bark,dog_bark,,1,0,v1,8.560,10.000,1.440,,,0,1,dog_nonbark,Background noise;Dog,base
-f4mhC6iEQg_440000,-f4mhC6iEQg,440.0,dog_bark,dog_bark,dog_bark,1,1,real,9.672,10.000,0.328,,Laughter,1,1,laughter,"Bark;Breathing;Child speech, kid speaking;Conversation;Dog;Generic impact sounds;Growling;Human voice;Laughter;Male speech, man speaking;Mechanisms;Pant (dog);Tick",base
-f9BqTklMZg_30000,-f9BqTklMZg,30.0,background,,,0,0,bg,,,,,,0,0,,"Generic impact sounds;Male speech, man speaking;Surface contact;Tick;Whistling",base
-fmErbFEXMg_0,-fmErbFEXMg,0.0,glass,glass,glass,1,1,v1,0.076,1.854,1.778,,,0,0,,Generic impact sounds;Glass shatter,base
-fvbNoDgTk8_240000,-fvbNoDgTk8,240.0,background,,,0,0,bg,,,,,Crowd,0,0,crowd,"Accelerating, revving, vroom;Car;Crowd;Female speech, woman speaking",base
-hLSc9aPOms_13000,-hLSc9aPOms,13.0,siren,siren,siren,1,1,v1,0.000,9.616,9.616,Siren,,0,0,,Emergency vehicle;Siren,base
-iPPpKiwjtU_30000,-iPPpKiwjtU,30.0,background,,,0,0,bg,,,,,Laughter,0,0,speech;laughter,"Background noise;Child speech, kid speaking;Female speech, woman speaking;Generic impact sounds;Laughter;Male speech, man speaking;Speech",base
-jLFXwKjuyk_340000,-jLFXwKjuyk,340.0,scream,,scream,0,1,real,4.560,8.728,4.168,,Music;Screaming,0,0,,"Background noise;Heart sounds, heartbeat;Music;Screaming",base
-kaU-fjT8C8_30000,-kaU-fjT8C8,30.0,glass,glass,glass,1,1,v1,0.000,3.060,3.060,,,0,0,,"Accelerating, revving, vroom;Generic impact sounds;Glass shatter;Human voice;Race car, auto racing",base
-l-DEfDAvNA_30000,-l-DEfDAvNA,30.0,siren,siren,siren,1,1,v1,9.756,10.000,0.244,Siren,,0,0,,"Car passing by;Conversation;Male speech, man speaking;Siren;Speech synthesizer;Vehicle horn, car horn, honking, toot;Video game sound",base
-lZzpIjxLlo_50000,-lZzpIjxLlo,50.0,background,,,0,0,bg,,,,,,0,0,,Mechanisms;Writing,base
-mGX2wYBZlY_70000,-mGX2wYBZlY,70.0,glass,glass,glass,1,1,v1,0.579,1.911,1.332,,,0,0,,"Beep, bleep;Glass;Glass shatter;Gunshot, gunfire;Sound effect;Video game sound;Walk, footsteps",base
-mRwvXuWGAw_30000,-mRwvXuWGAw,30.0,dog_bark,dog_bark,dog_bark,1,1,real,3.654,4.276,0.622,,,1,0,,"Background noise;Bark;Breathing;Child speech, kid speaking;Generic impact sounds;Sine wave;Tick;Walk, footsteps;Wind noise (microphone)",base
-mq8XW5I6XE_0,-mq8XW5I6XE,0.0,glass,glass,glass,1,1,real,5.283,6.047,0.764,,Music,0,0,,Glass shatter;Mechanisms;Music;Wind noise (microphone),base
-p-QOLqUWWQ_18000,-p-QOLqUWWQ,18.0,background,,,0,0,bg,,,,,,0,0,,"Firecracker;Generic impact sounds;Male speech, man speaking;Tick;Wind noise (microphone)",base
-p31u7LkYdA_11000,-p31u7LkYdA,11.0,background,,,0,0,bg,,,,,,0,0,,Engine,base
-rZ2ZvzQCu8_30000,-rZ2ZvzQCu8,30.0,background,,,0,0,bg,,,,,,0,0,,"Bird vocalization, bird call, bird song;Generic impact sounds;Hoot;Tick;Wind",base
-r_Ddl5WYXI_30000,-r_Ddl5WYXI,30.0,background,,,0,0,bg,,,,,Laughter,0,0,crowd;laughter,"Hubbub, speech noise, speech babble;Laughter;Male speech, man speaking;Thump, thud",base
-sv7xTBX8ik_30000,-sv7xTBX8ik,30.0,scream,scream,,1,0,v1,6.664,8.362,1.698,,Shout,0,0,speech;crowd,"Female speech, woman speaking;Generic impact sounds;Hubbub, speech noise, speech babble;Male speech, man speaking;Shout;Speech;Whistling;Wind;Wind noise (microphone)",base
-wlvkKXMgr4_0,-wlvkKXMgr4,0.0,background,,,0,0,bg,,,,,,0,0,,"Accelerating, revving, vroom;Car;Male speech, man speaking;Vehicle horn, car horn, honking, toot;Wind",base
-y94d462nOQ_200000,-y94d462nOQ,200.0,background,,,0,0,bg,,,,,Music,0,0,,"Bird vocalization, bird call, bird song;Gunshot, gunfire;Male speech, man speaking;Music;Sound effect;Tick",base
-yPSgCn9AWo_30000,-yPSgCn9AWo,30.0,siren,,siren,0,1,real,0.000,10.000,10.000,Ambulance (siren),,0,0,,"Ambulance (siren);Car passing by;Conversation;Generic impact sounds;Male speech, man speaking",base
0-ztjlgsmxw_11000,0-ztjlgsmxw,11.0,dog_bark,dog_bark,dog_bark,1,1,real,2.885,3.090,0.205,,Music,1,0,,"Bark;Child speech, kid speaking;Conversation;Male speech, man speaking;Music",base
02IacAQLR5o_30000,02IacAQLR5o,30.0,dog_bark,dog_bark,dog_bark,1,1,real,2.137,10.000,7.863,,,1,0,,Bark;Wind,base
02euLKId3Fk_26000,02euLKId3Fk,26.0,scream,scream,,1,0,v1,4.423,5.743,1.320,,Shout,0,0,crowd,"Generic impact sounds;Hubbub, speech noise, speech babble;Shout;Tick;Whistle",base
03BfOnuDXzk_0,03BfOnuDXzk,0.0,glass,glass,glass,1,1,v1,0.951,2.179,1.228,,,0,0,,Glass shatter;Medium engine (mid frequency),base
03BwHcWTmCM_30000,03BwHcWTmCM,30.0,siren,siren,siren,1,1,v1,0.000,6.659,6.659,Siren,,0,0,,Background noise;Siren,base
03H8DdpF-dc_30000,03H8DdpF-dc,30.0,dog_bark,dog_bark,dog_bark,1,1,real,8.670,10.000,1.330,,Laughter,1,0,laughter,"Accelerating, revving, vroom;Bark;Chirp, tweet;Generic impact sounds;Laughter;Male speech, man speaking;Meow;Motor vehicle (road);Wind",base
03bZUQDFJU8_30000,03bZUQDFJU8,30.0,scream,scream,scream,1,1,real,1.296,7.195,5.899,,Screaming,0,0,,"Background noise;Male speech, man speaking;Screaming",base
03ipyzsrLf8_20000,03ipyzsrLf8,20.0,glass,glass,glass,1,1,real,3.236,4.906,1.670,,Music,0,0,,Glass shatter;Music;Static,base
041I2ehiMQI_30000,041I2ehiMQI,30.0,background,,,0,0,bg,,,,,,0,0,,"Breathing;Female speech, woman speaking;Human sounds;Mechanisms;Tick",base
04AixqBaQDg_190000,04AixqBaQDg,190.0,dog_bark,dog_bark,dog_bark,1,1,v1,7.812,9.709,1.897,,,1,0,,Bark;Mechanisms,base
05T-qaB-bI0_30000,05T-qaB-bI0,30.0,dog_bark,dog_bark,dog_bark,1,1,real,0.821,1.805,0.984,,Laughter,1,0,laughter,"Bark;Child speech, kid speaking;Laughter;Mechanisms;Splash, splatter;Water",base
06-8M6koevk_10000,06-8M6koevk,10.0,dog_bark,dog_bark,dog_bark,1,1,v1,5.469,5.894,0.425,,,1,0,,"Bark;Generic impact sounds;Keys jangling;Male speech, man speaking;Medium engine (mid frequency);Tick;Wind noise (microphone)",base
08YS73Cp8kY_30000,08YS73Cp8kY,30.0,dog_bark,dog_bark,,1,0,v1,0.016,10.000,9.984,,,0,1,dog_nonbark,Dog,base
08nUOn1HAqE_80000,08nUOn1HAqE,80.0,dog_bark,dog_bark,dog_bark,1,1,v1,2.150,2.346,0.196,,,1,0,,"Animal;Bark;Bird vocalization, bird call, bird song;Child speech, kid speaking;Fire;Generic impact sounds;Sniff;Surface contact;Wind",base
0928cLWOS88_2000,0928cLWOS88,2.0,scream,scream,scream,1,1,real,1.134,9.169,8.035,,Screaming,0,0,,"Explosion;Male speech, man speaking;Mechanisms;Screaming;Wind;Wind noise (microphone)",base
09A-xg47qOE_30000,09A-xg47qOE,30.0,background,,,0,0,bg,,,,,,0,0,,"Generic impact sounds;Mechanisms;Patter;Rodents, rats, mice",base
09Hw5H7l-cw_15000,09Hw5H7l-cw,15.0,dog_bark,dog_bark,dog_bark,1,1,v1,5.053,5.930,0.877,,,1,0,glass_nonshatter,"Bark;Cough;Dishes, pots, and pans;Female speech, woman speaking;Glass chink, clink;Male speech, man speaking;Mechanisms;Tick",base
0ATVo-eQrHE_30000,0ATVo-eQrHE,30.0,dog_bark,dog_bark,dog_bark,1,1,real,1.150,1.496,0.346,,,1,0,,Bark;Bow-wow;Generic impact sounds;Mechanisms;Tick,base
0EpjrhuiQhA_30000,0EpjrhuiQhA,30.0,background,,,0,0,bg,,,,,Music,0,0,,"Female speech, woman speaking;Generic impact sounds;Human sounds;Human voice;Music;Television",base
0FtYHAivI2E_30000,0FtYHAivI2E,30.0,dog_bark,dog_bark,dog_bark,1,1,real,9.810,10.000,0.190,,,1,0,,Bark;Generic impact sounds;Mechanisms,base
0Fv4lkRB-BM_140000,0Fv4lkRB-BM,140.0,siren,,siren,0,1,real,0.000,10.000,10.000,Police car (siren),,0,0,,Police car (siren),base
0G-Qx3Gv01s_0,0G-Qx3Gv01s,0.0,scream,,scream,0,1,real,3.935,5.508,1.573,,Laughter;Screaming,0,0,laughter,"Caterwaul;Laughter;Male speech, man speaking;Mechanisms;Meow;Screaming;Thump, thud",base
0G3_nl1buRY_0,0G3_nl1buRY,0.0,glass,glass,glass,1,1,real,4.204,5.517,1.313,,Music,0,0,,Glass shatter;Music;Tick;Typewriter,base
0GmmPp502DA_30000,0GmmPp502DA,30.0,glass,glass,glass,1,1,real,4.992,7.181,2.189,,Music,0,0,,"Fly, housefly;Generic impact sounds;Glass shatter;Music;Sound effect",base
0HvIFbleLzo_70000,0HvIFbleLzo,70.0,glass,glass,glass,1,1,real,9.142,10.000,0.858,,Music,0,0,,"Glass shatter;Music;Whack, thwack",base
0IFicOu5RGw_13000,0IFicOu5RGw,13.0,background,,,0,0,bg,,,,,,0,0,,"Background noise;Male speech, man speaking",base
0JzodnW7NvY_30000,0JzodnW7NvY,30.0,scream,,scream,0,1,real,5.172,5.968,0.796,,Music;Screaming,0,0,,"Boat, Water vehicle;Conversation;Female speech, woman speaking;Human voice;Male speech, man speaking;Music;Screaming;Water",base
0KKzHQkh_BU_70000,0KKzHQkh_BU,70.0,background,,,0,0,bg,,,,,,0,0,,"Beep, bleep;Breathing;Male speech, man speaking;Mechanisms",base
0KWgyCNBlcE_40000,0KWgyCNBlcE,40.0,glass,glass,glass,1,1,real,2.074,7.644,5.570,,Music;Shout,0,0,,"Glass shatter;Human voice;Music;Shout;Sound effect;Splash, splatter;Walk, footsteps",base
0KXI3QmISXM_30000,0KXI3QmISXM,30.0,scream,scream,,1,0,v1,0.191,1.503,1.312,,Shout,0,0,,Ocean;Shout;Wind noise (microphone),base
0Kwzah-Rf70_40000,0Kwzah-Rf70,40.0,glass,glass,glass,1,1,real,2.742,3.468,0.726,,Music,0,0,,"Glass shatter;Human voice;Male speech, man speaking;Music;Sound effect;Steam whistle;Whack, thwack",base
0Lmm_lW8z3Q_17000,0Lmm_lW8z3Q,17.0,background,,,0,0,bg,,,,,Music,0,0,,"Background noise;Male speech, man speaking;Music;Tick",base
0NBzkiVITwg_330000,0NBzkiVITwg,330.0,background,,,0,0,bg,,,,,,0,0,,"Male speech, man speaking;Power tool;Tap",base
0NOe6SoMpgM_30000,0NOe6SoMpgM,30.0,glass,glass,glass,1,1,real,6.203,8.504,2.301,,,0,0,,Background noise;Cricket;Glass shatter;Human voice;Sound effect;Surface contact,base
0Qqat_sg_2M_3000,0Qqat_sg_2M,3.0,siren,siren,siren,1,1,real,1.316,7.235,5.919,Siren,,0,0,,"Beep, bleep;Mechanisms;Siren;Tick",base
0RSfxa7ROfg_140000,0RSfxa7ROfg,140.0,scream,scream,,1,0,v1,6.006,7.584,1.578,,Shout,0,0,,"Breathing;Conversation;Female speech, woman speaking;Generic impact sounds;Human sounds;Male speech, man speaking;Mechanisms;Shout",base
0SEHGxAQL18_30000,0SEHGxAQL18,30.0,dog_bark,dog_bark,dog_bark,1,1,v1,1.928,2.167,0.239,,,1,0,,"Bark;Bird vocalization, bird call, bird song;Breathing;Conversation;Female speech, woman speaking;Generic impact sounds;Human sounds;Male speech, man speaking;Meow;Wind",base
0TYk-aEufg4_8000,0TYk-aEufg4,8.0,background,,,0,0,bg,,,,,Laughter,0,0,laughter,"Background noise;Laughter;Male speech, man speaking;Surface contact;Tap;Thump, thud",base
0VE262FFTt4_29000,0VE262FFTt4,29.0,dog_bark,dog_bark,,1,0,v1,2.711,2.965,0.254,,,0,1,dog_nonbark,Dog;Generic impact sounds;Human voice;Mechanisms;Whistling;Wind;Wind noise (microphone),base
0W-Dz3y-ESA_30000,0W-Dz3y-ESA,30.0,siren,siren,siren,1,1,v1,7.929,10.000,2.071,Siren,Laughter,0,0,laughter,"Beep, bleep;Generic impact sounds;Laughter;Liquid;Male speech, man speaking;Siren;Surface contact;Video game sound;Walk, footsteps",base
0X604USY6hs_30000,0X604USY6hs,30.0,background,,,0,0,bg,,,,,,0,0,,"Breathing;Generic impact sounds;Male speech, man speaking;Mechanisms;Surface contact",base
0XHv75QJeaM_30000,0XHv75QJeaM,30.0,siren,siren,siren,1,1,v1,0.000,10.000,10.000,Siren,,0,0,,Rain on surface;Siren,base
0XPvk1ZlkBc_30000,0XPvk1ZlkBc,30.0,siren,siren,siren,1,1,v1,0.000,10.000,10.000,Siren,,0,0,speech,Siren;Speech;Vehicle,base
0X_a4On2aN8_190000,0X_a4On2aN8,190.0,background,,,0,0,bg,,,,,Music,0,0,,"Background noise;Bird vocalization, bird call, bird song;Caw;Child speech, kid speaking;Female speech, woman speaking;Music;Roaring cats (lions, tigers)",base
0_8771GBT4k_8000,0_8771GBT4k,8.0,dog_bark,dog_bark,dog_bark,1,1,v1,0.927,1.206,0.279,,Giggle,1,0,,"Animal;Bark;Giggle;Male speech, man speaking;Run;Wind;Wind noise (microphone)",base
0_XFh5-nxQw_30000,0_XFh5-nxQw,30.0,dog_bark,dog_bark,dog_bark,1,1,real,7.230,7.712,0.482,,Music,1,1,,"Bark;Conversation;Dog;Female speech, woman speaking;Growling;Male singing;Male speech, man speaking;Music",base
0a8acU2Svn8_30000,0a8acU2Svn8,30.0,dog_bark,dog_bark,dog_bark,1,1,v1,7.861,8.186,0.325,,,1,0,,Bark;Oink;Rustle,base
0cZqMr2S9LQ_30000,0cZqMr2S9LQ,30.0,background,,,0,0,bg,,,,,Music,0,0,,Background noise;Breathing;Male singing;Music;Tick,base
0kk1DaMIOk8_24000,0kk1DaMIOk8,24.0,glass,glass,glass,1,1,v1,0.000,0.651,0.651,,Music,0,0,,Glass shatter;Male singing;Mechanisms;Music;Spray,base
0lHfKz3kjus_30000,0lHfKz3kjus,30.0,background,,,0,0,bg,,,,,Music,0,0,,Human voice;Music,base
0nRjUf5Dm8o_30000,0nRjUf5Dm8o,30.0,siren,siren,siren,1,1,real,0.000,3.807,3.807,Siren,,0,0,,Background noise;Clicking;Distortion;Generic impact sounds;Siren;Surface contact,base
0nkU1e_kpI0_30000,0nkU1e_kpI0,30.0,glass,glass,glass,1,1,real,5.847,8.202,2.355,,,0,0,,Generic impact sounds;Glass shatter;Mechanisms,base
0ojTL4MmXjQ_1000,0ojTL4MmXjQ,1.0,siren,,siren,0,1,real,0.000,10.000,10.000,"Fire engine, fire truck (siren)",,0,0,,"Air horn, truck horn;Fire engine, fire truck (siren);Male speech, man speaking;Tick",base
0plDocPM9Ig_80000,0plDocPM9Ig,80.0,background,,,0,0,bg,,,,,,0,0,,Generic impact sounds;Toilet flush,base
0rFbcJy7ItQ_140000,0rFbcJy7ItQ,140.0,background,,,0,0,bg,,,,,,0,0,,"Fixed-wing aircraft, airplane",base
0rZnHg698N8_40000,0rZnHg698N8,40.0,glass,glass,glass,1,1,v1,7.758,8.954,1.196,,Music,0,0,,Basketball bounce;Generic impact sounds;Glass shatter;Music;Sound effect;Squeal,base
0ru2YBeeSR8_30000,0ru2YBeeSR8,30.0,background,,,0,0,bg,,,,,,0,0,,"Background noise;Clicking;Generic impact sounds;Gurgling, bubbling;Human voice;Male speech, man speaking;Pump (liquid);Surface contact",base
0seNNGhic7w_30000,0seNNGhic7w,30.0,background,,,0,0,bg,,,,,Music,0,0,,Music,base
0trFZpiWePA_30000,0trFZpiWePA,30.0,background,,,0,0,bg,,,,,,0,0,,"Breathing;Chirp, tweet;Female speech, woman speaking;Generic impact sounds;Mechanisms",base
0upyL0gxVwY_30000,0upyL0gxVwY,30.0,dog_bark,dog_bark,dog_bark,1,1,real,2.378,3.777,1.399,,Laughter,1,0,laughter,"Bark;Generic impact sounds;Laughter;Male speech, man speaking;Wind;Wind noise (microphone)",base
0vyW4uT5HAc_25000,0vyW4uT5HAc,25.0,dog_bark,dog_bark,dog_bark,1,1,real,6.787,7.905,1.118,,,1,0,speech,"Bark;Conversation;Female speech, woman speaking;Male speech, man speaking;Motor vehicle (road);Speech;Vehicle horn, car horn, honking, toot",base
0wm83NXCPW8_30000,0wm83NXCPW8,30.0,background,,,0,0,bg,,,,,Music,0,0,,Effects unit;Music,base
1-2nEjD23_8_30000,1-2nEjD23_8,30.0,dog_bark,dog_bark,dog_bark,1,1,v1,5.911,6.304,0.393,,,1,0,crowd,"Bark;Generic impact sounds;Hubbub, speech noise, speech babble;Mechanisms;Thump, thud",base
100CKdZMyQw_20000,100CKdZMyQw,20.0,glass,glass,glass,1,1,v1,8.227,8.798,0.571,,,0,0,,"Breaking;Generic impact sounds;Glass shatter;Human sounds;Male speech, man speaking;Medium engine (mid frequency);Tap;Tick",base
131FX2gFLiE_30000,131FX2gFLiE,30.0,background,,,0,0,bg,,,,,,0,0,,"Breathing;Conversation;Generic impact sounds;Male speech, man speaking;Mechanisms;Single-lens reflex camera",base
131MJ2VGQkQ_10000,131MJ2VGQkQ,10.0,background,,,0,0,bg,,,,,,0,0,,Mechanisms,base
140KWCnblNQ_30000,140KWCnblNQ,30.0,background,,,0,0,bg,,,,,,0,0,,"Accelerating, revving, vroom;Medium engine (mid frequency)",base
14Qy8kMCJrg_30000,14Qy8kMCJrg,30.0,background,,,0,0,bg,,,,,,0,0,,Heavy engine (low frequency),base
154QbSZVTgw_30000,154QbSZVTgw,30.0,dog_bark,dog_bark,dog_bark,1,1,real,5.986,6.433,0.447,,,1,0,crowd,"Bark;Child speech, kid speaking;Conversation;Hubbub, speech noise, speech babble;Human voice;Water tap, faucet",base
19ObE83JAFw_400000,19ObE83JAFw,400.0,background,,,0,0,bg,,,,,,0,0,,"Fill (with liquid);Male speech, man speaking;Wind",base
1AMNhZS_tGM_70000,1AMNhZS_tGM,70.0,background,,,0,0,bg,,,,,,0,0,,Mechanisms;Single-lens reflex camera;Tick,base
1AP9_sguV7g_150000,1AP9_sguV7g,150.0,background,,,0,0,bg,,,,,,0,0,,"Breathing;Dial tone;Generic impact sounds;Male speech, man speaking;Mechanisms;Surface contact;Tap;Tick;Whispering",base
1ATOT2TZ5Gg_18000,1ATOT2TZ5Gg,18.0,background,,,0,0,bg,,,,,,0,0,speech,"Bird vocalization, bird call, bird song;Coo;Human voice;Speech;Tick;Wind;Wind noise (microphone)",base
1C8Oh2xOkMM_30000,1C8Oh2xOkMM,30.0,scream,scream,scream,1,1,real,6.320,10.000,3.680,,Screaming,0,0,,"Background noise;Male speech, man speaking;Screaming;Wind noise (microphone)",base
1Cbtq-8gOB0_20000,1Cbtq-8gOB0,20.0,scream,,scream,0,1,real,3.609,4.939,1.330,,Music;Screaming,0,0,,"Burst, pop;Music;Screaming;Sound effect",base
1F6Y9-F3KjE_30000,1F6Y9-F3KjE,30.0,background,,,0,0,bg,,,,,,0,0,,"Human voice;Male speech, man speaking;Medium engine (mid frequency);Wind;Wind noise (microphone)",base
1F_HuBvTYNg_40000,1F_HuBvTYNg,40.0,glass,glass,glass,1,1,real,0.000,1.758,1.758,,Music,0,0,,"Breathing;Child speech, kid speaking;Glass shatter;Human sounds;Music;Sound effect",base
1HdduwZ8hYw_0,1HdduwZ8hYw,0.0,glass,glass,glass,1,1,real,2.431,3.008,0.577,,Laughter,0,0,laughter,"Breaking;Generic impact sounds;Glass shatter;Human sounds;Laughter;Male speech, man speaking",base
1Ih7bls7x_o_30000,1Ih7bls7x_o,30.0,dog_bark,dog_bark,,1,0,v1,0.779,1.345,0.566,,,0,1,dog_nonbark,"Clicking;Dog;Male speech, man speaking;Mechanisms;Pant (dog);Tap;Whistle",base
1IxPzUhEuaU_0,1IxPzUhEuaU,0.0,scream,,scream,0,1,real,0.008,5.784,5.776,,Music;Screaming,0,0,,Music;Screaming;Whoop,base
1JNYLJtHR5U_30000,1JNYLJtHR5U,30.0,background,,,0,0,bg,,,,,,0,0,,"Breathing;Female speech, woman speaking;Generic impact sounds;Mechanisms;Snoring",base
1JSzFbQ7bj8_30000,1JSzFbQ7bj8,30.0,background,,,0,0,bg,,,,,,0,0,,"Female speech, woman speaking;Generic impact sounds;Mechanisms",base
1JyUble6Q3s_30000,1JyUble6Q3s,30.0,dog_bark,dog_bark,,1,0,v1,6.228,6.748,0.520,,Laughter,0,1,dog_nonbark;laughter,Animal;Dog;Generic impact sounds;Laughter;Vacuum cleaner,base
1K0Y5IjgHVo_130000,1K0Y5IjgHVo,130.0,siren,,siren,0,1,real,2.683,10.000,7.317,"Fire engine, fire truck (siren)",,0,0,,"Female speech, woman speaking;Fire engine, fire truck (siren);Slam;Truck",base
1KemBbgNbnc_80000,1KemBbgNbnc,80.0,background,,,0,0,bg,,,,,,0,0,,"Female speech, woman speaking;Generic impact sounds;Mechanisms;Tick",base
1M7dZjwQzHU_30000,1M7dZjwQzHU,30.0,dog_bark,dog_bark,dog_bark,1,1,real,9.362,9.646,0.284,,,1,0,,Bark;Truck,base
1NRBl2ahOkg_30000,1NRBl2ahOkg,30.0,glass,glass,glass,1,1,v1,0.670,2.127,1.457,,,0,0,,"Animal;Breaking;Glass shatter;Male speech, man speaking;Sound effect;Video game sound",base
1NzgluE_9lo_0,1NzgluE_9lo,0.0,scream,,scream,0,1,real,3.554,6.409,2.855,,Music;Screaming,0,0,,"Background noise;Female speech, woman speaking;Music;Screaming",base
1ObNcDvNS_s_10000,1ObNcDvNS_s,10.0,background,,,0,0,bg,,,,,,0,0,,Sound effect,base
1PK0s_W9hkM_0,1PK0s_W9hkM,0.0,glass,glass,glass,1,1,real,0.347,2.741,2.394,,,0,0,,Glass shatter;Sound effect,base
1QK5WA4dK4o_400000,1QK5WA4dK4o,400.0,background,,,0,0,bg,,,,,,0,0,,Background noise;Tools,base
1R3jgf9V6pc_30000,1R3jgf9V6pc,30.0,siren,,siren,0,1,real,0.000,10.000,10.000,Civil defense siren,,0,0,,"Civil defense siren;Generic impact sounds;Male speech, man speaking;Mechanisms;Tick",base
1RhW8RTnR7M_30000,1RhW8RTnR7M,30.0,background,,,0,0,bg,,,,,Music,0,0,,Music,base
1ULZm51i1lo_30000,1ULZm51i1lo,30.0,dog_bark,dog_bark,dog_bark,1,1,real,8.011,8.208,0.197,,,1,0,,"Animal;Bark;Heavy engine (low frequency);Male speech, man speaking",base
1UgNqviEgHI_50000,1UgNqviEgHI,50.0,background,,,0,0,bg,,,,,,0,0,,"Chicken, rooster;Cluck;Generic impact sounds;Mechanisms;Tick",base
1V8cFBlRSOQ_30000,1V8cFBlRSOQ,30.0,dog_bark,dog_bark,dog_bark,1,1,v1,2.791,3.517,0.726,,,1,0,,"Bark;Chirp, tweet;Female speech, woman speaking;Generic impact sounds;Human voice;Male speech, man speaking;Mechanisms;Motor vehicle (road);Wind;Wind noise (microphone)",base
1VVr6_KQGwc_30000,1VVr6_KQGwc,30.0,background,,,0,0,bg,,,,,Giggle,0,0,,"Cat;Generic impact sounds;Giggle;Human voice;Water tap, faucet",base
1W4lukZl_c0_30000,1W4lukZl_c0,30.0,dog_bark,dog_bark,dog_bark,1,1,real,3.900,5.536,1.636,,Laughter,1,0,laughter,"Bark;Female speech, woman speaking;Gasp;Generic impact sounds;Human voice;Laughter;Mechanisms",base
1YaHOFT2bLQ_30000,1YaHOFT2bLQ,30.0,siren,,siren,0,1,real,0.000,10.000,10.000,Police car (siren),,0,0,,"Generic impact sounds;Motorcycle;Police car (siren);Tick;Traffic noise, roadway noise",base
1ZHOxTufGXM_30000,1ZHOxTufGXM,30.0,background,,,0,0,bg,,,,,,0,0,,Clicking;Mechanisms;Mouse,base
1_rR6tMQRDI_0,1_rR6tMQRDI,0.0,background,,,0,0,bg,,,,,,0,0,,"Generic impact sounds;Mechanisms;Tick;Wail, moan;Wind",base
1aoIzUihYmA_30000,1aoIzUihYmA,30.0,dog_bark,dog_bark,dog_bark,1,1,v1,1.332,2.471,1.139,,,1,0,,"Bark;Conversation;Generic impact sounds;Male speech, man speaking;Rustle;Walk, footsteps;Wind",base
1bdf3LfYeQk_6000,1bdf3LfYeQk,6.0,background,,,0,0,bg,,,,,,0,0,,Mechanisms;Paper rustling;Shuffling cards,base
1dAbJg2fWok_30000,1dAbJg2fWok,30.0,scream,scream,scream,1,1,real,0.000,10.000,10.000,,Screaming,0,0,,Screaming,base
1e2sR7g7E8o_40000,1e2sR7g7E8o,40.0,background,,,0,0,bg,,,,,Music,0,0,,Female singing;Music,base
1fF92rum28c_0,1fF92rum28c,0.0,glass,glass,glass,1,1,v1,2.903,5.652,2.749,,Music,0,0,,Glass shatter;Music,base
1fGqrFRMknY_30000,1fGqrFRMknY,30.0,scream,,scream,0,1,real,6.259,7.556,1.297,,Crowd;Music;Screaming;Shout,0,0,crowd,Crowd;Music;Screaming;Shout;Whoop,base
1flS37Vooq0_30000,1flS37Vooq0,30.0,background,,,0,0,bg,,,,,,0,0,,"Conversation;Female speech, woman speaking;Generic impact sounds;Male speech, man speaking;Squeal;Water;Whoop",base
1hQ6x_rFJNw_30000,1hQ6x_rFJNw,30.0,scream,,scream,0,1,real,0.000,0.449,0.449,,Music;Screaming,0,0,crowd,"Female speech, woman speaking;Hubbub, speech noise, speech babble;Male singing;Music;Screaming",base
1hplaypGTP8_30000,1hplaypGTP8,30.0,background,,,0,0,bg,,,,,,0,0,speech;crowd,"Hammer;Hubbub, speech noise, speech babble;Male speech, man speaking;Mechanisms;Speech",base
1iR3f7Z1nys_20000,1iR3f7Z1nys,20.0,background,,,0,0,bg,,,,,,0,0,glass_nonshatter,"Fill (with liquid);Glass chink, clink;Mechanisms",base
1mm09kC1HW0_30000,1mm09kC1HW0,30.0,background,,,0,0,bg,,,,,Music,0,0,,"Female singing;Generic impact sounds;Human voice;Male speech, man speaking;Music;Surface contact",base
1mrn02mv9IA_30000,1mrn02mv9IA,30.0,background,,,0,0,bg,,,,,Cheering;Crowd,0,0,crowd,"Cheering;Crowd;Female speech, woman speaking",base
1n-XrRruUVc_27000,1n-XrRruUVc,27.0,background,,,0,0,bg,,,,,,0,0,,Clicking;Generic impact sounds;Mechanisms;Tick,base
1ngGaYIzvsU_230000,1ngGaYIzvsU,230.0,background,,,0,0,bg,,,,,,0,0,,"Human sounds;Male speech, man speaking;Sine wave",base
1o-N0LvsQC4_20000,1o-N0LvsQC4,20.0,background,,,0,0,bg,,,,,,0,0,,Croak;Generic impact sounds;Mechanisms,base
1qdBXxm2M-I_330000,1qdBXxm2M-I,330.0,scream,,scream,0,1,real,1.282,4.258,2.976,,Music;Screaming,0,0,,"Female speech, woman speaking;Generic impact sounds;Male speech, man speaking;Music;Screaming",base
1sxdvU7LFvQ_290000,1sxdvU7LFvQ,290.0,siren,siren,siren,1,1,v1,7.833,10.000,2.167,Siren,,0,0,,"Background noise;Breathing;Brief tone;Fire alarm;Male speech, man speaking;Siren;Tick",base
1tqoU0HlCX4_60000,1tqoU0HlCX4,60.0,background,,,0,0,bg,,,,,,0,0,,"Bird;Male speech, man speaking",base
1tzKca1IJ-w_130000,1tzKca1IJ-w,130.0,glass,glass,glass,1,1,real,1.913,5.394,3.481,,Music,0,0,,"Glass chink, clink;Glass shatter;Male speech, man speaking;Music",base
1uHZ9pl_lJI_18000,1uHZ9pl_lJI,18.0,background,,,0,0,bg,,,,,Laughter;Music,0,0,crowd;laughter,"Hubbub, speech noise, speech babble;Human voice;Laughter;Male speech, man speaking;Music;Tap dance",base
1v0_2ehoTh4_30000,1v0_2ehoTh4,30.0,background,,,0,0,bg,,,,,Laughter;Music,0,0,laughter,"Breathing;Chop;Generic impact sounds;Laughter;Male speech, man speaking;Music;Surface contact;Tick;Wind;Wind noise (microphone)",base
1vibZbgfJjo_20000,1vibZbgfJjo,20.0,background,,,0,0,bg,,,,,,0,0,,"Babbling;Background noise;Breathing;Female speech, woman speaking;Generic impact sounds",base
1w1EVk52A1k_30000,1w1EVk52A1k,30.0,dog_bark,dog_bark,dog_bark,1,1,real,3.241,4.546,1.305,,,1,0,,"Bark;Growling;Splash, splatter;Water;Wind",base
1wTZxKDLorg_0,1wTZxKDLorg,0.0,background,,,0,0,bg,,,,,,0,0,,"Arrow;Conversation;Generic impact sounds;Insect;Male speech, man speaking;Tick;Wind noise (microphone)",base
1wwmqmxdlSw_30000,1wwmqmxdlSw,30.0,glass,glass,glass,1,1,v1,9.120,10.000,0.880,,,0,0,,"Brief tone;Female speech, woman speaking;Generic impact sounds;Glass chink, clink;Glass shatter;Mechanisms;Tick",base
1xXFh-z674c_0,1xXFh-z674c,0.0,background,,,0,0,bg,,,,,,0,0,,"Conversation;Female speech, woman speaking;Generic impact sounds;Male speech, man speaking;Mechanisms;Water;Water tap, faucet",base
1y-9kCzT_9Q_0,1y-9kCzT_9Q,0.0,scream,scream,,1,0,v1,3.760,5.586,1.826,,Shout,0,0,,Mechanisms;Shout;Tick,base
1y15UwkcUBs_30000,1y15UwkcUBs,30.0,dog_bark,dog_bark,,1,0,v1,0.579,1.615,1.036,,,0,1,dog_nonbark,"Breathing;Dog;Female speech, woman speaking;Generic impact sounds;Human voice;Mechanisms;Whimper (dog)",base
1yhrQ90Dc3A_30000,1yhrQ90Dc3A,30.0,glass,glass,glass,1,1,v1,7.803,8.668,0.865,,Laughter,0,0,laughter,"Breathing;Conversation;Fire;Generic impact sounds;Glass shatter;Laughter;Male speech, man speaking;Stream, river;Tick;Walk, footsteps;Wind",base
1zJ2lfNsTRk_30000,1zJ2lfNsTRk,30.0,background,,,0,0,bg,,,,,,0,0,,"Background noise;Generic impact sounds;Human voice;Male speech, man speaking;Tick;Wind noise (microphone)",base
2-cris4lPOA_0,2-cris4lPOA,0.0,dog_bark,dog_bark,dog_bark,1,1,real,9.615,9.819,0.204,,,1,0,,Bark;Caw;Fireworks;Human voice;Mechanisms,base
206Sai1pBVw_0,206Sai1pBVw,0.0,background,,,0,0,bg,,,,,,0,0,,"Air brake;Tick;Tire squeal, skidding;Traffic noise, roadway noise;Wind;Wind noise (microphone)",base
22HcqPTB1mM_10000,22HcqPTB1mM,10.0,background,,,0,0,bg,,,,,,0,0,crying,"Crying, sobbing;Generic impact sounds;Male speech, man speaking;Mechanisms;Tick;Wind",base
236yPfGGCZg_25000,236yPfGGCZg,25.0,dog_bark,dog_bark,dog_bark,1,1,real,4.331,4.591,0.260,,,1,0,,Background noise;Bark;Generic impact sounds;Human voice;Moo,base
2432dxrsvs0_10000,2432dxrsvs0,10.0,dog_bark,dog_bark,,1,0,v1,6.267,10.000,3.733,,,0,1,dog_nonbark,Background noise;Dog;Human voice,base
24Qn65Eliz0_40000,24Qn65Eliz0,40.0,scream,,scream,0,1,real,3.321,5.361,2.040,,Laughter;Screaming,0,0,crowd;laughter,"Female speech, woman speaking;Hubbub, speech noise, speech babble;Laughter;Male speech, man speaking;Screaming",base
25gyqeAYoYg_0,25gyqeAYoYg,0.0,dog_bark,dog_bark,dog_bark,1,1,real,7.865,8.329,0.464,,Music,1,1,,Background noise;Bark;Dog;Mechanisms;Music;Skateboard;Tick,base
27lYMGDot1s_0,27lYMGDot1s,0.0,siren,,siren,0,1,real,6.373,10.000,3.627,Ambulance (siren),Music,0,0,,"Ambulance (siren);Car;Generic impact sounds;Male speech, man speaking;Music;Tick;Wind;Wind noise (microphone)",base
28CfWJofCWs_30000,28CfWJofCWs,30.0,scream,scream,,1,0,v1,0.000,1.224,1.224,,Shout,0,0,crowd,"Generic impact sounds;Hubbub, speech noise, speech babble;Shout;Traffic noise, roadway noise;Wind",base
2AuQN-_PqNo_21000,2AuQN-_PqNo,21.0,scream,,scream,0,1,real,0.000,2.555,2.555,,Laughter;Screaming,0,0,laughter,Background noise;Caterwaul;Laughter;Screaming,base
2B-3pYZItLs_180000,2B-3pYZItLs,180.0,dog_bark,dog_bark,dog_bark,1,1,real,8.173,8.731,0.558,,,1,1,,"Background noise;Bark;Dog;Female speech, woman speaking;Generic impact sounds;Human voice",base
2B8I8v1jMHc_220000,2B8I8v1jMHc,220.0,background,,,0,0,bg,,,,,Music,0,0,,"Door;Generic impact sounds;Male speech, man speaking;Mechanisms;Music",base
2BoLqqNuqwA_30000,2BoLqqNuqwA,30.0,background,,,0,0,bg,,,,,Music,0,0,,"Breathing;Female speech, woman speaking;Music",base
2DKRKGcxnEU_30000,2DKRKGcxnEU,30.0,siren,,siren,0,1,real,2.128,4.853,2.725,Police car (siren),Music,0,0,speech,Motor vehicle (road);Music;Police car (siren);Speech;Wind,base
2Glxh5tESSo_30000,2Glxh5tESSo,30.0,dog_bark,dog_bark,,1,0,v1,9.220,9.472,0.252,,Laughter;Music,0,1,dog_nonbark;laughter,"Animal;Dog;Female speech, woman speaking;Laughter;Male speech, man speaking;Music;Yip",base
2ISa3HmEvuo_30000,2ISa3HmEvuo,30.0,glass,glass,glass,1,1,v1,4.026,5.004,0.978,,Music,0,0,,"Background noise;Breathing;Generic impact sounds;Glass shatter;Male speech, man speaking;Music;Walk, footsteps",base
2IgmMApFfTc_30000,2IgmMApFfTc,30.0,scream,,scream,0,1,real,0.249,1.979,1.730,,Laughter;Screaming,0,0,laughter,"Breathing;Conversation;Female speech, woman speaking;Generic impact sounds;Gush;Human voice;Laughter;Male speech, man speaking;Screaming",base
2Iy5umNshug_60000,2Iy5umNshug,60.0,siren,siren,siren,1,1,v1,3.291,6.108,2.817,Siren,,0,0,speech;crying,"Air brake;Background noise;Crying, sobbing;Emergency vehicle;Siren;Speech",base
2KAXiIYmv54_80000,2KAXiIYmv54,80.0,background,,,0,0,bg,,,,,,0,0,,Background noise;Breathing;Snoring,base
2KLI8OG8HVo_30000,2KLI8OG8HVo,30.0,background,,,0,0,bg,,,,,,0,0,,"Accelerating, revving, vroom;Motorcycle;Vehicle horn, car horn, honking, toot",base
2KSST-I4Fj8_30000,2KSST-I4Fj8,30.0,background,,,0,0,bg,,,,,,0,0,,Background noise;Generic impact sounds;Human voice;Stomach rumble,base
2LFkHY__MKQ_280000,2LFkHY__MKQ,280.0,scream,scream,scream,1,1,v1,3.136,5.925,2.789,,Screaming,0,0,,"Background noise;Breathing;Child speech, kid speaking;Conversation;Screaming",base
2LQyLFUcPzM_170000,2LQyLFUcPzM,170.0,background,,,0,0,bg,,,,,,0,0,,Mechanisms,base
2MKEzHp2ggo_30000,2MKEzHp2ggo,30.0,siren,,siren,0,1,real,0.000,10.000,10.000,Civil defense siren,,0,0,,Civil defense siren,base
2OPjOBjf--E_30000,2OPjOBjf--E,30.0,background,,,0,0,bg,,,,,,0,0,,"Background noise;Breathing;Generic impact sounds;Human sounds;Male speech, man speaking;Walk, footsteps",base
2P-faHJs-1g_27000,2P-faHJs-1g,27.0,scream,,scream,0,1,real,4.366,4.721,0.355,,Laughter;Music;Screaming,0,0,laughter,"Child speech, kid speaking;Conversation;Generic impact sounds;Human voice;Laughter;Male speech, man speaking;Music;Screaming",base
2QYxzceJD0s_50000,2QYxzceJD0s,50.0,background,,,0,0,bg,,,,,,0,0,,"Breathing;Generic impact sounds;Male speech, man speaking;Mechanisms;Thump, thud;Tick;Wind noise (microphone)",base
2SfiNxoZzQY_0,2SfiNxoZzQY,0.0,dog_bark,dog_bark,dog_bark,1,1,v1,0.000,1.316,1.316,,,1,1,,"Background noise;Bark;Dog;Generic impact sounds;Human voice;Male speech, man speaking;Surface contact;Tick",base
2TRJ8qm1FUg_30000,2TRJ8qm1FUg,30.0,background,,,0,0,bg,,,,,Music,0,0,,"Male singing;Male speech, man speaking;Music;Telephone bell ringing",base
2TsRyytlQww_70000,2TsRyytlQww,70.0,scream,,scream,0,1,real,6.010,7.866,1.856,,Cheering;Music;Screaming,0,0,crowd,Artillery fire;Cheering;Explosion;Female singing;Male singing;Music;Screaming,base
2UvnbFaYuPg_30000,2UvnbFaYuPg,30.0,background,,,0,0,bg,,,,,,0,0,,"Background noise;Camera;Female speech, woman speaking;Male speech, man speaking",base
2Vj4oUztgME_170000,2Vj4oUztgME,170.0,scream,scream,scream,1,1,real,0.000,5.401,5.401,,Screaming,0,0,,"Breathing;Male speech, man speaking;Mechanisms;Screaming",base
2XQgWhslo6s_21000,2XQgWhslo6s,21.0,background,,,0,0,bg,,,,,,0,0,,"Baby laughter;Breathing;Chirp, tweet;Female speech, woman speaking;Gasp;Generic impact sounds;Human voice;Wind",base
2XT5heCwI9E_10000,2XT5heCwI9E,10.0,background,,,0,0,bg,,,,,Crowd;Music,0,0,crowd,Crowd;Male singing;Music,base
2YYR-keA3y0_30000,2YYR-keA3y0,30.0,background,,,0,0,bg,,,,,Music,0,0,,Female singing;Male singing;Music,base
2YYX-CZfVrU_30000,2YYX-CZfVrU,30.0,dog_bark,dog_bark,dog_bark,1,1,real,7.478,7.874,0.396,,,1,0,,Bark;Mechanisms,base
2ZPB46M2XX0_30000,2ZPB46M2XX0,30.0,background,,,0,0,bg,,,,,,0,0,,Background noise;Car;Engine starting;Generic impact sounds,base
2Z_v9tnXd5k_10000,2Z_v9tnXd5k,10.0,siren,siren,siren,1,1,v1,0.000,6.945,6.945,Siren,,0,0,,Background noise;Generic impact sounds;Siren;Wind noise (microphone),base
2_5vZbYo_n8_160000,2_5vZbYo_n8,160.0,background,,,0,0,bg,,,,,Music,0,0,,"Background noise;Male speech, man speaking;Music",base
2anQA74mo7Y_130000,2anQA74mo7Y,130.0,background,,,0,0,bg,,,,,,0,0,,"Female speech, woman speaking;Generic impact sounds;Human voice;Male speech, man speaking;Mechanisms;Roll",base
2b0sK547IWM_30000,2b0sK547IWM,30.0,background,,,0,0,bg,,,,,Giggle,0,0,,"Child speech, kid speaking;Conversation;Generic impact sounds;Giggle;Human voice;Male speech, man speaking;Mechanisms",base
2di6fILwFYc_30000,2di6fILwFYc,30.0,dog_bark,dog_bark,dog_bark,1,1,v1,3.211,4.227,1.016,,,1,0,,"Background noise;Bark;Male speech, man speaking",base
2e2kXN0-lFo_0,2e2kXN0-lFo,0.0,scream,scream,,1,0,v1,3.515,7.122,3.607,,Shout,0,0,,"Background noise;Battle cry;Female speech, woman speaking;Male speech, man speaking;Shout",base
2e39TNU5wJo_60000,2e39TNU5wJo,60.0,background,,,0,0,bg,,,,,,0,0,,"Background noise;Breathing;Female speech, woman speaking;Human voice;Male speech, man speaking;Tap;Television;Walk, footsteps",base
2fF-DBzkjZY_290000,2fF-DBzkjZY,290.0,glass,glass,glass,1,1,v1,7.117,10.000,2.883,,Music,0,0,,"Glass shatter;Human sounds;Music;Walk, footsteps;Whack, thwack",base
2fTkFy2q_oA_30000,2fTkFy2q_oA,30.0,dog_bark,dog_bark,,1,0,v1,2.061,3.306,1.245,,,0,1,dog_nonbark,Dog;Generic impact sounds;Pant (dog);Tick;Wind;Wind noise (microphone),base
2fZBFXGdN8c_30000,2fZBFXGdN8c,30.0,scream,scream,,1,0,v1,0.688,1.175,0.487,,Shout,0,0,,Aircraft engine;Human voice;Shout;Tick,base
2fegAHjJFBU_200000,2fegAHjJFBU,200.0,dog_bark,dog_bark,dog_bark,1,1,real,6.965,7.399,0.434,,Laughter;Shout,1,1,laughter,Background noise;Bark;Breathing;Dog;Generic impact sounds;Human sounds;Laughter;Shout;Surface contact;Tap,base
2g-bBkXzK0E_30000,2g-bBkXzK0E,30.0,dog_bark,dog_bark,dog_bark,1,1,real,2.707,3.293,0.586,,,1,0,,"Bark;Child speech, kid speaking;Generic impact sounds;Male speech, man speaking;Mechanisms",base
2gglio4c-HY_470000,2gglio4c-HY,470.0,background,,,0,0,bg,,,,,Music,0,0,,Background noise;Music,base
2h-8kylecs0_30000,2h-8kylecs0,30.0,background,,,0,0,bg,,,,,Music,0,0,,Female singing;Music,base
2iaaatUW0hs_0,2iaaatUW0hs,0.0,glass,glass,glass,1,1,v1,8.421,9.537,1.116,,Music,0,0,,"Glass shatter;Male speech, man speaking;Music;Noise",base
2jDuOXAIv0c_30000,2jDuOXAIv0c,30.0,background,,,0,0,bg,,,,,Music,0,0,,Chant;Music,base
2jRQo6na2-g_160000,2jRQo6na2-g,160.0,siren,siren,siren,1,1,v1,7.823,10.000,2.177,Siren,Music,0,0,,Male singing;Mechanisms;Music;Siren;Tick,base
2jb-E_aCsck_30000,2jb-E_aCsck,30.0,glass,glass,glass,1,1,real,5.107,6.244,1.137,,,0,0,,"Glass shatter;Male speech, man speaking;Sound effect;Video game sound;Walk, footsteps",base
2je_d-3I0OY_60000,2je_d-3I0OY,60.0,glass,glass,glass,1,1,real,2.566,3.469,0.903,,,0,0,,"Background noise;Breathing;Crumpling, crinkling;Generic impact sounds;Glass shatter;Tick",base
2kfHkrqiaKs_30000,2kfHkrqiaKs,30.0,scream,,scream,0,1,real,6.090,10.000,3.910,,Crowd;Music;Screaming;Shout,0,0,crowd,"Crowd;Female speech, woman speaking;Male singing;Male speech, man speaking;Music;Screaming;Shout",base
2mrA762O4f4_6000,2mrA762O4f4,6.0,scream,scream,scream,1,1,real,0.000,3.565,3.565,,Screaming,0,0,,"Female speech, woman speaking;Generic impact sounds;Male speech, man speaking;Screaming",base
2o85ZTi_tsk_0,2o85ZTi_tsk,0.0,glass,glass,glass,1,1,v1,1.231,2.629,1.398,,,0,0,,Background noise;Glass shatter,base
2oKQdQyXFO0_180000,2oKQdQyXFO0,180.0,dog_bark,dog_bark,dog_bark,1,1,real,6.766,7.683,0.917,,,1,1,,Background noise;Bark;Dog;Generic impact sounds;Growling;Mechanisms;Scrape;Yip,base
2oKcWN3IMA0_30000,2oKcWN3IMA0,30.0,background,,,0,0,bg,,,,,,0,0,,"Background noise;Breathing;Male speech, man speaking",base
2qUPYJxT6oI_170000,2qUPYJxT6oI,170.0,background,,,0,0,bg,,,,,Music,0,0,,"Child speech, kid speaking;Conversation;Female speech, woman speaking;Human voice;Male singing;Mechanisms;Music;Sound effect",base
2rHYKhi7Fbo_30000,2rHYKhi7Fbo,30.0,glass,glass,glass,1,1,v1,0.000,1.934,1.934,,,0,0,,"Background noise;Breathing;Ding;Female speech, woman speaking;Glass shatter;Sound effect;Tick",base
2s5ZCc98vHM_8000,2s5ZCc98vHM,8.0,scream,,scream,0,1,real,7.097,8.576,1.479,,Laughter;Screaming,0,0,laughter,"Breathing;Bus;Female speech, woman speaking;Generic impact sounds;Human voice;Laughter;Male speech, man speaking;Motor vehicle (road);Screaming",base
2sgD10vYVJc_15000,2sgD10vYVJc,15.0,background,,,0,0,bg,,,,,Music,0,0,,"Caw;Generic impact sounds;Gunshot, gunfire;Music;Sound effect;Video game sound;Whoosh, swoosh, swish;Wind",base
2swvx975qSY_0,2swvx975qSY,0.0,background,,,0,0,bg,,,,,,0,0,,"Background noise;Chirp, tweet;Clip-clop;Generic impact sounds;Male speech, man speaking;Snort (horse);Tick",base
2u4iFJod-qo_20000,2u4iFJod-qo,20.0,background,,,0,0,bg,,,,,,0,0,,"Background noise;Bird vocalization, bird call, bird song;Breathing;Human sounds;Male speech, man speaking;Stream, river;Tick;Wind",base
2vBoceh6Au4_30000,2vBoceh6Au4,30.0,background,,,0,0,bg,,,,,,0,0,speech,"Background noise;Conversation;Female speech, woman speaking;Generic impact sounds;Human sounds;Male speech, man speaking;Speech",base
2wDiDVNdFW8_360000,2wDiDVNdFW8,360.0,glass,glass,glass,1,1,v1,9.942,10.000,0.058,,,0,0,,Glass shatter;Mechanisms;Tick,base
2wgfjXy-Yh8_30000,2wgfjXy-Yh8,30.0,dog_bark,dog_bark,,1,0,v1,2.967,3.523,0.556,,,0,1,dog_nonbark,"Breathing;Dog;Female speech, woman speaking;Howl;Human sounds;Mechanisms;Tick",base
2wiLwOhutTs_60000,2wiLwOhutTs,60.0,scream,scream,scream,1,1,real,1.719,3.823,2.104,,Screaming,0,0,,Human voice;Screaming;Sound effect,base
2wiP2B5SFYc_180000,2wiP2B5SFYc,180.0,background,,,0,0,bg,,,,,,0,0,,"Accelerating, revving, vroom;Bus",base
2x-5-_1M2OU_0,2x-5-_1M2OU,0.0,glass,glass,glass,1,1,v1,2.526,3.117,0.591,,,0,0,,"Background noise;Beep, bleep;Busy signal;Generic impact sounds;Glass shatter;Mechanisms",base
2zxbvBWYJgo_6000,2zxbvBWYJgo,6.0,dog_bark,dog_bark,dog_bark,1,1,real,4.271,5.598,1.327,,,1,0,,"Bark;Bird vocalization, bird call, bird song;Tap;Wind",base
30PqTkuelgE_320000,30PqTkuelgE,320.0,background,,,0,0,bg,,,,,Music,0,0,,Male singing;Music,base
31ne4EniQLo_30000,31ne4EniQLo,30.0,background,,,0,0,bg,,,,,,0,0,,"Breathing;Male speech, man speaking;Mechanisms",base
33fUVOXlAtk_150000,33fUVOXlAtk,150.0,background,,,0,0,bg,,,,,Clapping,0,0,,"Breathing;Child speech, kid speaking;Chirp, tweet;Clapping;Female singing;Mechanisms;Motor vehicle (road);Tap;Vehicle horn, car horn, honking, toot",base
35IrAas7waA_90000,35IrAas7waA,90.0,background,,,0,0,bg,,,,,Music,0,0,,Ding-dong;Music;Sound effect,base
35XTSlxOXc0_30000,35XTSlxOXc0,30.0,background,,,0,0,bg,,,,,Music,0,0,,Breathing;Male singing;Music,base
36afHU7dS2I_30000,36afHU7dS2I,30.0,dog_bark,dog_bark,,1,0,v1,5.437,6.834,1.397,,,0,1,dog_nonbark,Breathing;Dog;Human sounds;Mechanisms,base
3B6PZGeT2J8_20000,3B6PZGeT2J8,20.0,siren,,siren,0,1,real,0.000,9.936,9.936,Civil defense siren,,0,0,,"Civil defense siren;Male speech, man speaking;Rain on surface;Wind;Wind noise (microphone)",base
3BbjWM5htKY_260000,3BbjWM5htKY,260.0,glass,glass,glass,1,1,real,4.559,5.661,1.102,,,0,0,,"Generic impact sounds;Glass shatter;Machine gun;Run;Sound effect;Video game sound;Walk, footsteps",base
3E1WCBxqrE4_30000,3E1WCBxqrE4,30.0,glass,glass,glass,1,1,real,0.000,4.029,4.029,,Music,0,0,,Glass shatter;Music;Sound effect;Video game sound,base
3JUfBqcy2gU_30000,3JUfBqcy2gU,30.0,dog_bark,dog_bark,dog_bark,1,1,real,4.622,5.742,1.120,,,1,0,crowd,"Bark;Generic impact sounds;Hubbub, speech noise, speech babble;Male speech, man speaking;Mechanisms",base
3LVhviCWRPk_30000,3LVhviCWRPk,30.0,scream,,scream,0,1,real,3.156,3.911,0.755,,Music;Screaming,0,0,,"Female singing;Female speech, woman speaking;Male speech, man speaking;Music;Screaming;Tick;Whistling",base
3L_QdYwc1c0_140000,3L_QdYwc1c0,140.0,glass,glass,glass,1,1,v1,0.106,1.585,1.479,,Music,0,0,,"Glass shatter;Male speech, man speaking;Music",base
3MY-e55ffX0_120000,3MY-e55ffX0,120.0,background,,,0,0,bg,,,,,,0,0,,"Background noise;Chewing, mastication;Crunch",base
3PQqRz1jZXI_30000,3PQqRz1jZXI,30.0,background,,,0,0,bg,,,,,Music,0,0,,"Human voice;Music;Video game sound;Whack, thwack",base
3QibDiritdU_120000,3QibDiritdU,120.0,glass,glass,glass,1,1,v1,8.537,9.989,1.452,,Laughter,0,0,laughter,"Generic impact sounds;Glass shatter;Laughter;Male speech, man speaking;Mechanisms;Sound effect",base
3TmlnYCDGqU_170000,3TmlnYCDGqU,170.0,scream,,scream,0,1,real,4.567,6.866,2.299,,Music;Screaming,0,0,,"Bird vocalization, bird call, bird song;Generic impact sounds;Male speech, man speaking;Music;Screaming;Sound effect",base
3UAvkNVtoak_10000,3UAvkNVtoak,10.0,glass,glass,glass,1,1,real,0.567,2.126,1.559,,,0,0,,"Breathing;Explosion;Glass shatter;Male speech, man speaking;Sound effect",base
3V4NtS50ptI_60000,3V4NtS50ptI,60.0,siren,siren,siren,1,1,v1,1.855,10.000,8.145,Siren,,0,0,,"Male speech, man speaking;Mechanisms;Siren",base
3VtNy5_mCws_30000,3VtNy5_mCws,30.0,background,,,0,0,bg,,,,,Music,0,0,,Male singing;Music,base
3WVy7GY5udw_360000,3WVy7GY5udw,360.0,background,,,0,0,bg,,,,,,0,0,,"Breathing;Computer keyboard;Male speech, man speaking",base
3Wf4O3jBlS0_13000,3Wf4O3jBlS0,13.0,dog_bark,dog_bark,,1,0,v1,9.037,9.646,0.609,,,0,1,dog_nonbark,"Bird vocalization, bird call, bird song;Dog;Mechanisms;Tick",base
3Z3XrY_NQpI_30000,3Z3XrY_NQpI,30.0,scream,scream,,1,0,v1,0.718,1.326,0.608,,Shout,0,0,,Generic impact sounds;Human voice;Shout;Tick;Video game sound,base
3a1HU_wrFdU_30000,3a1HU_wrFdU,30.0,dog_bark,dog_bark,dog_bark,1,1,real,3.604,3.872,0.268,,Music,1,0,,Bark;Music;Synthetic singing;Wind,base
3b050wN4HkE_30000,3b050wN4HkE,30.0,dog_bark,dog_bark,,1,0,v1,9.432,10.000,0.568,,Laughter,0,1,dog_nonbark;laughter,"Background noise;Breathing;Dog;Female speech, woman speaking;Laughter",base
3bFkRegmgak_30000,3bFkRegmgak,30.0,background,,,0,0,bg,,,,,,0,0,,"Accelerating, revving, vroom;Background noise;Generic impact sounds;Medium engine (mid frequency)",base
3bghjgcp4VA_19000,3bghjgcp4VA,19.0,glass,glass,glass,1,1,real,6.707,7.261,0.554,,,0,0,,"Female speech, woman speaking;Generic impact sounds;Glass shatter;Machine gun;Male speech, man speaking;Mechanisms;Sound effect",base
3eARk5KMbcw_220000,3eARk5KMbcw,220.0,background,,,0,0,bg,,,,,Music,0,0,,"Accelerating, revving, vroom;Generic impact sounds;Male speech, man speaking;Motorcycle;Music",base
3ecu7xdi4Vg_29000,3ecu7xdi4Vg,29.0,dog_bark,dog_bark,dog_bark,1,1,real,2.391,2.778,0.387,,,1,0,,"Bark;Bell;Bird vocalization, bird call, bird song;Clip-clop;Generic impact sounds;Horse;Human voice;Tick;Wind",base
3g-a1CPeAjI_30000,3g-a1CPeAjI,30.0,dog_bark,dog_bark,,1,0,v1,3.590,5.279,1.689,,,0,1,dog_nonbark,Dog;Mechanisms;Pant (dog);Surface contact,base
3hVKyz1nHiY_30000,3hVKyz1nHiY,30.0,background,,,0,0,bg,,,,,Music,0,0,,Music;Video game sound,base
3hdrzvmza88_40000,3hdrzvmza88,40.0,glass,glass,glass,1,1,real,1.972,3.470,1.498,,,0,0,,"Background noise;Glass shatter;Tap;Whack, thwack",base
3jH_pyOhBPk_30000,3jH_pyOhBPk,30.0,siren,,siren,0,1,real,0.000,10.000,10.000,Police car (siren),,0,0,,Generic impact sounds;Mechanisms;Police car (siren),base
3jbzKzTDUxE_90000,3jbzKzTDUxE,90.0,scream,,scream,0,1,real,7.268,8.835,1.567,,Music;Screaming;Shout,0,0,,Male singing;Music;Screaming;Shout,base
3lpxgHMJRWE_340000,3lpxgHMJRWE,340.0,background,,,0,0,bg,,,,,,0,0,,"Background noise;Breathing;Male speech, man speaking;Sewing machine",base
3ltlqDkuLXU_30000,3ltlqDkuLXU,30.0,background,,,0,0,bg,,,,,,0,0,,"Accelerating, revving, vroom;Male speech, man speaking;Motorcycle;Noise;Television",base
3m4sWT33ihU_30000,3m4sWT33ihU,30.0,background,,,0,0,bg,,,,,Music,0,0,,"Breathing;Cat;Female speech, woman speaking;Generic impact sounds;Human sounds;Mechanisms;Music;Tick",base
3mLmvKG6EOQ_260000,3mLmvKG6EOQ,260.0,background,,,0,0,bg,,,,,Applause;Cheering,0,0,crowd,"Applause;Cheering;Male speech, man speaking",base
3oHKKQIp7Ag_30000,3oHKKQIp7Ag,30.0,scream,scream,,1,0,v1,6.386,7.016,0.630,,Shout,0,0,crowd,"Female speech, woman speaking;Hubbub, speech noise, speech babble;Human voice;Mechanisms;Neigh, whinny;Shout",base
3pxjKUW9tH4_30000,3pxjKUW9tH4,30.0,dog_bark,dog_bark,dog_bark,1,1,v1,9.303,9.763,0.460,,,1,0,,"Bark;Female speech, woman speaking;Generic impact sounds;Mechanisms;Squeal;Thump, thud",base
3qCf8wct2pc_0,3qCf8wct2pc,0.0,glass,glass,glass,1,1,real,6.653,9.253,2.600,,Music,0,0,,Generic impact sounds;Glass shatter;Music,base
3qSOYRm2heY_420000,3qSOYRm2heY,420.0,background,,,0,0,bg,,,,,,0,0,,"Male speech, man speaking;Medium engine (mid frequency);Slam;Tick;Wind;Wind noise (microphone)",base
3qpNZkxd-OA_30000,3qpNZkxd-OA,30.0,dog_bark,dog_bark,dog_bark,1,1,real,4.703,5.260,0.557,,,1,0,,"Bark;Beep, bleep;Engine starting;Medium engine (mid frequency);Tick;Wind",base
3sSblRfEG2o_20000,3sSblRfEG2o,20.0,dog_bark,dog_bark,dog_bark,1,1,real,3.488,4.164,0.676,,,1,0,,"Arrow;Background noise;Bark;Male speech, man speaking",base
3tRHKIVsLj8_180000,3tRHKIVsLj8,180.0,glass,glass,glass,1,1,real,1.711,4.114,2.403,,Music,0,0,,"Female speech, woman speaking;Glass shatter;Hammer;Music;Sound effect",base
3uTU95L0F_E_10000,3uTU95L0F_E,10.0,scream,scream,,1,0,v1,0.000,10.000,10.000,,Shout,0,0,crowd,"Hubbub, speech noise, speech babble;Male speech, man speaking;Shout",base
3u_WPuhbtnE_30000,3u_WPuhbtnE,30.0,siren,siren,siren,1,1,v1,3.984,10.000,6.016,Siren,,0,0,,"Generic impact sounds;Male speech, man speaking;Mechanisms;Siren;Tick",base
3xCWI_22Z9A_50000,3xCWI_22Z9A,50.0,dog_bark,dog_bark,dog_bark,1,1,real,3.320,3.791,0.471,,,1,0,,"Bark;Breathing;Female speech, woman speaking;Generic impact sounds;Growling;Human voice;Male speech, man speaking;Tap;Television;Tick",base
3yJEgGsGGNY_130000,3yJEgGsGGNY,130.0,glass,glass,glass,1,1,real,0.850,2.736,1.886,,Music,0,0,,"Animal;Bell;Glass shatter;Male speech, man speaking;Mechanisms;Music;Sound effect;Speech synthesizer;Thump, thud;Whack, thwack",base
3z4QQHHDmBg_40000,3z4QQHHDmBg,40.0,scream,scream,,1,0,v1,2.264,5.698,3.434,,Shout,0,0,,"Breathing;Gunshot, gunfire;Male speech, man speaking;Mechanisms;Shout;Whack, thwack",base
3zKkWnQxxTs_30000,3zKkWnQxxTs,30.0,background,,,0,0,bg,,,,,,0,0,,Change ringing (campanology),base
4092F1xBUc0_30000,4092F1xBUc0,30.0,scream,scream,,1,0,v1,3.417,4.230,0.813,,Shout,0,0,,"Background noise;Inside, large room or hall;Male speech, man speaking;Shout;Tap;Tick",base
40XKXBBTDRw_30000,40XKXBBTDRw,30.0,background,,,0,0,bg,,,,,,0,0,,Generic impact sounds;Wind;Wind noise (microphone),base
41IJRwJYw9M_8000,41IJRwJYw9M,8.0,background,,,0,0,bg,,,,,,0,0,speech,"Motor vehicle (road);Ratchet, pawl;Speech;Tick;Wind",base
41JqoEI5tys_2000,41JqoEI5tys,2.0,glass,glass,glass,1,1,v1,0.386,1.515,1.129,,Crowd,0,0,crowd,"Crowd;Glass shatter;Male speech, man speaking;Whistling",base
42dyMWL_qOg_150000,42dyMWL_qOg,150.0,glass,glass,glass,1,1,real,4.688,5.698,1.010,,,0,0,,"Breathing;Glass shatter;Human sounds;Male speech, man speaking",base
447Tv2wYwR0_21000,447Tv2wYwR0,21.0,siren,siren,siren,1,1,real,0.000,4.231,4.231,Siren,Music,0,0,,Music;Siren;Sound effect,base
46EUz8BKNeg_30000,46EUz8BKNeg,30.0,dog_bark,dog_bark,dog_bark,1,1,real,1.775,2.037,0.262,,,1,0,,"Bark;Crumpling, crinkling;Female speech, woman speaking",base
46HbJRJVKOo_60000,46HbJRJVKOo,60.0,background,,,0,0,bg,,,,,Music,0,0,,Breathing;Female singing;Music,base
46zeEwRe5mY_16000,46zeEwRe5mY,16.0,siren,siren,siren,1,1,v1,0.000,9.496,9.496,Siren,,0,0,,Generic impact sounds;Siren,base
48I_oCLfovo_30000,48I_oCLfovo,30.0,dog_bark,dog_bark,dog_bark,1,1,v1,4.230,4.782,0.552,,,1,0,,Bark;Generic impact sounds;Heavy engine (low frequency);Surface contact;Tick;Wind;Wind noise (microphone),base
49sVt0Quh-Q_30000,49sVt0Quh-Q,30.0,dog_bark,dog_bark,dog_bark,1,1,real,3.441,4.236,0.795,,Music,1,0,,"Bark;Generic impact sounds;Male speech, man speaking;Mechanisms;Music",base
4CIVXKc6Cm8_220000,4CIVXKc6Cm8,220.0,scream,,scream,0,1,real,1.919,5.647,3.728,,Music;Screaming,0,0,,"Female singing;Male speech, man speaking;Music;Screaming",base
4CWDa7F9yS4_30000,4CWDa7F9yS4,30.0,background,,,0,0,bg,,,,,Giggle,0,0,,"Background noise;Breathing;Cat;Female speech, woman speaking;Giggle",base
4D4XOVGT4To_190000,4D4XOVGT4To,190.0,dog_bark,dog_bark,,1,0,v1,8.608,9.299,0.691,,,0,1,dog_nonbark,"Dog;Female speech, woman speaking;Generic impact sounds;Gush",base
4E5c1hRk4JI_30000,4E5c1hRk4JI,30.0,scream,,scream,0,1,real,3.766,4.948,1.182,,Clapping;Giggle;Screaming;Shout,0,0,,"Background noise;Child singing;Child speech, kid speaking;Clapping;Generic impact sounds;Giggle;Screaming;Shout;Sound effect;Tick",base
4GbI9WsfFcM_60000,4GbI9WsfFcM,60.0,dog_bark,dog_bark,dog_bark,1,1,real,7.730,9.227,1.497,,,1,0,,"Bark;Breathing;Generic impact sounds;Male speech, man speaking;Mechanisms",base
4Gw8jFlJyLI_50000,4Gw8jFlJyLI,50.0,scream,,scream,0,1,real,0.052,0.820,0.768,,Music;Screaming,0,0,,Human voice;Male singing;Music;Screaming;Whoop,base
4HswX6IhwYI_240000,4HswX6IhwYI,240.0,dog_bark,dog_bark,,1,0,v1,0.000,10.000,10.000,,,0,1,dog_nonbark,Dog;Generic impact sounds;Mechanisms,base
4ISWfrJtqas_80000,4ISWfrJtqas,80.0,siren,siren,siren,1,1,real,4.549,10.000,5.451,Siren,,0,0,,Crushing;Siren;Sound effect;Tick,base
4IfX_xM5XTM_30000,4IfX_xM5XTM,30.0,background,,,0,0,bg,,,,,,0,0,,"Background noise;Breathing;Female speech, woman speaking",base
4Ini5P9OmYo_0,4Ini5P9OmYo,0.0,background,,,0,0,bg,,,,,,0,0,speech,"Male speech, man speaking;Medium engine (mid frequency);Speech;Tap;Thump, thud;Traffic noise, roadway noise;Vehicle horn, car horn, honking, toot",base
4LG6eDPBRIA_30000,4LG6eDPBRIA,30.0,background,,,0,0,bg,,,,,,0,0,,"Breathing;Male speech, man speaking;Mechanisms;Tick",base
4LPBEUtOWPQ_30000,4LPBEUtOWPQ,30.0,glass,glass,glass,1,1,real,3.273,10.000,6.727,,Music,0,0,,"Breathing;Glass shatter;Male speech, man speaking;Music;Tick;Video game sound",base
4LhJTXODTZs_30000,4LhJTXODTZs,30.0,background,,,0,0,bg,,,,,Giggle,0,0,,"Breathing;Conversation;Giggle;Male speech, man speaking;Mechanisms;Wind",base
4M4oM0RI6mk_15000,4M4oM0RI6mk,15.0,background,,,0,0,bg,,,,,,0,0,,"Crowing, cock-a-doodle-doo;Female speech, woman speaking;Mechanisms;Tick",base
4MkVuoAgdxg_21000,4MkVuoAgdxg,21.0,glass,glass,glass,1,1,real,6.218,7.298,1.080,,Music,0,0,,"Glass shatter;Male speech, man speaking;Music",base
4NxQao9LTWw_270000,4NxQao9LTWw,270.0,scream,scream,scream,1,1,real,7.085,8.143,1.058,,Screaming,0,0,,"Background noise;Basketball bounce;Conversation;Generic impact sounds;Human voice;Male speech, man speaking;Reverberation;Screaming;Squeal;Walk, footsteps",base
4P36nGEVI10_60000,4P36nGEVI10,60.0,dog_bark,dog_bark,dog_bark,1,1,real,0.196,4.553,4.357,,Laughter,1,1,laughter,"Bark;Bell;Conversation;Dog;Female speech, woman speaking;Generic impact sounds;Laughter;Male speech, man speaking;Mechanisms;Television;Tick",base
4SSJtiB3zJY_30000,4SSJtiB3zJY,30.0,background,,,0,0,bg,,,,,,0,0,,"Generic impact sounds;Hiss;Male speech, man speaking;Mechanisms;Rail transport",base
4SoxI-QsAPg_0,4SoxI-QsAPg,0.0,scream,scream,,1,0,v1,5.176,6.061,0.885,,Shout,0,0,,"Animal;Background noise;Breathing;Clip-clop;Female speech, woman speaking;Generic impact sounds;Male speech, man speaking;Shout;Tick",base
4W-6JKJa534_30000,4W-6JKJa534,30.0,dog_bark,dog_bark,dog_bark,1,1,real,6.854,7.788,0.934,,,1,1,,"Bark;Bird vocalization, bird call, bird song;Dog;Female speech, woman speaking;Generic impact sounds;Growling;Human voice;Tap;Tick;Whoosh, swoosh, swish;Wind",base
4WZHoJGVw5s_30000,4WZHoJGVw5s,30.0,background,,,0,0,bg,,,,,Music,0,0,,Choir;Male singing;Music,base
4XKm9MK1qZg_30000,4XKm9MK1qZg,30.0,dog_bark,dog_bark,dog_bark,1,1,v1,2.638,3.641,1.003,,,1,1,,Background noise;Bark;Breathing;Dog;Generic impact sounds;Human voice;Surface contact,base
4XWq6tR537o_370000,4XWq6tR537o,370.0,dog_bark,dog_bark,dog_bark,1,1,v1,9.372,9.649,0.277,,,1,0,,"Bark;Breathing;Conversation;Female speech, woman speaking;Generic impact sounds;Human voice;Male speech, man speaking;Mechanisms",base
4YDA2YEaaZk_70000,4YDA2YEaaZk,70.0,background,,,0,0,bg,,,,,,0,0,,"Breathing;Child speech, kid speaking;Computer keyboard;Conversation;Male speech, man speaking;Mechanisms;Tap;Tick",base
4YPiTJ7EJyM_120000,4YPiTJ7EJyM,120.0,siren,siren,siren,1,1,v1,8.310,10.000,1.690,Siren,,0,0,,"Accelerating, revving, vroom;Car;Siren",base
4arXQJKg_E8_20000,4arXQJKg_E8,20.0,glass,glass,glass,1,1,real,9.070,9.446,0.376,,,0,0,,"Glass shatter;Machine gun;Video game sound;Walk, footsteps",base
4b-p1s20L8A_70000,4b-p1s20L8A,70.0,dog_bark,dog_bark,dog_bark,1,1,real,6.931,7.351,0.420,,,1,0,,"Background noise;Bark;Breathing;Female speech, woman speaking;Generic impact sounds;Human sounds;Male speech, man speaking",base
4dTnDYymmG0_30000,4dTnDYymmG0,30.0,dog_bark,dog_bark,dog_bark,1,1,real,4.913,5.504,0.591,,Music,1,0,,Bark;Child singing;Male singing;Music;Television,base
4gTk9LzBw5c_130000,4gTk9LzBw5c,130.0,background,,,0,0,bg,,,,,,0,0,,Clickety-clack;Train,base
4gyuJnj9iWw_110000,4gyuJnj9iWw,110.0,background,,,0,0,bg,,,,,,0,0,,"Clicking;Male speech, man speaking;Mechanisms;Water tap, faucet",base
4hF-WHl70hA_30000,4hF-WHl70hA,30.0,dog_bark,dog_bark,dog_bark,1,1,v1,2.899,3.101,0.202,,Clapping,1,0,crowd,"Bark;Clapping;Cough;Hubbub, speech noise, speech babble;Squeak;Whistling",base
4hKo7qcKHXo_30000,4hKo7qcKHXo,30.0,dog_bark,dog_bark,dog_bark,1,1,real,5.386,5.984,0.598,,,1,1,,"Background noise;Bark;Dog;Male speech, man speaking;Oink",base
4hcEM1O_Bgw_0,4hcEM1O_Bgw,0.0,glass,glass,glass,1,1,v1,2.248,4.151,1.903,,Music,0,0,,Church bell;Glass shatter;Music,base
4homHe0e0iI_30000,4homHe0e0iI,30.0,scream,scream,,1,0,v1,2.834,3.950,1.116,,Shout,0,0,speech;crowd,"Generic impact sounds;Hubbub, speech noise, speech babble;Shout;Speech",base
4iQzc4UF9t0_30000,4iQzc4UF9t0,30.0,glass,glass,glass,1,1,v1,4.643,7.178,2.535,,,0,0,,"Generic impact sounds;Glass shatter;Male speech, man speaking;Wind",base
4jzTuNjiZaI_30000,4jzTuNjiZaI,30.0,background,,,0,0,bg,,,,,,0,0,,"Female speech, woman speaking;Mechanisms;Pant (dog);Tick",base
4kbEALR255Q_30000,4kbEALR255Q,30.0,dog_bark,dog_bark,dog_bark,1,1,real,0.000,1.893,1.893,,Music,1,1,,Bark;Dog;Mechanisms;Music;Tick,base
4l4e4DNMC6c_30000,4l4e4DNMC6c,30.0,dog_bark,dog_bark,dog_bark,1,1,real,5.967,6.300,0.333,,,1,0,,"Bark;Bird vocalization, bird call, bird song;Chirp, tweet;Human voice;Wind;Wind noise (microphone)",base
4mB-qzqOU98_10000,4mB-qzqOU98,10.0,background,,,0,0,bg,,,,,,0,0,,"Male speech, man speaking;Motorboat, speedboat;Water",base
4mKLSe6gHlI_120000,4mKLSe6gHlI,120.0,background,,,0,0,bg,,,,,,0,0,,Clicking;Generic impact sounds;Medium engine (mid frequency),base
4nPihZzUq_k_0,4nPihZzUq_k,0.0,glass,glass,glass,1,1,v1,0.000,1.760,1.760,,Laughter;Music,0,0,laughter,"Breathing;Generic impact sounds;Glass shatter;Hands;Laughter;Male speech, man speaking;Music",base
4nyZDiHdO0c_12000,4nyZDiHdO0c,12.0,siren,,siren,0,1,real,0.000,6.638,6.638,Civil defense siren,,0,0,,Civil defense siren;Wind,base
4odX5LU4yUQ_0,4odX5LU4yUQ,0.0,background,,,0,0,bg,,,,,,0,0,,"Background noise;Boing;Breathing;Male speech, man speaking",base
4peFrM5OjOE_30000,4peFrM5OjOE,30.0,background,,,0,0,bg,,,,,Music,0,0,,Male singing;Music,base
4sMyAuf0kZw_30000,4sMyAuf0kZw,30.0,siren,,siren,0,1,real,0.000,10.000,10.000,Civil defense siren,,0,0,,Civil defense siren,base
4tsbMQETqQw_20000,4tsbMQETqQw,20.0,scream,scream,scream,1,1,real,8.181,8.748,0.567,,Screaming,0,0,,"Conversation;Female speech, woman speaking;Generic impact sounds;Mechanisms;Screaming",base
4x5QJMNn7Ok_30000,4x5QJMNn7Ok,30.0,siren,,siren,0,1,real,0.008,10.000,9.992,Police car (siren),,0,0,speech,"Background noise;Female speech, woman speaking;Male speech, man speaking;Police car (siren);Speech;Tick",base
4yHkmNwEdEs_30000,4yHkmNwEdEs,30.0,siren,siren,siren,1,1,v1,0.000,10.000,10.000,Siren,,0,0,,Motor vehicle (road);Siren,base
4ySfSIAcev4_1000,4ySfSIAcev4,1.0,siren,siren,siren,1,1,v1,7.184,8.405,1.221,Siren,,0,0,,"Car;Siren;Tick;Traffic noise, roadway noise;Wind noise (microphone)",base
4znr6U-suIY_0,4znr6U-suIY,0.0,glass,glass,glass,1,1,v1,0.996,3.055,2.059,,,0,0,,"Background noise;Glass shatter;Sound effect;Thump, thud",base
50Brun578ok_30000,50Brun578ok,30.0,background,,,0,0,bg,,,,,,0,0,,"Boat, Water vehicle;Splash, splatter;Water;Wind;Wind noise (microphone)",base
51luPlswXEU_280000,51luPlswXEU,280.0,background,,,0,0,bg,,,,,,0,0,,"Female speech, woman speaking;Frying (food);Mechanisms",base
535cx2BZn3E_30000,535cx2BZn3E,30.0,background,,,0,0,bg,,,,,,0,0,,"Accelerating, revving, vroom;Engine",base
54EJiYdS03s_30000,54EJiYdS03s,30.0,glass,glass,glass,1,1,real,8.593,9.808,1.215,,,0,0,,Breaking;Explosion;Glass shatter,base
54hWCw8T2g0_290000,54hWCw8T2g0,290.0,background,,,0,0,bg,,,,,,0,0,,"Crumpling, crinkling;Male speech, man speaking;Mechanisms",base
556JYoU2eD0_10000,556JYoU2eD0,10.0,scream,,scream,0,1,real,0.591,2.058,1.467,,Clapping;Screaming,0,0,crowd,"Battle cry;Clapping;Hubbub, speech noise, speech babble;Screaming",base
56vER9_BuR4_120000,56vER9_BuR4,120.0,scream,scream,scream,1,1,v1,6.637,8.191,1.554,,Screaming,0,0,,"Crockery breaking and smashing;Female speech, woman speaking;Generic impact sounds;Human sounds;Male speech, man speaking;Mechanisms;Screaming;Walk, footsteps",base
57gQncjfCAE_0,57gQncjfCAE,0.0,background,,,0,0,bg,,,,,,0,0,,Emergency vehicle,base
5ANih_0PQQc_30000,5ANih_0PQQc,30.0,background,,,0,0,bg,,,,,,0,0,,Background noise;Typewriter,base
5BGx1gWVNxw_5000,5BGx1gWVNxw,5.0,dog_bark,dog_bark,dog_bark,1,1,v1,0.922,2.622,1.700,,,1,0,,Bark;Mechanisms;Tap,base
5Bk-hokkw_U_30000,5Bk-hokkw_U,30.0,background,,,0,0,bg,,,,,,0,0,,"Background noise;Male speech, man speaking;Meow",base
5EtOL1qJx4s_20000,5EtOL1qJx4s,20.0,siren,,siren,0,1,real,0.000,10.000,10.000,Ambulance (siren),,0,0,,Ambulance (siren),base
5FCCr2BpNmI_26000,5FCCr2BpNmI,26.0,glass,glass,glass,1,1,real,0.830,3.623,2.793,,,0,0,,Breaking;Glass shatter,base
5FcQxlBNPmw_200000,5FcQxlBNPmw,200.0,background,,,0,0,bg,,,,,,0,0,,"Background noise;Female speech, woman speaking;Finger snapping;Generic impact sounds;Hands",base
5Fjd-2ebWwk_30000,5Fjd-2ebWwk,30.0,dog_bark,dog_bark,dog_bark,1,1,v1,8.512,10.000,1.488,,,1,1,,"Bark;Dog;Stream, river;Tick",base
5H9H3_5MWOI_70000,5H9H3_5MWOI,70.0,glass,glass,glass,1,1,v1,5.131,5.749,0.618,,Music,0,0,,Glass shatter;Music;Quack;Sound effect,base
5H9bVwKnUoU_140000,5H9bVwKnUoU,140.0,background,,,0,0,bg,,,,,Laughter,0,0,laughter,"Baby cry, infant cry;Background noise;Breathing;Female speech, woman speaking;Generic impact sounds;Human sounds;Laughter;Splash, splatter",base
5HowBUop-MI_22000,5HowBUop-MI,22.0,dog_bark,dog_bark,dog_bark,1,1,v1,5.632,6.210,0.578,,,1,0,,"Bark;Bird vocalization, bird call, bird song;Cellphone buzz, vibrating alert;Wind noise (microphone)",base
5IH9p9VPWV0_9000,5IH9p9VPWV0,9.0,background,,,0,0,bg,,,,,,0,0,,Generic impact sounds;Mechanisms;Tap;Tick,base
5Iq-wTNv3Hc_10000,5Iq-wTNv3Hc,10.0,siren,siren,siren,1,1,v1,0.000,10.000,10.000,Siren,,0,0,,"Generic impact sounds;Human voice;Male speech, man speaking;Siren",base
5KmTJpLRfVI_10000,5KmTJpLRfVI,10.0,glass,glass,glass,1,1,v1,9.193,10.000,0.807,,Music,0,0,,"Brief tone;Conversation;Female speech, woman speaking;Glass shatter;Hammer;Male speech, man speaking;Motor vehicle (road);Music;Radio",base
5LJYrUl05YE_26000,5LJYrUl05YE,26.0,glass,glass,glass,1,1,real,4.014,5.242,1.228,,Giggle,0,0,,"Background noise;Generic impact sounds;Giggle;Glass;Glass shatter;Male speech, man speaking",base
5MHykTNs5oI_30000,5MHykTNs5oI,30.0,background,,,0,0,bg,,,,,,0,0,,"Accelerating, revving, vroom;Background noise;Car;Tire squeal, skidding",base
5Ndi48N59jE_10000,5Ndi48N59jE,10.0,scream,scream,,1,0,v1,0.000,0.614,0.614,,Shout,0,0,crowd,"Hubbub, speech noise, speech babble;Male speech, man speaking;Rain;Shout;Wind;Wind noise (microphone)",base
5OXQk9Whq5A_190000,5OXQk9Whq5A,190.0,scream,scream,,1,0,v1,8.308,10.000,1.692,,Shout,0,0,,"Female speech, woman speaking;Shout;Sound effect;Video game sound",base
5P3MZ76CTY4_310000,5P3MZ76CTY4,310.0,dog_bark,dog_bark,dog_bark,1,1,v1,7.524,7.728,0.204,,,1,0,,"Bark;Conversation;Cowbell;Female speech, woman speaking;Male speech, man speaking;Wind",base
5PcHzBNZAOc_300000,5PcHzBNZAOc,300.0,background,,,0,0,bg,,,,,,0,0,,"Human voice;Male speech, man speaking;Sound effect;Surface contact;Tick",base
5PgPjbWh5uk_21000,5PgPjbWh5uk,21.0,dog_bark,dog_bark,dog_bark,1,1,v1,3.666,4.103,0.437,,Music,1,0,,Bark;Music,base
5RUFpGaEfK4_170000,5RUFpGaEfK4,170.0,glass,glass,glass,1,1,real,6.584,9.759,3.175,,Music,0,0,,Glass shatter;Male singing;Music;Sound effect,base
5Rhq0qtlCg4_1000,5Rhq0qtlCg4,1.0,background,,,0,0,bg,,,,,Laughter,0,0,laughter,"Breathing;Cat;Generic impact sounds;Human voice;Laughter;Male speech, man speaking;Mechanisms;Surface contact;Wind noise (microphone)",base
5SDYNUryKik_30000,5SDYNUryKik,30.0,background,,,0,0,bg,,,,,Music,0,0,,Heavy engine (low frequency);Music;Wind noise (microphone),base
5UR_otr9MMk_21000,5UR_otr9MMk,21.0,dog_bark,dog_bark,dog_bark,1,1,v1,6.470,6.996,0.526,,,1,0,,Bark;Mechanisms,base
5UxAuX_DV_Y_30000,5UxAuX_DV_Y,30.0,dog_bark,dog_bark,dog_bark,1,1,real,6.382,7.685,1.303,,,1,0,,"Bark;Child speech, kid speaking;Female speech, woman speaking;Generic impact sounds;Growling;Male speech, man speaking;Pant (dog);Wind",base
5VGJ8sqAa44_60000,5VGJ8sqAa44,60.0,background,,,0,0,bg,,,,,,0,0,,"Beep, bleep;Breathing;Clicking;Ocean;Ship;Tick;Wind noise (microphone)",base
5Wc9TIwDTNo_0,5Wc9TIwDTNo,0.0,glass,glass,glass,1,1,real,2.491,5.472,2.981,,Music,0,0,,Glass shatter;Music;Sound effect;Tick,base
5XjM29CZQbY_30000,5XjM29CZQbY,30.0,dog_bark,dog_bark,dog_bark,1,1,real,0.000,0.615,0.615,,,1,1,,"Bark;Dog;Female speech, woman speaking;Mechanisms",base
5XrBepjZkN0_430000,5XrBepjZkN0,430.0,background,,,0,0,bg,,,,,,0,0,,"Animal;Chirp, tweet;Ducks, geese, waterfowl;Male speech, man speaking;Wind;Wind noise (microphone)",base
5ZgSjehCQQc_19000,5ZgSjehCQQc,19.0,background,,,0,0,bg,,,,,,0,0,,"Accelerating, revving, vroom;Medium engine (mid frequency);Tap",base
5dEWjIBVYLo_30000,5dEWjIBVYLo,30.0,background,,,0,0,bg,,,,,,0,0,,"Breathing;Child speech, kid speaking;Mechanisms;Meow;Tap",base
5eblhZ_9dig_30000,5eblhZ_9dig,30.0,background,,,0,0,bg,,,,,,0,0,,"Motorboat, speedboat;Wind noise (microphone)",base
5eu8XKs-H-M_60000,5eu8XKs-H-M,60.0,dog_bark,dog_bark,dog_bark,1,1,v1,7.803,8.252,0.449,,,1,1,,Bark;Clicking;Dog;Generic impact sounds;Mechanisms;Squeal,base
5fOLoGcOdVs_30000,5fOLoGcOdVs,30.0,siren,,siren,0,1,real,0.000,10.000,10.000,"Fire engine, fire truck (siren)",,0,0,,"Air horn, truck horn;Fire engine, fire truck (siren);Generic impact sounds;Human voice;Tick",base
5fZn_7LbKSI_20000,5fZn_7LbKSI,20.0,background,,,0,0,bg,,,,,Laughter,0,0,laughter,"Burping, eructation;Generic impact sounds;Human sounds;Laughter;Noise",base
5j3E3xqciDY_60000,5j3E3xqciDY,60.0,background,,,0,0,bg,,,,,Music,0,0,,Music,base
5mSCXtTSgH4_30000,5mSCXtTSgH4,30.0,background,,,0,0,bg,,,,,,0,0,,Eruption;Wind,base
5miYwEKNrsQ_50000,5miYwEKNrsQ,50.0,dog_bark,dog_bark,dog_bark,1,1,real,1.395,2.085,0.690,,,1,0,,"Background noise;Bark;Breathing;Child speech, kid speaking;Cough;Generic impact sounds;Human sounds;Sniff",base
5n71o6hrnNU_30000,5n71o6hrnNU,30.0,glass,glass,glass,1,1,v1,6.314,7.495,1.181,,Music,0,0,,"Generic impact sounds;Glass shatter;Gunshot, gunfire;Human sounds;Machine gun;Music;Video game sound;Walk, footsteps",base
5nLvPfNqUYM_25000,5nLvPfNqUYM,25.0,scream,scream,,1,0,v1,5.589,6.767,1.178,,Shout,0,0,,Generic impact sounds;Mechanisms;Shout;Single-lens reflex camera;Tick;Wind,base
5oa7_VkvDiM_160000,5oa7_VkvDiM,160.0,background,,,0,0,bg,,,,,,0,0,,"Male speech, man speaking;Tick;Vacuum cleaner",base
5pgARrqP0-Q_130000,5pgARrqP0-Q,130.0,glass,glass,glass,1,1,v1,0.409,1.772,1.363,,Music,0,0,,Glass shatter;Mechanisms;Music;Sound effect,base
5qKqE-5E5WU_580000,5qKqE-5E5WU,580.0,background,,,0,0,bg,,,,,,0,0,,"Bee, wasp, etc.;Generic impact sounds;Male speech, man speaking;Tick;Wind;Wind noise (microphone)",base
5swM4rlKBxs_30000,5swM4rlKBxs,30.0,background,,,0,0,bg,,,,,Applause;Cheering,0,0,crowd,"Applause;Cheering;Female speech, woman speaking;Generic impact sounds;Hubbub, speech noise, speech babble;Male speech, man speaking;Tick;Whistling",base
5tistOeYQO0_2000,5tistOeYQO0,2.0,glass,glass,glass,1,1,v1,5.487,6.359,0.872,,Music,0,0,,Glass shatter;Music,base
5uLIPWySWXw_30000,5uLIPWySWXw,30.0,siren,,siren,0,1,real,8.766,10.000,1.234,Police car (siren),,0,0,,"Breathing;Generic impact sounds;Human voice;Male speech, man speaking;Police car (siren)",base
5v7re_xw9xM_30000,5v7re_xw9xM,30.0,background,,,0,0,bg,,,,,,0,0,,"Breathing;Female speech, woman speaking;Generic impact sounds;Mechanisms",base
5y9F1wAw8uE_30000,5y9F1wAw8uE,30.0,scream,scream,,1,0,v1,7.926,9.031,1.105,,Shout,0,0,crowd,"Background noise;Hubbub, speech noise, speech babble;Human sounds;Male speech, man speaking;Shout;Tick",base
6-ibVOZw7eg_320000,6-ibVOZw7eg,320.0,glass,glass,glass,1,1,v1,0.790,1.625,0.835,,,0,0,alarm,"Alarm;Glass shatter;Mechanisms;Tap;Thump, thud",base
61aVjfQ0-Qg_30000,61aVjfQ0-Qg,30.0,background,,,0,0,bg,,,,,,0,0,,Wind;Wind noise (microphone),base
62jg7YotNrw_30000,62jg7YotNrw,30.0,dog_bark,dog_bark,dog_bark,1,1,real,0.808,1.825,1.017,,,1,0,,Bark;Generic impact sounds;Mechanisms;Sound effect,base
64DKeEDBGXU_590000,64DKeEDBGXU,590.0,siren,siren,siren,1,1,real,0.008,9.981,9.973,Siren,,0,0,,Siren,base
65XNces8j9I_10000,65XNces8j9I,10.0,glass,glass,glass,1,1,real,5.803,10.000,4.197,,,0,0,,"Female speech, woman speaking;Glass shatter;Tap",base
65snZoasQEQ_50000,65snZoasQEQ,50.0,glass,glass,glass,1,1,real,7.893,10.000,2.107,,Music,0,0,,"Background noise;Glass shatter;Male speech, man speaking;Music;Tick",base
66Kyz6YYrLA_30000,66Kyz6YYrLA,30.0,background,,,0,0,bg,,,,,Music,0,0,,Music;Sound effect,base
69LRKxO-knc_30000,69LRKxO-knc,30.0,dog_bark,dog_bark,,1,0,v1,7.598,9.189,1.591,,,0,1,dog_nonbark,Dog;Generic impact sounds;Noise,base
6AQLfSO8L5Q_0,6AQLfSO8L5Q,0.0,glass,glass,glass,1,1,real,1.803,2.256,0.453,,,0,0,,"Car alarm;Glass shatter;Male speech, man speaking;Neigh, whinny;Slap, smack;Thump, thud",base
6AtRYceMass_340000,6AtRYceMass,340.0,background,,,0,0,bg,,,,,Music,0,0,,Music;Plop,base
6B3aZq5t9H4_30000,6B3aZq5t9H4,30.0,siren,siren,siren,1,1,v1,0.000,10.000,10.000,Siren,,0,0,,"Beep, bleep;Motor vehicle (road);Siren",base
6DEYZnl3YoQ_30000,6DEYZnl3YoQ,30.0,siren,,siren,0,1,real,0.000,10.000,10.000,"Fire engine, fire truck (siren)",,0,0,,"Fire engine, fire truck (siren);Wind",base
6Ds5Ucs8nnw_30000,6Ds5Ucs8nnw,30.0,background,,,0,0,bg,,,,,Music,0,0,,"Human voice;Male speech, man speaking;Music",base
6EGfXOK-3KE_30000,6EGfXOK-3KE,30.0,dog_bark,dog_bark,dog_bark,1,1,real,4.530,6.892,2.362,,,1,0,,Bark;Howl;Mechanisms,base
6EgfPCis9cc_50000,6EgfPCis9cc,50.0,background,,,0,0,bg,,,,,,0,0,,"Drill;Filing (rasp);Male speech, man speaking;Mechanisms",base
6F3YIb0Uw4I_30000,6F3YIb0Uw4I,30.0,siren,,siren,0,1,real,1.091,10.000,8.909,Police car (siren),,0,0,,"Chirp, tweet;Police car (siren)",base
6GMAVpfbGmM_60000,6GMAVpfbGmM,60.0,dog_bark,dog_bark,,1,0,v1,6.992,8.803,1.811,,,0,1,dog_nonbark,Dog;Generic impact sounds;Mechanisms,base
6M2lNShlcYw_30000,6M2lNShlcYw,30.0,glass,glass,glass,1,1,real,6.230,7.158,0.928,,,0,0,,"Generic impact sounds;Glass shatter;Male speech, man speaking;Motor vehicle (road)",base
6M3dcy9Nzx8_30000,6M3dcy9Nzx8,30.0,dog_bark,dog_bark,,1,0,v1,7.546,7.695,0.149,,,0,1,dog_nonbark,Dog;Mechanisms;Tick,base
6MsXK02jZKE_40000,6MsXK02jZKE,40.0,siren,siren,siren,1,1,real,6.636,9.164,2.528,Siren,,0,0,,Mechanisms;Siren,base
6PIWbblkILk_6000,6PIWbblkILk,6.0,dog_bark,dog_bark,dog_bark,1,1,real,3.384,3.887,0.503,,Laughter,1,1,laughter,"Bark;Dog;Generic impact sounds;Human sounds;Human voice;Laughter;Male speech, man speaking;Mechanisms;Surface contact",base
6QSaDSW6cJk_0,6QSaDSW6cJk,0.0,dog_bark,dog_bark,dog_bark,1,1,v1,0.497,1.971,1.474,,,1,0,,"Bark;Generic impact sounds;Medium engine (mid frequency);Power windows, electric windows;Tick;Wind",base
6R8vKkzy22M_250000,6R8vKkzy22M,250.0,background,,,0,0,bg,,,,,,0,0,alarm,"Alarm;Animal;Child speech, kid speaking;Ding;Generic impact sounds;Surface contact;Tick;Wind",base
6V-oG-YZiX4_0,6V-oG-YZiX4,0.0,background,,,0,0,bg,,,,,Music,0,0,,"Male speech, man speaking;Music;Sound effect",base
6VjMmk0Oox0_50000,6VjMmk0Oox0,50.0,background,,,0,0,bg,,,,,Giggle,0,0,,"Babbling;Baby cry, infant cry;Female speech, woman speaking;Generic impact sounds;Giggle;Human voice;Mechanisms;Speech synthesizer;Squeak;Television",base
6VqekvY9we4_340000,6VqekvY9we4,340.0,background,,,0,0,bg,,,,,Music,0,0,,Male singing;Music,base
6WtAwGpOrdo_10000,6WtAwGpOrdo,10.0,background,,,0,0,bg,,,,,,0,0,,"Babbling;Baby cry, infant cry;Background noise;Breathing;Pant;Tick",base
6Z2LhZsom0s_30000,6Z2LhZsom0s,30.0,siren,siren,siren,1,1,v1,0.000,10.000,10.000,Siren,,0,0,,Siren,base
6_Hq2iqyfCs_27000,6_Hq2iqyfCs,27.0,background,,,0,0,bg,,,,,,0,0,,Generic impact sounds;Mechanisms;Owl,base
6bmJLRXrH-g_11000,6bmJLRXrH-g,11.0,scream,scream,,1,0,v1,7.360,8.277,0.917,,Shout,0,0,,"Background noise;Generic impact sounds;Human voice;Male speech, man speaking;Ringtone;Shout;Surface contact;Tap",base
6eArAWNkqL0_40000,6eArAWNkqL0,40.0,dog_bark,dog_bark,dog_bark,1,1,v1,7.416,7.918,0.502,,,1,0,,Arrow;Bark;Breathing;Generic impact sounds;Hoot;Wind,base
6jdyueVKa9M_0,6jdyueVKa9M,0.0,dog_bark,dog_bark,dog_bark,1,1,real,2.329,2.645,0.316,,,1,1,,Background noise;Bark;Dog,base
6kwTGcmR028_0,6kwTGcmR028,0.0,dog_bark,dog_bark,dog_bark,1,1,real,3.019,3.312,0.293,,,1,0,,"Animal;Bark;Bird vocalization, bird call, bird song;Conversation;Female speech, woman speaking;Jackhammer;Male speech, man speaking;Tick;Walk, footsteps;Wind",base
6lHUyEs4eU4_30000,6lHUyEs4eU4,30.0,background,,,0,0,bg,,,,,,0,0,,"Female speech, woman speaking;Generic impact sounds;Mechanisms;Pant (dog);Surface contact",base
6llHfO8IqAM_30000,6llHfO8IqAM,30.0,siren,,siren,0,1,real,0.000,0.827,0.827,"Fire engine, fire truck (siren)",,0,0,,"Beep, bleep;Emergency vehicle;Fire engine, fire truck (siren);Male speech, man speaking",base
6puIpUxmtcU_20000,6puIpUxmtcU,20.0,background,,,0,0,bg,,,,,,0,0,,"Accelerating, revving, vroom;Male speech, man speaking;Race car, auto racing",base
6ryVk_ZuFWE_13000,6ryVk_ZuFWE,13.0,background,,,0,0,bg,,,,,Laughter,0,0,laughter,"Beep, bleep;Breathing;Conversation;Female speech, woman speaking;Generic impact sounds;Laughter;Male speech, man speaking;Tick;Wind",base
6sVTKrlauV0_30000,6sVTKrlauV0,30.0,siren,siren,siren,1,1,v1,0.000,10.000,10.000,Siren,,0,0,,Siren,base
6sYS6pPS4WY_30000,6sYS6pPS4WY,30.0,dog_bark,dog_bark,dog_bark,1,1,real,5.362,5.961,0.599,,,1,0,speech,Bark;Generic impact sounds;Growling;Mechanisms;Speech,base
6udFTMe_jVI_30000,6udFTMe_jVI,30.0,background,,,0,0,bg,,,,,,0,0,,"Chirp, tweet;Generic impact sounds;Motor vehicle (road);Neigh, whinny;Wind;Wind noise (microphone)",base
6ujkMZYdBrY_230000,6ujkMZYdBrY,230.0,background,,,0,0,bg,,,,,,0,0,,Filing (rasp);Generic impact sounds;Mechanisms;Surface contact;Tap,base
6vFTRulJKBM_0,6vFTRulJKBM,0.0,scream,scream,scream,1,1,v1,2.523,4.269,1.746,,Screaming;Shout,0,0,speech,Generic impact sounds;Human voice;Screaming;Shout;Speech;Wind;Wind noise (microphone),base
6vuvHFVTuuc_110000,6vuvHFVTuuc,110.0,scream,scream,scream,1,1,real,2.333,3.740,1.407,,Screaming,0,0,,"Breathing;Child speech, kid speaking;Female speech, woman speaking;Generic impact sounds;Mechanisms;Screaming;Tick",base
6wT_JrR07XY_370000,6wT_JrR07XY,370.0,background,,,0,0,bg,,,,,Laughter,0,0,laughter,"Laughter;Subway, metro, underground;Tick;Water",base
6whBoggGaFY_11000,6whBoggGaFY,11.0,background,,,0,0,bg,,,,,,0,0,,"Accelerating, revving, vroom;Medium engine (mid frequency)",base
6xFiLx5gRzc_30000,6xFiLx5gRzc,30.0,background,,,0,0,bg,,,,,,0,0,,Background noise;Human sounds;Water;Wind noise (microphone),base
6yZX5mgmVn4_30000,6yZX5mgmVn4,30.0,dog_bark,dog_bark,,1,0,v1,9.213,10.000,0.787,,,0,1,dog_nonbark,"Chirp, tweet;Dog;Generic impact sounds;Male speech, man speaking;Mechanisms;Whimper (dog)",base
6yas2rnGjlM_30000,6yas2rnGjlM,30.0,glass,glass,glass,1,1,real,4.472,5.126,0.654,,,0,0,,"Burping, eructation;Car;Car passing by;Glass shatter;Gunshot, gunfire;Helicopter;Propeller, airscrew;Tick;Train;Train whistle;Whoosh, swoosh, swish",base
7-RC9iRSpJw_50000,7-RC9iRSpJw,50.0,scream,,scream,0,1,real,7.156,10.000,2.844,,Music;Screaming,0,0,,Gasp;Male singing;Music;Screaming,base
7-bLzli97sA_60000,7-bLzli97sA,60.0,dog_bark,dog_bark,dog_bark,1,1,real,5.320,6.228,0.908,,Laughter,1,1,laughter,Background noise;Bark;Dog;Generic impact sounds;Growling;Laughter;Surface contact;Tick,base
70wDodLb-m8_190000,70wDodLb-m8,190.0,dog_bark,dog_bark,dog_bark,1,1,real,6.118,6.693,0.575,,Music,1,0,,"Background noise;Bark;Breathing;Generic impact sounds;Male speech, man speaking;Music;Slap, smack;Tap;Tick;Whistling",base
712QrVEkaAo_30000,712QrVEkaAo,30.0,background,,,0,0,bg,,,,,Music,0,0,,Breathing;Chant;Music,base
73jR8wkpTt8_30000,73jR8wkpTt8,30.0,dog_bark,dog_bark,dog_bark,1,1,v1,8.530,9.132,0.602,,,1,0,speech,"Bark;Male speech, man speaking;Speech;Splash, splatter;Stream, river;Tap;Whistling",base
75HbkXLT0oU_17000,75HbkXLT0oU,17.0,background,,,0,0,bg,,,,,Giggle;Music,0,0,,"Conversation;Giggle;Male speech, man speaking;Mechanisms;Music",base
75tm3h4-k-o_30000,75tm3h4-k-o,30.0,dog_bark,dog_bark,dog_bark,1,1,real,8.048,8.414,0.366,,Music,1,0,,Background noise;Bark;Howl;Male singing;Music;Television,base
79gZULA18OQ_40000,79gZULA18OQ,40.0,dog_bark,dog_bark,dog_bark,1,1,v1,9.743,10.000,0.257,,,1,0,,Background noise;Bark;Generic impact sounds;Growling;Tick,base
7C8ZOSaG9aE_30000,7C8ZOSaG9aE,30.0,background,,,0,0,bg,,,,,Music,0,0,,Music;Synthetic singing,base
7DP-An_CtpY_30000,7DP-An_CtpY,30.0,background,,,0,0,bg,,,,,Cheering;Music,0,0,crowd,"Cheering;Male speech, man speaking;Music;Sound effect;Video game sound;Whack, thwack",base
7DcmoEKCG04_0,7DcmoEKCG04,0.0,glass,glass,glass,1,1,real,0.093,1.569,1.476,,,0,0,,Glass shatter,base
7E5mTmfcvtI_0,7E5mTmfcvtI,0.0,glass,glass,glass,1,1,real,1.919,2.304,0.385,,Music,0,0,,"Car alarm;Creak;Glass shatter;Human voice;Male speech, man speaking;Music;Neigh, whinny;Slap, smack;Thump, thud;Vehicle horn, car horn, honking, toot",base
7EQa-WZ9c3g_30000,7EQa-WZ9c3g,30.0,background,,,0,0,bg,,,,,,0,0,,"Generic impact sounds;Male speech, man speaking;Mechanisms;Tick",base
7EzuU_2s8l4_30000,7EzuU_2s8l4,30.0,dog_bark,dog_bark,,1,0,v1,2.270,3.947,1.677,,,0,1,dog_nonbark,Breathing;Dog;Generic impact sounds;Mechanisms;Pant (dog),base
7GTmhdyKscU_30000,7GTmhdyKscU,30.0,glass,glass,glass,1,1,real,8.039,10.000,1.961,,,0,0,,"Background noise;Generic impact sounds;Glass shatter;Gurgling, bubbling;Surface contact;Water",base
7Gtx7ooeows_20000,7Gtx7ooeows,20.0,scream,scream,scream,1,1,real,2.069,10.000,7.931,,Screaming,0,0,,"Breathing;Male speech, man speaking;Noise;Screaming",base
7HLYGkayAGA_120000,7HLYGkayAGA,120.0,glass,glass,glass,1,1,real,6.204,8.129,1.925,,Clapping,0,0,,"Clapping;Creak;Generic impact sounds;Glass shatter;Male speech, man speaking;Mechanisms",base
7JlSVGM8F6k_30000,7JlSVGM8F6k,30.0,dog_bark,dog_bark,dog_bark,1,1,real,9.173,10.000,0.827,,,1,0,,Bark;Mechanisms;Pant (dog);Scrape;Tick;Wind noise (microphone),base
7Jmdc4zghms_430000,7Jmdc4zghms,430.0,glass,glass,glass,1,1,real,0.000,1.078,1.078,,Music,0,0,,"Female speech, woman speaking;Generic impact sounds;Glass shatter;Male speech, man speaking;Mechanisms;Music;Surface contact;Tick",base
7KE2FLymYqY_20000,7KE2FLymYqY,20.0,scream,scream,scream,1,1,real,3.213,4.315,1.102,,Screaming,0,0,,"Child speech, kid speaking;Conversation;Generic impact sounds;Male speech, man speaking;Mechanisms;Roll;Screaming;Squeak",base
7LKWM_S71-A_450000,7LKWM_S71-A,450.0,dog_bark,dog_bark,dog_bark,1,1,v1,5.034,5.591,0.557,,Laughter,1,0,laughter,"Bark;Breathing;Laughter;Male speech, man speaking;Tick;Wind;Wind noise (microphone)",base
7MRbx1XTqnA_30000,7MRbx1XTqnA,30.0,background,,,0,0,bg,,,,,Music,0,0,,Female singing;Male singing;Music,base
7MZFvWMkOlw_30000,7MZFvWMkOlw,30.0,background,,,0,0,bg,,,,,,0,0,,"Generic impact sounds;Male speech, man speaking;Surface contact;Tick;Traffic noise, roadway noise;Vehicle horn, car horn, honking, toot",base
7O8nATsBgTE_340000,7O8nATsBgTE,340.0,dog_bark,dog_bark,dog_bark,1,1,v1,0.000,2.950,2.950,,,1,0,,"Background noise;Bark;Bird vocalization, bird call, bird song;Howl",base
7SDvdOch9Vo_23000,7SDvdOch9Vo,23.0,siren,,siren,0,1,real,0.000,9.787,9.787,"Fire engine, fire truck (siren)",,0,0,,"Air brake;Fire engine, fire truck (siren);Tick;Wind",base
7YXx3qU7FXA_30000,7YXx3qU7FXA,30.0,siren,siren,siren,1,1,v1,0.000,10.000,10.000,Siren,,0,0,,"Male speech, man speaking;Motor vehicle (road);Siren;Tick",base
7bIkwzzY720_50000,7bIkwzzY720,50.0,background,,,0,0,bg,,,,,Music,0,0,,Music,base
7c5wvZWDrgM_50000,7c5wvZWDrgM,50.0,dog_bark,dog_bark,dog_bark,1,1,real,5.042,5.209,0.167,,,1,0,,Animal;Arrow;Bark;Motor vehicle (road);Wind;Wind noise (microphone),base
7dbuZ3LmB60_190000,7dbuZ3LmB60,190.0,glass,glass,glass,1,1,real,6.773,7.303,0.530,,,0,0,,"Background noise;Glass shatter;Ratchet, pawl;Sound effect;Speech synthesizer",base
7ffynhC23LE_9000,7ffynhC23LE,9.0,dog_bark,dog_bark,dog_bark,1,1,real,8.890,10.000,1.110,,,1,1,,Bark;Dog;Generic impact sounds;Growling;Mechanisms;Surface contact;Tick,base
7fxuS79r144_30000,7fxuS79r144,30.0,background,,,0,0,bg,,,,,,0,0,,"Breathing;Burping, eructation;Female speech, woman speaking;Generic impact sounds;Human voice;Mechanisms;Tap;Tick",base
7ifWmw6U2dE_30000,7ifWmw6U2dE,30.0,scream,scream,scream,1,1,real,0.000,10.000,10.000,,Screaming,0,0,,Background noise;Human voice;Screaming,base
7j5RVboefFY_30000,7j5RVboefFY,30.0,dog_bark,dog_bark,dog_bark,1,1,real,8.661,9.511,0.850,,Applause;Clapping,1,0,crowd,"Applause;Bark;Clapping;Female speech, woman speaking;Hubbub, speech noise, speech babble;Human voice;Male speech, man speaking;Mechanisms",base
7jaYSwfqXyo_0,7jaYSwfqXyo,0.0,background,,,0,0,bg,,,,,,0,0,,"Background noise;Fire alarm;Generic impact sounds;Male speech, man speaking;Tap;Tick",base
7kOVIuGaw-I_10000,7kOVIuGaw-I,10.0,glass,glass,glass,1,1,real,0.766,5.412,4.646,,Music,0,0,,"Background noise;Breathing;Glass shatter;Male speech, man speaking;Music",base
7lgK-MIXR0k_30000,7lgK-MIXR0k,30.0,scream,,scream,0,1,real,6.505,7.722,1.217,,Music;Screaming,0,0,,"Bell;Generic impact sounds;Male speech, man speaking;Music;Screaming;Video game sound",base
7nyJikhr0xA_230000,7nyJikhr0xA,230.0,glass,glass,glass,1,1,real,7.224,8.157,0.933,,,0,0,,"Clang;Generic impact sounds;Glass shatter;Hammer;Male speech, man speaking;Mechanisms",base
7o0emu2kNjE_30000,7o0emu2kNjE,30.0,background,,,0,0,bg,,,,,Music,0,0,,"Background noise;Explosion;Female speech, woman speaking;Generic impact sounds;Groan;Music;Sound effect;Video game sound",base
7oJF21Rk-zc_19000,7oJF21Rk-zc,19.0,background,,,0,0,bg,,,,,,0,0,,Mechanisms;Water;Wind noise (microphone),base
7pQD-58v4yA_3000,7pQD-58v4yA,3.0,dog_bark,dog_bark,dog_bark,1,1,real,1.170,1.922,0.752,,,1,0,,"Accelerating, revving, vroom;Bark;Motor vehicle (road);Tick",base
7pUd5gV0De8_30000,7pUd5gV0De8,30.0,scream,,scream,0,1,real,7.950,9.323,1.373,,Cheering;Crowd;Music;Screaming;Shout,0,0,crowd,"Cheering;Crowd;Female speech, woman speaking;Generic impact sounds;Human voice;Male speech, man speaking;Music;Screaming;Shout",base
7rxDEVrT4js_0,7rxDEVrT4js,0.0,glass,glass,glass,1,1,v1,1.528,4.819,3.291,,Music,0,0,,"Bouncing;Glass shatter;Male speech, man speaking;Music;Sound effect",base
7tNatN8Aeao_340000,7tNatN8Aeao,340.0,glass,glass,glass,1,1,real,8.018,8.534,0.516,,Music,0,0,,"Glass shatter;Male speech, man speaking;Music;Sound effect;Walk, footsteps;Whack, thwack",base
7tySsPckMu0_0,7tySsPckMu0,0.0,glass,glass,glass,1,1,real,4.203,5.505,1.302,,Music,0,0,,Computer keyboard;Glass shatter;Music,base
7uYq54mY7gU_30000,7uYq54mY7gU,30.0,background,,,0,0,bg,,,,,Music;Singing,0,0,,"Conversation;Female speech, woman speaking;Male speech, man speaking;Music;Singing;Tick;Truck",base
7v0S0E5ROXU_160000,7v0S0E5ROXU,160.0,background,,,0,0,bg,,,,,,0,0,,"Ducks, geese, waterfowl;Mechanisms;Wind",base
7wZ9PSl-Omg_60000,7wZ9PSl-Omg,60.0,scream,scream,,1,0,v1,1.558,7.600,6.042,,Shout,0,0,,"Background noise;Breathing;Burping, eructation;Child speech, kid speaking;Human sounds;Male speech, man speaking;Shout",base
8-_7-Gfp2x4_80000,8-_7-Gfp2x4,80.0,glass,glass,glass,1,1,real,1.805,2.516,0.711,,Music,0,0,,"Conversation;Cricket;Drip;Female speech, woman speaking;Glass shatter;Male speech, man speaking;Music;Splash, splatter",base
82WY3z3vTTM_30000,82WY3z3vTTM,30.0,siren,,siren,0,1,real,0.000,10.000,10.000,Ambulance (siren),,0,0,,Ambulance (siren);Background noise;Wind noise (microphone),base
83vJXwIh1n8_30000,83vJXwIh1n8,30.0,background,,,0,0,bg,,,,,Cheering;Music,0,0,crowd,"Cheering;Male speech, man speaking;Music",base
84hOoEq9zsw_40000,84hOoEq9zsw,40.0,dog_bark,dog_bark,,1,0,v1,4.027,5.578,1.551,,,0,1,dog_nonbark,"Animal;Dog;Female speech, woman speaking;Generic impact sounds;Human voice;Mechanisms;Surface contact;Tick",base
85fSq8e4Zqs_30000,85fSq8e4Zqs,30.0,background,,,0,0,bg,,,,,,0,0,,"Child speech, kid speaking;Rain;Tick",base
86calTg2Oqo_1000,86calTg2Oqo,1.0,background,,,0,0,bg,,,,,,0,0,,"Beep, bleep;Engine",base
89R9m5HNOzI_20000,89R9m5HNOzI,20.0,dog_bark,dog_bark,dog_bark,1,1,real,8.995,9.411,0.416,,,1,0,,"Bark;Female speech, woman speaking;Generic impact sounds;Growling;Mechanisms;Tick",base
8AwWDMiRoag_4000,8AwWDMiRoag,4.0,scream,,scream,0,1,real,1.860,3.363,1.503,,Music;Screaming,0,0,,"Female speech, woman speaking;Male speech, man speaking;Music;Screaming;Video game sound;Whip",base
8CX3iq3Z50Y_230000,8CX3iq3Z50Y,230.0,background,,,0,0,bg,,,,,,0,0,,"Background noise;Computer keyboard;Generic impact sounds;Male speech, man speaking",base
8Eigvp5SsOY_400000,8Eigvp5SsOY,400.0,background,,,0,0,bg,,,,,,0,0,,"Bell;Railroad car, train wagon;Steam whistle",base
8Fw7ILb7S_E_0,8Fw7ILb7S_E,0.0,background,,,0,0,bg,,,,,,0,0,,"Generic impact sounds;Male speech, man speaking;Tick;Vehicle;Wind noise (microphone)",base
8IRgAL8B-cs_19000,8IRgAL8B-cs,19.0,siren,siren,siren,1,1,v1,0.000,9.259,9.259,Siren,,0,0,,Background noise;Siren,base
8J8TidNt-do_28000,8J8TidNt-do,28.0,background,,,0,0,bg,,,,,Laughter;Music,0,0,laughter,"Laughter;Male speech, man speaking;Music;Sound effect;Whoop",base
8JpFjJqeyY8_110000,8JpFjJqeyY8,110.0,background,,,0,0,bg,,,,,Music,0,0,,"Male singing;Male speech, man speaking;Motor vehicle (road);Music;Tick",base
8LiI5xmDRbw_30000,8LiI5xmDRbw,30.0,background,,,0,0,bg,,,,,,0,0,,"Breathing;Car;Male speech, man speaking",base
8Mh2fYP7m1M_0,8Mh2fYP7m1M,0.0,background,,,0,0,bg,,,,,,0,0,,Background noise;Hiss;Steam whistle,base
8OsubcmKvXs_30000,8OsubcmKvXs,30.0,background,,,0,0,bg,,,,,,0,0,,Aircraft,base
8QmwXbKIwUA_0,8QmwXbKIwUA,0.0,background,,,0,0,bg,,,,,,0,0,,Crackle;Fire;Motor vehicle (road),base
8T1CHgDi-sQ_30000,8T1CHgDi-sQ,30.0,background,,,0,0,bg,,,,,Music,0,0,,Male singing;Music,base
8To5mnLsPNQ_0,8To5mnLsPNQ,0.0,scream,scream,scream,1,1,real,4.922,6.107,1.185,,Screaming,0,0,,"Breathing;Child speech, kid speaking;Conversation;Female speech, woman speaking;Generic impact sounds;Knock;Mechanisms;Screaming;Tick",base
8UQ56oc7Kdc_20000,8UQ56oc7Kdc,20.0,background,,,0,0,bg,,,,,Laughter,0,0,laughter,"Baby laughter;Breathing;Female speech, woman speaking;Generic impact sounds;Laughter;Mechanisms;Tick",base
8V6wq5zSO6k_30000,8V6wq5zSO6k,30.0,background,,,0,0,bg,,,,,Music,0,0,,"Male speech, man speaking;Music",base
8WQIzST3Sfs_8000,8WQIzST3Sfs,8.0,background,,,0,0,bg,,,,,Music,0,0,,Clicking;Music;Sound effect;Speech synthesizer;Tap;Video game sound,base
8bHF08-vDfs_20000,8bHF08-vDfs,20.0,scream,scream,,1,0,v1,9.724,10.000,0.276,,Shout,0,0,,"Conversation;Female speech, woman speaking;Fire;Firecracker;Generic impact sounds;Human voice;Male speech, man speaking;Mechanisms;Shout;Tick",base
8k_PLiGAjmU_2000,8k_PLiGAjmU,2.0,background,,,0,0,bg,,,,,,0,0,,Mechanisms;Tick,base
8mvGbjPFU8g_440000,8mvGbjPFU8g,440.0,glass,glass,glass,1,1,real,8.890,10.000,1.110,,,0,0,,Glass shatter;Surface contact,base
8pHUBnRV8qc_10000,8pHUBnRV8qc,10.0,background,,,0,0,bg,,,,,,0,0,,"Animal;Background noise;Cattle, bovinae;Child speech, kid speaking;Cowbell;Generic impact sounds;Human voice;Insect;Male speech, man speaking;Surface contact;Walk, footsteps",base
8pZngARG0Ik_50000,8pZngARG0Ik,50.0,background,,,0,0,bg,,,,,,0,0,,Background noise;Computer keyboard;Human voice,base
8po-6uxgiV4_50000,8po-6uxgiV4,50.0,siren,siren,siren,1,1,v1,0.000,3.150,3.150,Siren,,0,0,crowd,"Hubbub, speech noise, speech babble;Siren;Vehicle",base
8qiPHeB41Xo_30000,8qiPHeB41Xo,30.0,dog_bark,dog_bark,dog_bark,1,1,real,0.918,1.516,0.598,,,1,0,,"Bark;Human voice;Motor vehicle (road);Tire squeal, skidding",base
8rEYsrnUl0U_130000,8rEYsrnUl0U,130.0,glass,glass,glass,1,1,real,9.811,10.000,0.189,,,0,0,,"Generic impact sounds;Glass shatter;Gunshot, gunfire;Video game sound",base
8rJBP4HSe9Q_20000,8rJBP4HSe9Q,20.0,glass,glass,glass,1,1,v1,5.905,7.728,1.823,,Music,0,0,,"Conversation;Glass shatter;Male speech, man speaking;Mechanisms;Music;Sound effect;Tick",base
8uAakw-p9Sc_0,8uAakw-p9Sc,0.0,siren,siren,siren,1,1,v1,0.066,8.359,8.293,Siren,,0,0,,Background noise;Generic impact sounds;Human sounds;Siren;Snoring;Tick,base
8v-i2ezKYn4_10000,8v-i2ezKYn4,10.0,background,,,0,0,bg,,,,,,0,0,,"Background noise;Crumpling, crinkling;Male speech, man speaking;Surface contact;Walk, footsteps",base
8wApID15UQA_200000,8wApID15UQA,200.0,glass,glass,glass,1,1,real,1.752,2.459,0.707,,Music,0,0,,Glass shatter;Music,base
8x655wfhb0E_0,8x655wfhb0E,0.0,background,,,0,0,bg,,,,,,0,0,,Train;Train horn,base
8yRgnXdpayc_10000,8yRgnXdpayc,10.0,glass,glass,glass,1,1,v1,5.723,10.000,4.277,,,0,0,,"Glass shatter;Gunshot, gunfire;Human voice;Male speech, man speaking;Thump, thud;Video game sound",base
9-N0_whpU8k_30000,9-N0_whpU8k,30.0,background,,,0,0,bg,,,,,,0,0,,Engine starting;Idling;Medium engine (mid frequency),base
92CYiK30g7I_30000,92CYiK30g7I,30.0,background,,,0,0,bg,,,,,,0,0,,"Bird vocalization, bird call, bird song;Car;Gobble;Patter;Tick",base
92SItXgyX48_30000,92SItXgyX48,30.0,background,,,0,0,bg,,,,,Music,0,0,,"Male singing;Male speech, man speaking;Music",base
9333g4yOhLU_50000,9333g4yOhLU,50.0,siren,siren,siren,1,1,v1,0.000,10.000,10.000,Siren,,0,0,,Siren,base
94EMyHuqG7o_290000,94EMyHuqG7o,290.0,glass,glass,glass,1,1,v1,4.910,6.448,1.538,,,0,0,,Glass shatter,base
96BSx3d4kz0_19000,96BSx3d4kz0,19.0,scream,,scream,0,1,real,4.866,5.975,1.109,,Cheering;Screaming,0,0,crowd,"Accelerating, revving, vroom;Car;Cheering;Hubbub, speech noise, speech babble;Screaming",base
9AZ132Rw2-k_500000,9AZ132Rw2-k,500.0,background,,,0,0,bg,,,,,,0,0,,"Background noise;Breathing;Crumpling, crinkling;Female speech, woman speaking;Generic impact sounds;Zipper (clothing)",base
9I0Z8u9G5NY_50000,9I0Z8u9G5NY,50.0,glass,glass,glass,1,1,real,2.919,3.583,0.664,,Music,0,0,,"Female speech, woman speaking;Glass shatter;Hammer;Music;Surface contact",base
9I1uKYCe9eA_0,9I1uKYCe9eA,0.0,background,,,0,0,bg,,,,,,0,0,,Background noise;Howl;Human voice;Surface contact;Tick;Whimper (dog),base
9KR6Kr_ixf0_290000,9KR6Kr_ixf0,290.0,scream,,scream,0,1,real,5.781,6.098,0.317,,Laughter;Screaming,0,0,laughter,"Child speech, kid speaking;Conversation;Female speech, woman speaking;Generic impact sounds;Laughter;Male speech, man speaking;Screaming;Spray",base
9KcGWOUGETI_0,9KcGWOUGETI,0.0,scream,scream,,1,0,v1,0.134,1.698,1.564,,Shout,0,0,,Mechanisms;Shout;Sound effect,base
9MMKlCkUqqs_0,9MMKlCkUqqs,0.0,background,,,0,0,bg,,,,,Laughter,0,0,laughter,"Breathing;Female speech, woman speaking;Growling;Human voice;Laughter;Mechanisms;Tick;Wind",base
9MSqtzpQNvY_30000,9MSqtzpQNvY,30.0,background,,,0,0,bg,,,,,"Chuckle, chortle",0,0,,"Background noise;Child speech, kid speaking;Chuckle, chortle;Ducks, geese, waterfowl;Sound effect",base
9RDrmOhNjHo_100000,9RDrmOhNjHo,100.0,dog_bark,dog_bark,dog_bark,1,1,real,8.486,8.681,0.195,,Laughter,1,0,laughter,"Bark;Child speech, kid speaking;Conversation;Laughter;Male speech, man speaking;Skateboard;Wind",base
9TIp9qdJ3f8_30000,9TIp9qdJ3f8,30.0,background,,,0,0,bg,,,,,,0,0,,"Accelerating, revving, vroom;Brief tone;Male speech, man speaking;Motor vehicle (road)",base
9X4HqX_nIpA_4000,9X4HqX_nIpA,4.0,siren,,siren,0,1,real,0.000,9.491,9.491,Ambulance (siren),,0,0,,"Ambulance (siren);Tick;Vehicle horn, car horn, honking, toot;Wind;Wind noise (microphone)",base
9YPfYFx_2I8_290000,9YPfYFx_2I8,290.0,background,,,0,0,bg,,,,,,0,0,,"Beep, bleep;Sound effect;Tick",base
9ZEXFv_q2sI_30000,9ZEXFv_q2sI,30.0,dog_bark,dog_bark,,1,0,v1,1.466,2.821,1.355,,Laughter,0,1,dog_nonbark;laughter,Background noise;Dog;Generic impact sounds;Laughter,base
9_PvnvCyKc8_10000,9_PvnvCyKc8,10.0,background,,,0,0,bg,,,,,,0,0,,Cough;Mechanisms,base
9dun3wWyO_I_14000,9dun3wWyO_I,14.0,siren,,siren,0,1,real,0.000,9.615,9.615,"Fire engine, fire truck (siren)",,0,0,,"Car passing by;Fire engine, fire truck (siren);Wind;Wind noise (microphone)",base
9elPApPw-dQ_0,9elPApPw-dQ,0.0,glass,glass,glass,1,1,v1,4.782,5.684,0.902,,,0,0,,Breaking;Generic impact sounds;Glass shatter;Mechanisms,base
9fTTUxhp6_4_30000,9fTTUxhp6_4,30.0,background,,,0,0,bg,,,,,,0,0,,Mechanisms,base
9gN4EeyMopc_30000,9gN4EeyMopc,30.0,background,,,0,0,bg,,,,,Music,0,0,,Breaking;Music,base
9gPdg9a2oQk_120000,9gPdg9a2oQk,120.0,background,,,0,0,bg,,,,,,0,0,crowd,"Breathing;Car;Engine starting;Generic impact sounds;Hubbub, speech noise, speech babble;Wind",base
9hb6-WQEhVw_12000,9hb6-WQEhVw,12.0,background,,,0,0,bg,,,,,,0,0,,"Accelerating, revving, vroom;Medium engine (mid frequency)",base
9hos2rBABmw_30000,9hos2rBABmw,30.0,background,,,0,0,bg,,,,,,0,0,crying,"Breathing;Crying, sobbing;Female speech, woman speaking;Generic impact sounds;Human voice;Television",base
9jgS7Yu0zts_30000,9jgS7Yu0zts,30.0,background,,,0,0,bg,,,,,Music,0,0,,Music,base
9jjxyxXUcYw_30000,9jjxyxXUcYw,30.0,background,,,0,0,bg,,,,,Music,0,0,,Music,base
9mh_ig-waiQ_30000,9mh_ig-waiQ,30.0,glass,glass,glass,1,1,real,8.486,9.997,1.511,,Music,0,0,,Glass shatter;Music;Sound effect;Video game sound,base
9nUz2ruwFKY_230000,9nUz2ruwFKY,230.0,dog_bark,dog_bark,,1,0,v1,9.309,9.529,0.220,,,0,1,dog_nonbark,"Background noise;Bird vocalization, bird call, bird song;Dog;Rustle",base
9npEh0yI-8Q_100000,9npEh0yI-8Q,100.0,siren,siren,siren,1,1,v1,0.000,4.160,4.160,Siren,,0,0,,"Beep, bleep;Generic impact sounds;Male speech, man speaking;Noise;Power windows, electric windows;Radio;Siren;Tick;Vehicle",base
9rI2uIIieOU_240000,9rI2uIIieOU,240.0,background,,,0,0,bg,,,,,Giggle;Laughter;Music,0,0,laughter,"Child speech, kid speaking;Conversation;Female speech, woman speaking;Giggle;Laughter;Male speech, man speaking;Music;Walk, footsteps",base
9rJ1BsN-gOY_50000,9rJ1BsN-gOY,50.0,dog_bark,dog_bark,,1,0,v1,8.912,9.693,0.781,,Laughter,0,1,dog_nonbark;laughter,"Dog;Generic impact sounds;Human voice;Laughter;Liquid;Splash, splatter",base
9sbiN76Znck_490000,9sbiN76Znck,490.0,scream,scream,scream,1,1,real,6.311,8.157,1.846,,Screaming,0,0,,"Female speech, woman speaking;Human voice;Male speech, man speaking;Mechanisms;Screaming;Television",base
9uf0UtBR8Uc_30000,9uf0UtBR8Uc,30.0,glass,glass,glass,1,1,v1,7.094,9.314,2.220,,,0,0,,"Glass chink, clink;Glass shatter;Mechanisms",base
9v5chylhPzI_60000,9v5chylhPzI,60.0,background,,,0,0,bg,,,,,,0,0,,"Chicken, rooster;Cluck;Generic impact sounds;Male speech, man speaking",base
9v6hdSP4_Gw_30000,9v6hdSP4_Gw,30.0,background,,,0,0,bg,,,,,,0,0,,"Background noise;Breathing;Female speech, woman speaking",base
9vVrBybwoOw_40000,9vVrBybwoOw,40.0,scream,scream,,1,0,v1,1.716,3.565,1.849,,Shout,0,0,,"Breathing;Generic impact sounds;Male speech, man speaking;Mechanisms;Shout;Tick",base
9w-Q-JqF0q4_0,9w-Q-JqF0q4,0.0,background,,,0,0,bg,,,,,,0,0,,Breathing;Generic impact sounds;Mechanisms;Sneeze;Tick,base
9xls_sIJ_s8_30000,9xls_sIJ_s8,30.0,dog_bark,dog_bark,dog_bark,1,1,v1,4.274,4.623,0.349,,,1,0,,"Baby cry, infant cry;Background noise;Bark;Conversation;Cough;Female speech, woman speaking;Human sounds;Male speech, man speaking;Tick",base
9zDVaD6qC94_30000,9zDVaD6qC94,30.0,background,,,0,0,bg,,,,,,0,0,,Human voice;Mechanisms;Squeal,base
A0nAQFrodK0_100000,A0nAQFrodK0,100.0,scream,,scream,0,1,real,0.142,1.189,1.047,,Laughter;Screaming,0,0,laughter,"Background noise;Bird vocalization, bird call, bird song;Child speech, kid speaking;Conversation;Generic impact sounds;Human sounds;Laughter;Male speech, man speaking;Screaming;Splash, splatter;Surface contact;Tick;Wind noise (microphone)",base
A1olV8Lo6FE_24000,A1olV8Lo6FE,24.0,background,,,0,0,bg,,,,,Laughter,0,0,laughter,"Background noise;Bleat;Conversation;Female speech, woman speaking;Human sounds;Laughter;Male speech, man speaking;Moo;Tap",base
A4M_F57-XDw_30000,A4M_F57-XDw,30.0,background,,,0,0,bg,,,,,,0,0,,Truck,base
A4YYd14IWsk_30000,A4YYd14IWsk,30.0,background,,,0,0,bg,,,,,Music,0,0,,"Background noise;Croak;Male speech, man speaking;Music",base
A4lHC6dO0DQ_30000,A4lHC6dO0DQ,30.0,siren,,siren,0,1,real,0.000,10.000,10.000,"Fire engine, fire truck (siren)",,0,0,,"Fire engine, fire truck (siren);Truck;Wind noise (microphone)",base
A5ZGEJKUTXY_30000,A5ZGEJKUTXY,30.0,siren,,siren,0,1,real,0.000,4.893,4.893,Police car (siren),,0,0,,"Car;Chirp, tweet;Clicking;Male speech, man speaking;Police car (siren);Smash, crash;Video game sound",base
A66oqD2hz4M_30000,A66oqD2hz4M,30.0,dog_bark,dog_bark,dog_bark,1,1,real,8.614,9.087,0.473,,,1,0,crowd,"Bark;Hubbub, speech noise, speech babble;Steam",base
A6BjDtwRfJ0_30000,A6BjDtwRfJ0,30.0,background,,,0,0,bg,,,,,,0,0,,Background noise;Hoot;Tick,base
A7KoOeMaAco_0,A7KoOeMaAco,0.0,glass,glass,glass,1,1,real,5.023,5.646,0.623,,,0,0,,Glass shatter;Mechanisms,base
A8QzHp9TeZk_30000,A8QzHp9TeZk,30.0,dog_bark,dog_bark,dog_bark,1,1,v1,5.559,5.984,0.425,,Music,1,0,,Bark;Clicking;Generic impact sounds;Music;Noise;Tick,base
AA0lD9YV9ig_16000,AA0lD9YV9ig,16.0,siren,siren,siren,1,1,real,0.000,9.053,9.053,Siren,,0,0,,Siren,base
AA6GYNHPW04_70000,AA6GYNHPW04,70.0,background,,,0,0,bg,,,,,Laughter,0,0,laughter,"Baby laughter;Breathing;Female speech, woman speaking;Generic impact sounds;Laughter;Mechanisms;Scrape;Tap",base
AAK5CKpHuhc_30000,AAK5CKpHuhc,30.0,background,,,0,0,bg,,,,,Music,0,0,,"Male singing;Male speech, man speaking;Music;Skateboard;Tick;Whoop",base
ACOT18HzePA_30000,ACOT18HzePA,30.0,siren,siren,siren,1,1,v1,7.005,10.000,2.995,Siren,,0,0,,"Air horn, truck horn;Breathing;Generic impact sounds;Male speech, man speaking;Siren",base
ACbxWreoN9E_30000,ACbxWreoN9E,30.0,background,,,0,0,bg,,,,,Music,0,0,,Music,base
AEFTb1vhp48_30000,AEFTb1vhp48,30.0,background,,,0,0,bg,,,,,Music,0,0,,Female singing;Music,base
AHqM4HS4VHY_50000,AHqM4HS4VHY,50.0,background,,,0,0,bg,,,,,,0,0,,"Accelerating, revving, vroom;Male speech, man speaking;Motorcycle",base
AHv93TaHyDI_30000,AHv93TaHyDI,30.0,siren,siren,siren,1,1,v1,3.980,10.000,6.020,Siren,,0,0,,"Accelerating, revving, vroom;Male speech, man speaking;Medium engine (mid frequency);Motor vehicle (road);Radio;Siren",base
AJfFlME_8f8_30000,AJfFlME_8f8,30.0,background,,,0,0,bg,,,,,,0,0,,Animal,base
ANXjJY9Ceqg_40000,ANXjJY9Ceqg,40.0,dog_bark,dog_bark,dog_bark,1,1,v1,5.497,6.277,0.780,,,1,1,,"Bark;Breathing;Dog;Generic impact sounds;Human sounds;Male speech, man speaking;Motor vehicle (road);Tick;Wind",base
ANdiqIpn03w_70000,ANdiqIpn03w,70.0,dog_bark,dog_bark,dog_bark,1,1,real,4.718,5.568,0.850,,,1,0,,Bark;Generic impact sounds;Human sounds;Human voice;Pant;Pant (dog);Tick;Wind,base
AOkT1SSdLo0_30000,AOkT1SSdLo0,30.0,scream,,scream,0,1,real,8.991,10.000,1.009,,Crowd;Screaming,0,0,crowd,"Crowd;Male speech, man speaking;Screaming;Whoop",base
ARWfdMwaGCY_30000,ARWfdMwaGCY,30.0,scream,scream,,1,0,v1,7.649,7.986,0.337,,Shout,0,0,speech,"Background noise;Bicycle, tricycle;Generic impact sounds;Male speech, man speaking;Shout;Speech;Tick",base
ASYgQQBsmqo_110000,ASYgQQBsmqo,110.0,dog_bark,dog_bark,dog_bark,1,1,real,1.687,2.264,0.577,,,1,0,,"Bark;Bird vocalization, bird call, bird song;Breathing;Male speech, man speaking;Motor vehicle (road);Tick;Wind",base
ASzOY50Dg38_0,ASzOY50Dg38,0.0,glass,glass,glass,1,1,real,7.039,8.213,1.174,,,0,0,,Breathing;Cough;Glass shatter;Sound effect;Wheeze,base
ATu7vfGWBYQ_10000,ATu7vfGWBYQ,10.0,siren,,siren,0,1,real,0.000,5.896,5.896,Police car (siren),,0,0,,"Clicking;Conversation;Door;Generic impact sounds;Groan;Gunshot, gunfire;Male speech, man speaking;Police car (siren);Radio;Surface contact;Video game sound;Walk, footsteps",base
AWLdGLGn49Q_0,AWLdGLGn49Q,0.0,background,,,0,0,bg,,,,,,0,0,,Background noise;Breathing;Crackle;Firecracker;Generic impact sounds;Surface contact;Wind noise (microphone),base
Aa6_NtDD9SQ_230000,Aa6_NtDD9SQ,230.0,glass,glass,glass,1,1,real,5.416,7.568,2.152,,Music,0,0,,Glass shatter;Music;Sound effect,base
AbGje3_nJXY_30000,AbGje3_nJXY,30.0,background,,,0,0,bg,,,,,,0,0,speech,"Generic impact sounds;Motorboat, speedboat;Speech;Splash, splatter;Tick;Waves, surf",base
AdfQgt1--H0_240000,AdfQgt1--H0,240.0,glass,glass,glass,1,1,real,5.929,6.409,0.480,,,0,0,,Animal;Glass shatter;Thunder,base
AdmXXCIWFV8_30000,AdmXXCIWFV8,30.0,glass,glass,glass,1,1,v1,3.904,5.153,1.249,,,0,0,,"Glass shatter;Human sounds;Speech synthesizer;Video game sound;Walk, footsteps",base
AedJIA85TjM_30000,AedJIA85TjM,30.0,background,,,0,0,bg,,,,,Music,0,0,,Chopping (food);Music,base
AemcWVbB2zI_30000,AemcWVbB2zI,30.0,glass,glass,glass,1,1,v1,7.220,8.976,1.756,,,0,0,,"Background noise;Generic impact sounds;Glass shatter;Mains hum;Walk, footsteps",base
Af0gf55nC9s_30000,Af0gf55nC9s,30.0,siren,siren,siren,1,1,real,0.004,5.344,5.340,Siren,Music,0,0,,"Male speech, man speaking;Music;Radio;Siren;Thump, thud",base
Af4r3Fbl_LA_30000,Af4r3Fbl_LA,30.0,background,,,0,0,bg,,,,,,0,0,,"Background noise;Caw;Chirp, tweet;Crowing, cock-a-doodle-doo;Ducks, geese, waterfowl;Generic impact sounds;Tick",base
AjlVLaQeUoM_0,AjlVLaQeUoM,0.0,scream,,scream,0,1,real,5.771,9.220,3.449,,Cheering;Music;Screaming,0,0,crowd,"Cheering;Male speech, man speaking;Music;Screaming;Sound effect",base
Akw5vMtgX4g_30000,Akw5vMtgX4g,30.0,background,,,0,0,bg,,,,,,0,0,,Sound effect,base
ApXTSdO2BaM_30000,ApXTSdO2BaM,30.0,background,,,0,0,bg,,,,,,0,0,,Rain;Wind,base
AquJv-YPZZI_60000,AquJv-YPZZI,60.0,siren,siren,siren,1,1,real,0.000,10.000,10.000,Siren,,0,0,,Siren;Wind,base
AtBhjH3D0RY_10000,AtBhjH3D0RY,10.0,glass,glass,glass,1,1,v1,1.890,2.655,0.765,,,0,0,,Glass shatter,base
Av2XxYMZXH8_0,Av2XxYMZXH8,0.0,siren,siren,siren,1,1,v1,0.541,5.341,4.800,Siren,,0,0,,Generic impact sounds;Siren,base
AvU6bhvYl6A_7000,AvU6bhvYl6A,7.0,background,,,0,0,bg,,,,,,0,0,,"Air horn, truck horn;Wind noise (microphone)",base
AzjZPrVU1yI_30000,AzjZPrVU1yI,30.0,background,,,0,0,bg,,,,,Music,0,0,,Music,base
AzmRoa4oqdY_30000,AzmRoa4oqdY,30.0,glass,glass,glass,1,1,real,3.953,4.847,0.894,,Music,0,0,,Glass shatter;Music,base
B4AdQaCn7uA_470000,B4AdQaCn7uA,470.0,background,,,0,0,bg,,,,,Music,0,0,,Female singing;Music;Tap dance,base
B4SpCBvnFXM_28000,B4SpCBvnFXM,28.0,dog_bark,dog_bark,dog_bark,1,1,v1,4.048,5.069,1.021,,Music,1,0,,"Background noise;Bark;Doorbell;Female singing;Female speech, woman speaking;Generic impact sounds;Music;Yip",base
B4mYyXhp-m8_30000,B4mYyXhp-m8,30.0,background,,,0,0,bg,,,,,Crowd;Music,0,0,crowd,Crowd;Music,base
B57KJ-o8RFQ_30000,B57KJ-o8RFQ,30.0,siren,siren,siren,1,1,real,7.099,8.635,1.536,Siren,,0,0,,"Clicking;Male speech, man speaking;Siren",base
B5a1H3DBu0k_17000,B5a1H3DBu0k,17.0,glass,glass,glass,1,1,v1,7.709,9.309,1.600,,Music,0,0,,Door;Generic impact sounds;Glass shatter;Human voice;Music,base
B6mIwGEwPeI_16000,B6mIwGEwPeI,16.0,scream,scream,scream,1,1,v1,7.966,8.631,0.665,,Screaming,0,0,speech,"Background noise;Bird vocalization, bird call, bird song;Bleat;Female speech, woman speaking;Screaming;Speech",base
BAD7QIX32cI_370000,BAD7QIX32cI,370.0,background,,,0,0,bg,,,,,Music,0,0,,"Male speech, man speaking;Music;Sound effect;Video game sound",base
BBYIJjcxapk_30000,BBYIJjcxapk,30.0,siren,siren,siren,1,1,v1,0.000,6.217,6.217,Siren,,0,0,,Generic impact sounds;Mechanisms;Siren,base
BC-hQaoRs-k_0,BC-hQaoRs-k,0.0,dog_bark,dog_bark,,1,0,v1,2.865,4.993,2.128,,,0,1,dog_nonbark,"Dog;Generic impact sounds;Male speech, man speaking;Mechanisms;Thump, thud;Tick",base
BCfnxbq7t20_30000,BCfnxbq7t20,30.0,background,,,0,0,bg,,,,,Music,0,0,,Breathing;Human voice;Music;Snoring;Tap,base
BCiGnyTD1EM_140000,BCiGnyTD1EM,140.0,background,,,0,0,bg,,,,,Music,0,0,,"Accelerating, revving, vroom;Car;Human voice;Male speech, man speaking;Music;Tire squeal, skidding;Wind",base
BCkJt4wi-cE_50000,BCkJt4wi-cE,50.0,background,,,0,0,bg,,,,,,0,0,,Background noise;Creak;Generic impact sounds;Surface contact;Tick-tock;Wheeze,base
BCtOOoWdGhk_90000,BCtOOoWdGhk,90.0,scream,,scream,0,1,real,4.803,10.000,5.197,,Clapping;Crowd;Music;Screaming,0,0,crowd,Clapping;Crowd;Music;Screaming,base
BE-_xwYsiFI_14000,BE-_xwYsiFI,14.0,background,,,0,0,bg,,,,,,0,0,,Sanding,base
BECGGMWVD68_0,BECGGMWVD68,0.0,scream,scream,scream,1,1,v1,4.911,6.160,1.249,,Screaming,0,0,,"Background noise;Breathing;Child speech, kid speaking;Female speech, woman speaking;Generic impact sounds;Hands;Knock;Screaming",base
BFSLupBoFuA_13000,BFSLupBoFuA,13.0,glass,glass,glass,1,1,v1,0.000,1.441,1.441,,,0,0,,"Breathing;Female speech, woman speaking;Glass shatter;Tick",base
BIAkLC-gy2Y_250000,BIAkLC-gy2Y,250.0,background,,,0,0,bg,,,,,,0,0,,"Helicopter;Male speech, man speaking",base
BLJrowgpjWk_30000,BLJrowgpjWk,30.0,background,,,0,0,bg,,,,,,0,0,,Alarm clock;Tick,base
BLUr0EbKpRE_20000,BLUr0EbKpRE,20.0,scream,,scream,0,1,real,0.642,1.606,0.964,,Laughter;Screaming,0,0,crying;laughter,"Babbling;Background noise;Child speech, kid speaking;Crying, sobbing;Gasp;Laughter;Scrape;Screaming;Walk, footsteps",base
BNLtir7NhF4_30000,BNLtir7NhF4,30.0,glass,glass,glass,1,1,v1,0.000,2.425,2.425,,,0,0,,Breaking;Glass shatter;Sound effect,base
BO7kem9P6b0_0,BO7kem9P6b0,0.0,background,,,0,0,bg,,,,,,0,0,,Animal;Background noise;Generic impact sounds,base
BOpR2kqAEfU_30000,BOpR2kqAEfU,30.0,background,,,0,0,bg,,,,,Laughter,0,0,crowd;laughter,"Background noise;Hubbub, speech noise, speech babble;Human sounds;Laughter;Male speech, man speaking;Water",base
BRKDfNN_MnY_30000,BRKDfNN_MnY,30.0,siren,siren,siren,1,1,real,0.000,9.722,9.722,Siren,,0,0,,Siren,base
BUfzDUbMVpQ_20000,BUfzDUbMVpQ,20.0,background,,,0,0,bg,,,,,Laughter,0,0,laughter,"Bird vocalization, bird call, bird song;Breathing;Generic impact sounds;Human sounds;Laughter;Male speech, man speaking;Motor vehicle (road);Surface contact;Walk, footsteps;Wind",base
BVlgK6haVi4_30000,BVlgK6haVi4,30.0,background,,,0,0,bg,,,,,,0,0,,Breathing;Generic impact sounds;Mechanisms;Surface contact;Tick;Whispering,base
BWV0QgrHG_I_80000,BWV0QgrHG_I,80.0,glass,glass,glass,1,1,real,0.000,0.470,0.470,,Laughter;Music,0,0,laughter,"Artillery fire;Glass shatter;Gunshot, gunfire;Laughter;Music;Scrape;Video game sound;Walk, footsteps",base
BZO7Q6mQ5dU_18000,BZO7Q6mQ5dU,18.0,dog_bark,dog_bark,,1,0,v1,1.700,1.960,0.260,,,0,1,dog_nonbark,Breathing;Dog;Howl;Human voice;Mechanisms,base
BamyhsjXozs_90000,BamyhsjXozs,90.0,glass,glass,glass,1,1,v1,3.828,5.890,2.062,,Music,0,0,,"Female speech, woman speaking;Generic impact sounds;Glass chink, clink;Glass shatter;Music;Sound effect",base
BcOMQ6-b5Jo_100000,BcOMQ6-b5Jo,100.0,background,,,0,0,bg,,,,,,0,0,,Background noise;Scratch;Surface contact;Tap;Tick;Whispering,base
Bejo7DvdVl4_520000,Bejo7DvdVl4,520.0,background,,,0,0,bg,,,,,,0,0,,Background noise;Clicking;Whispering,base
Bemu-8j_VGE_17000,Bemu-8j_VGE,17.0,dog_bark,dog_bark,dog_bark,1,1,real,1.661,2.114,0.453,,,1,0,,"Accelerating, revving, vroom;Air brake;Background noise;Bark;Chirp, tweet;Motorcycle",base
BlU-AH6KIjs_60000,BlU-AH6KIjs,60.0,background,,,0,0,bg,,,,,Music,0,0,,Choir;Generic impact sounds;Human voice;Music,base
BpHTMVB9fBw_20000,BpHTMVB9fBw,20.0,background,,,0,0,bg,,,,,,0,0,,"Child speech, kid speaking;Mechanisms;Whir",base
BpsgAsu1Z4Y_30000,BpsgAsu1Z4Y,30.0,glass,glass,glass,1,1,v1,1.232,1.622,0.390,,Music,0,0,,Glass shatter;Music;Sound effect;Video game sound,base
BrohDjf-DtA_110000,BrohDjf-DtA,110.0,background,,,0,0,bg,,,,,Clapping;Music,0,0,,"Clapping;Finger snapping;Human voice;Male speech, man speaking;Music;Tap dance",base
Bs3sxI1l_IY_80000,Bs3sxI1l_IY,80.0,background,,,0,0,bg,,,,,,0,0,,Aircraft,base
BsbI6URzLJA_8000,BsbI6URzLJA,8.0,scream,,scream,0,1,real,9.360,9.783,0.423,,Laughter;Music;Screaming;Shout,0,0,crowd;laughter,"Clip-clop;Female speech, woman speaking;Generic impact sounds;Hubbub, speech noise, speech babble;Laughter;Music;Screaming;Shout",base
BseJIVyOJ-w_30000,BseJIVyOJ-w,30.0,background,,,0,0,bg,,,,,Music,0,0,,Child singing;Music,base
Bt4CFOB3wSI_30000,Bt4CFOB3wSI,30.0,background,,,0,0,bg,,,,,,0,0,,Clickety-clack;Train,base
Bx8QxSYu2WU_30000,Bx8QxSYu2WU,30.0,background,,,0,0,bg,,,,,,0,0,,Bathtub (filling or washing);Mechanisms,base
C-MoZ1_2Tt0_10000,C-MoZ1_2Tt0,10.0,glass,glass,glass,1,1,v1,1.165,4.174,3.009,,,0,0,,"Crushing;Glass shatter;Male speech, man speaking;Mechanisms",base
C2oFyI1m-hg_270000,C2oFyI1m-hg,270.0,scream,,scream,0,1,real,2.299,4.441,2.142,,Music;Screaming,0,0,,"Background noise;Male singing;Male speech, man speaking;Music;Noise;Screaming;Thump, thud",base
C7JVpcgv0gI_30000,C7JVpcgv0gI,30.0,scream,scream,,1,0,v1,7.969,8.773,0.804,,Shout,0,0,,"Background noise;Human voice;Male speech, man speaking;Noise;Shout",base
CD1_fL5Q6-w_0,CD1_fL5Q6-w,0.0,glass,glass,glass,1,1,real,6.554,7.516,0.962,,,0,0,,"Bird vocalization, bird call, bird song;Breathing;Fire;Generic impact sounds;Glass shatter;Motor vehicle (road);Wind",base
CDzW4yV2g3Y_20000,CDzW4yV2g3Y,20.0,background,,,0,0,bg,,,,,,0,0,,Sine wave,base
CGaCol9rTJQ_30000,CGaCol9rTJQ,30.0,background,,,0,0,bg,,,,,Laughter,0,0,laughter,Breathing;Cough;Generic impact sounds;Hiccup;Human sounds;Laughter;Mechanisms,base
CGcgR70-QJg_140000,CGcgR70-QJg,140.0,background,,,0,0,bg,,,,,,0,0,,"Generic impact sounds;Trickle, dribble",base
CJsKo3u7dsk_170000,CJsKo3u7dsk,170.0,glass,glass,glass,1,1,real,5.756,6.652,0.896,,Music,0,0,,Generic impact sounds;Glass shatter;Howl;Music;Slam,base
CLvBQT_Bhk8_340000,CLvBQT_Bhk8,340.0,scream,,scream,0,1,real,1.583,4.823,3.240,,Crowd;Music;Screaming,0,0,crowd,Crowd;Music;Screaming,base
CMFNYb3jSc8_30000,CMFNYb3jSc8,30.0,background,,,0,0,bg,,,,,Applause,0,0,crowd,"Applause;Background noise;Breathing;Male speech, man speaking",base
CMoyM4yG3nk_10000,CMoyM4yG3nk,10.0,glass,glass,glass,1,1,v1,3.491,5.651,2.160,,,0,0,,"Background noise;Breathing;Drip;Generic impact sounds;Glass shatter;Male speech, man speaking",base
CRZ4rjGUKiA_30000,CRZ4rjGUKiA,30.0,background,,,0,0,bg,,,,,,0,0,,"Baby cry, infant cry;Mechanisms;Rain on surface;Thump, thud;Walk, footsteps",base
CS4cJBRBE6I_0,CS4cJBRBE6I,0.0,background,,,0,0,bg,,,,,,0,0,,Chainsaw;Generic impact sounds,base
CSaXbTIs8gk_60000,CSaXbTIs8gk,60.0,glass,glass,glass,1,1,real,8.412,10.000,1.588,,Music,0,0,,Finger snapping;Generic impact sounds;Glass shatter;Male singing;Music;Tap,base
CU2MyVM_B48_30000,CU2MyVM_B48,30.0,siren,,siren,0,1,real,0.000,10.000,10.000,Civil defense siren,,0,0,,Civil defense siren,base
CUTr7xl7WCo_550000,CUTr7xl7WCo,550.0,scream,scream,,1,0,v1,4.647,5.297,0.650,,Shout,0,0,,"Male speech, man speaking;Shout;Skateboard;Wind;Wind noise (microphone)",base
CWSQvifI9F4_20000,CWSQvifI9F4,20.0,scream,scream,,1,0,v1,4.351,4.652,0.301,,Shout,0,0,,"Background noise;Child speech, kid speaking;Crackle;Fireworks;Human voice;Shout",base
CWdNRrL1jSU_40000,CWdNRrL1jSU,40.0,dog_bark,dog_bark,dog_bark,1,1,real,5.420,7.217,1.797,,,1,1,,Background noise;Bark;Dog,base
CYR7OUgHoy8_470000,CYR7OUgHoy8,470.0,glass,glass,glass,1,1,v1,4.936,5.952,1.016,,Music,0,0,,"Beep, bleep;Conversation;Glass shatter;Gunshot, gunfire;Human voice;Male speech, man speaking;Music;Sound effect;Video game sound",base
CYTVra2nQso_480000,CYTVra2nQso,480.0,background,,,0,0,bg,,,,,,0,0,,Rain;Tick;Wind noise (microphone),base
CbBxZH7vfiA_30000,CbBxZH7vfiA,30.0,glass,glass,glass,1,1,real,8.417,9.024,0.607,,Music,0,0,,"Glass shatter;Music;Sound effect;Tap;Video game sound;Whoosh, swoosh, swish",base
CbEWyAaY2MU_0,CbEWyAaY2MU,0.0,background,,,0,0,bg,,,,,Music,0,0,,Music,base
Cbc8TOCVNJ8_30000,Cbc8TOCVNJ8,30.0,glass,glass,glass,1,1,real,8.155,8.976,0.821,,Music,0,0,,Background noise;Generic impact sounds;Glass shatter;Music;Wind noise (microphone),base
CcJMfOiBfug_30000,CcJMfOiBfug,30.0,background,,,0,0,bg,,,,,,0,0,,"Female speech, woman speaking;Fire;Male speech, man speaking",base
Cg0cRkx4bcw_130000,Cg0cRkx4bcw,130.0,dog_bark,dog_bark,dog_bark,1,1,v1,8.384,9.342,0.958,,,1,0,,Background noise;Bark;Generic impact sounds,base
CgGBke-_n2k_220000,CgGBke-_n2k,220.0,background,,,0,0,bg,,,,,,0,0,,"Background noise;Bird flight, flapping wings;Bird vocalization, bird call, bird song;Child speech, kid speaking;Door;Generic impact sounds;Human sounds;Male speech, man speaking;Surface contact",base
ChIrHc6LL2w_30000,ChIrHc6LL2w,30.0,background,,,0,0,bg,,,,,Music,0,0,,"Female speech, woman speaking;Human sounds;Male speech, man speaking;Music",base
Cj0uyQKou3o_40000,Cj0uyQKou3o,40.0,background,,,0,0,bg,,,,,,0,0,,"Accelerating, revving, vroom;Car;Scrape",base
CjuS8Hj9FPA_0,CjuS8Hj9FPA,0.0,scream,,scream,0,1,real,0.877,3.829,2.952,,Crowd;Screaming,0,0,crowd,Crowd;Screaming,base
Cku9iaQncWA_27000,Cku9iaQncWA,27.0,siren,siren,siren,1,1,v1,2.355,8.513,6.158,Siren,,0,0,,Car alarm;Generic impact sounds;Mechanisms;Siren,base
Cld46xLRDSE_10000,Cld46xLRDSE,10.0,background,,,0,0,bg,,,,,,0,0,,Background noise;Fireworks,base
CmqtPdz1enQ_90000,CmqtPdz1enQ,90.0,dog_bark,dog_bark,dog_bark,1,1,real,5.709,6.207,0.498,,,1,0,,Bark;Generic impact sounds;Howl;Mechanisms;Surface contact,base
CoAR0X6WXnY_30000,CoAR0X6WXnY,30.0,background,,,0,0,bg,,,,,,0,0,crying,"Breathing;Child speech, kid speaking;Conversation;Crying, sobbing;Female speech, woman speaking;Generic impact sounds;Mechanisms",base
CqKaISCS1LM_400000,CqKaISCS1LM,400.0,background,,,0,0,bg,,,,,,0,0,,Change ringing (campanology),base
CqXVwTkTZtM_30000,CqXVwTkTZtM,30.0,background,,,0,0,bg,,,,,,0,0,,"Generic impact sounds;Gunshot, gunfire;Video game sound;Walk, footsteps",base
CrslCWkF7G8_80000,CrslCWkF7G8,80.0,dog_bark,dog_bark,dog_bark,1,1,real,6.622,9.199,2.577,,"Chuckle, chortle",1,0,,"Background noise;Bark;Chuckle, chortle;Generic impact sounds;Growling;Human sounds;Male speech, man speaking;Whistling",base
CsO2Bt6X_3E_160000,CsO2Bt6X_3E,160.0,glass,glass,glass,1,1,v1,5.066,6.212,1.146,,Music,0,0,,Female singing;Glass shatter;Music,base
CsjHApUP0_0_30000,CsjHApUP0_0,30.0,background,,,0,0,bg,,,,,,0,0,,"Male speech, man speaking;Wind noise (microphone)",base
Cu3mGI9N3a0_29000,Cu3mGI9N3a0,29.0,siren,siren,siren,1,1,real,0.008,9.062,9.054,Siren,,0,0,,Background noise;Siren,base
CvvvGRbF5mU_30000,CvvvGRbF5mU,30.0,dog_bark,dog_bark,dog_bark,1,1,v1,7.571,7.839,0.268,,,1,1,,"Background noise;Bark;Dog;Doorbell;Female speech, woman speaking;Generic impact sounds;Human voice;Male speech, man speaking",base
D-opz0mt20w_40000,D-opz0mt20w,40.0,background,,,0,0,bg,,,,,,0,0,,"Beep, bleep;Child speech, kid speaking;Generic impact sounds;Human voice;Mechanisms",base
D133qotuiVc_0,D133qotuiVc,0.0,glass,glass,glass,1,1,v1,3.734,4.636,0.902,,Music,0,0,,Glass shatter;Music,base
D8hfaY9XGj4_120000,D8hfaY9XGj4,120.0,background,,,0,0,bg,,,,,,0,0,,Roar;Speech synthesizer,base
DCg5kJqOMCg_16000,DCg5kJqOMCg,16.0,scream,scream,scream,1,1,real,0.622,1.325,0.703,,Screaming,0,0,crowd,"Child speech, kid speaking;Female speech, woman speaking;Generic impact sounds;Hubbub, speech noise, speech babble;Male speech, man speaking;Motor vehicle (road);Rain;Screaming",base
DDsjiZbgWa0_30000,DDsjiZbgWa0,30.0,background,,,0,0,bg,,,,,,0,0,,Sound effect,base
DG66-_GBHAc_30000,DG66-_GBHAc,30.0,siren,siren,siren,1,1,real,3.624,9.027,5.403,Siren,,0,0,,"Car passing by;Generic impact sounds;Human voice;Motorcycle;Siren;Vehicle horn, car horn, honking, toot;Wind;Wind noise (microphone)",base
DK5zCPkucRc_30000,DK5zCPkucRc,30.0,background,,,0,0,bg,,,,,,0,0,,"Male speech, man speaking;Mechanisms;Surface contact",base
DL6-uzNe3Ng_40000,DL6-uzNe3Ng,40.0,background,,,0,0,bg,,,,,Laughter,0,0,laughter,"Breathing;Burping, eructation;Conversation;Female speech, woman speaking;Laughter;Mechanisms",base
DMu0ZMVRg64_90000,DMu0ZMVRg64,90.0,background,,,0,0,bg,,,,,,0,0,,"Generic impact sounds;Male speech, man speaking;Mechanisms;Truck",base
DN8d-4u5aEU_360000,DN8d-4u5aEU,360.0,dog_bark,dog_bark,,1,0,v1,6.543,10.000,3.457,,Laughter,0,1,dog_nonbark;laughter,"Breathing;Dog;Human voice;Laughter;Male speech, man speaking;Whispering",base
DOotwwASsNE_30000,DOotwwASsNE,30.0,background,,,0,0,bg,,,,,Laughter,0,0,laughter,"Background noise;Breathing;Female speech, woman speaking;Laughter;Male speech, man speaking;Tick",base
DOtBB70Jgu4_60000,DOtBB70Jgu4,60.0,dog_bark,dog_bark,dog_bark,1,1,real,0.823,3.797,2.974,,,1,0,,Bark;Doorbell;Wind noise (microphone),base
DQkQZaH592g_0,DQkQZaH592g,0.0,scream,scream,,1,0,v1,8.624,10.000,1.376,,Shout,0,0,crowd,"Firecracker;Hubbub, speech noise, speech babble;Human voice;Male speech, man speaking;Shout",base
DQu3NAmrD4g_270000,DQu3NAmrD4g,270.0,background,,,0,0,bg,,,,,,0,0,,"Male speech, man speaking;Ocean;Wind noise (microphone)",base
DZoWcUWIwuM_0,DZoWcUWIwuM,0.0,scream,scream,,1,0,v1,7.615,8.969,1.354,,Shout,0,0,crowd,"Hubbub, speech noise, speech babble;Male speech, man speaking;Shout;Snake;Tick;Wind",base
D_9ckXR1Pdo_110000,D_9ckXR1Pdo,110.0,background,,,0,0,bg,,,,,,0,0,,"Generic impact sounds;Human voice;Propeller, airscrew;Tick;Wind noise (microphone)",base
DaMvU_MSjoo_20000,DaMvU_MSjoo,20.0,scream,scream,,1,0,v1,4.459,5.344,0.885,,Shout,0,0,,"Baby cry, infant cry;Male speech, man speaking;Mechanisms;Shout",base
DaQTSw0g6t4_20000,DaQTSw0g6t4,20.0,scream,,scream,0,1,real,2.695,3.096,0.401,,Laughter;Screaming,0,0,laughter,"Background noise;Female speech, woman speaking;Gasp;Human voice;Laughter;Screaming",base
DaqD3qiytjc_30000,DaqD3qiytjc,30.0,background,,,0,0,bg,,,,,,0,0,speech,Fire;Mechanisms;Speech;Wind,base
DcO_YsmTVoQ_19000,DcO_YsmTVoQ,19.0,background,,,0,0,bg,,,,,,0,0,,"Human sounds;Splash, splatter;Waterfall",base
DeeaH0CSlIw_30000,DeeaH0CSlIw,30.0,background,,,0,0,bg,,,,,Music,0,0,,Male singing;Music;Wind;Wind noise (microphone),base
DfNOwspVSyE_21000,DfNOwspVSyE,21.0,background,,,0,0,bg,,,,,,0,0,,"Accelerating, revving, vroom;Bird vocalization, bird call, bird song;Generic impact sounds;Medium engine (mid frequency);Tick",base
DgVjy_yg0zc_21000,DgVjy_yg0zc,21.0,background,,,0,0,bg,,,,,Laughter,0,0,laughter,"Background noise;Breathing;Conversation;Laughter;Male speech, man speaking;Slam;Tick;Walk, footsteps",base
DgdT9ZeQkWs_10000,DgdT9ZeQkWs,10.0,background,,,0,0,bg,,,,,,0,0,,Crow;Generic impact sounds;Tick;Wind,base
Dgjo9FUXvOo_10000,Dgjo9FUXvOo,10.0,background,,,0,0,bg,,,,,,0,0,,Breathing;Child singing;Generic impact sounds;Mechanisms;Scratch,base
DgwQhd9UkiY_110000,DgwQhd9UkiY,110.0,background,,,0,0,bg,,,,,,0,0,,Coin (dropping);Mechanisms,base
Dlp5acsuPkM_17000,Dlp5acsuPkM,17.0,scream,scream,,1,0,v1,3.645,4.305,0.660,,Shout,0,0,,"Cat;Female speech, woman speaking;Gasp;Generic impact sounds;Mechanisms;Meow;Shout",base
DmfwH6q4nSA_90000,DmfwH6q4nSA,90.0,background,,,0,0,bg,,,,,Applause;Cheering;Clapping,0,0,crowd,"Applause;Artillery fire;Cheering;Clapping;Echo;Female speech, woman speaking;Generic impact sounds;Whoop",base
DnpEBXu3zwM_70000,DnpEBXu3zwM,70.0,scream,,scream,0,1,real,2.489,4.499,2.010,,Clapping;Screaming,0,0,,"Clapping;Female speech, woman speaking;Screaming;Water;Wind",base
DoR7vXjW4ik_30000,DoR7vXjW4ik,30.0,siren,,siren,0,1,real,0.000,10.000,10.000,Civil defense siren,,0,0,,Civil defense siren,base
DpFZy-qkIs0_80000,DpFZy-qkIs0,80.0,dog_bark,dog_bark,dog_bark,1,1,real,3.628,4.327,0.699,,Laughter,1,0,laughter,"Bark;Breathing;Conversation;Female speech, woman speaking;Generic impact sounds;Laughter;Mechanisms",base
DpbEoAEI0Sk_110000,DpbEoAEI0Sk,110.0,background,,,0,0,bg,,,,,,0,0,,"Car;Child speech, kid speaking;Female speech, woman speaking;Keys jangling",base
Dpu-dDcMpes_50000,Dpu-dDcMpes,50.0,dog_bark,dog_bark,dog_bark,1,1,real,6.010,6.313,0.303,,,1,0,,Background noise;Bark;Growling,base
DrA8ZNtYwXE_30000,DrA8ZNtYwXE,30.0,dog_bark,dog_bark,dog_bark,1,1,v1,8.736,9.299,0.563,,Music,1,1,,"Bark;Dog;Generic impact sounds;Music;Walk, footsteps",base
DroETzq9Zu0_30000,DroETzq9Zu0,30.0,siren,siren,siren,1,1,v1,0.000,6.550,6.550,Siren,Music,0,0,,Music;Siren;Wind,base
Ds7BeDaofxY_0,Ds7BeDaofxY,0.0,glass,glass,glass,1,1,real,1.701,3.150,1.449,,Music,0,0,,Glass;Glass shatter;Music;Sound effect,base
DtdUYobU_EI_140000,DtdUYobU_EI,140.0,background,,,0,0,bg,,,,,,0,0,,Rail transport;Steam;Tap;Train horn;Train wheels squealing,base
DwC7nA0ueSc_30000,DwC7nA0ueSc,30.0,background,,,0,0,bg,,,,,,0,0,,"Bird vocalization, bird call, bird song;Generic impact sounds;Insect;Male speech, man speaking;Rowboat, canoe, kayak;Water",base
E1FHRl3Qv_o_40000,E1FHRl3Qv_o,40.0,dog_bark,dog_bark,dog_bark,1,1,real,3.567,4.576,1.009,,,1,1,,Background noise;Bark;Dog;Howl,base
E1gFlJEQWDM_30000,E1gFlJEQWDM,30.0,background,,,0,0,bg,,,,,Music,0,0,,"Breathing;Buzz;Conversation;Generic impact sounds;Male speech, man speaking;Music;Tick;Water;Wind",base
E3WRApQZrss_0,E3WRApQZrss,0.0,dog_bark,dog_bark,dog_bark,1,1,real,3.174,3.434,0.260,,,1,0,,"Bark;Generic impact sounds;Male speech, man speaking;Mechanisms",base
E3ngrqX6sSI_13000,E3ngrqX6sSI,13.0,glass,glass,glass,1,1,real,2.821,4.255,1.434,,Music,0,0,,Glass shatter;Music;Sound effect,base
E6Bi91ZOy08_20000,E6Bi91ZOy08,20.0,glass,glass,glass,1,1,real,2.701,3.811,1.110,,Music,0,0,,"Generic impact sounds;Glass chink, clink;Glass shatter;Music;Tools",base
E7UqRCbeqio_110000,E7UqRCbeqio,110.0,siren,siren,siren,1,1,v1,0.000,10.000,10.000,Siren,,0,0,crowd,"Air brake;Emergency vehicle;Generic impact sounds;Hubbub, speech noise, speech babble;Siren;Squeak",base
E7XaZtFSiZA_60000,E7XaZtFSiZA,60.0,dog_bark,dog_bark,,1,0,v1,5.228,5.850,0.622,,,0,1,dog_nonbark,"Clicking;Dog;Generic impact sounds;Human voice;Male speech, man speaking;Mechanisms;Whispering",base
E7kop5VJoY4_280000,E7kop5VJoY4,280.0,scream,,scream,0,1,real,3.025,6.667,3.642,,Music;Screaming,0,0,,"Breathing;Generic impact sounds;Insect;Male speech, man speaking;Music;Screaming;Tick;Wind",base
EBC4O9aoyLA_460000,EBC4O9aoyLA,460.0,glass,glass,glass,1,1,v1,8.119,9.285,1.166,,,0,0,,"Glass shatter;Insect;Machine gun;Male speech, man speaking;Moo;Walk, footsteps;Wind",base
EBSOm3ZGnls_0,EBSOm3ZGnls,0.0,siren,,siren,0,1,real,0.077,10.000,9.923,"Fire engine, fire truck (siren)",,0,0,,"Fire engine, fire truck (siren);Generic impact sounds;Wind noise (microphone)",base
ECGmCRE_QTM_100000,ECGmCRE_QTM,100.0,glass,glass,glass,1,1,real,7.138,8.650,1.512,,,0,0,,"Background noise;Breathing;Generic impact sounds;Glass chink, clink;Glass shatter;Surface contact;Tick;Walk, footsteps",base
EDYKhXLFbSU_450000,EDYKhXLFbSU,450.0,background,,,0,0,bg,,,,,,0,0,,Background noise;Cricket;Paper rustling;Tearing,base
EHr2Bjr155s_40000,EHr2Bjr155s,40.0,siren,,siren,0,1,real,0.000,10.000,10.000,Ambulance (siren);Police car (siren),,0,0,,"Ambulance (siren);Generic impact sounds;Police car (siren);Traffic noise, roadway noise",base
EKAo8LAWxvk_60000,EKAo8LAWxvk,60.0,siren,,siren,0,1,real,0.000,10.000,10.000,"Fire engine, fire truck (siren)",,0,0,,"Fire engine, fire truck (siren)",base
EPSfhISNkME_29000,EPSfhISNkME,29.0,background,,,0,0,bg,,,,,Music,0,0,,"Child speech, kid speaking;Female speech, woman speaking;Generic impact sounds;Music;Speech synthesizer;Television",base
ER49MNmOo28_30000,ER49MNmOo28,30.0,background,,,0,0,bg,,,,,,0,0,,"Animal;Background noise;Bird vocalization, bird call, bird song;Gobble",base
ERUMjVtHJBQ_30000,ERUMjVtHJBQ,30.0,siren,,siren,0,1,real,5.268,10.000,4.732,Ambulance (siren),,0,0,,Ambulance (siren);Idling;Medium engine (mid frequency);Tick,base
ETGWfWw3W34_70000,ETGWfWw3W34,70.0,scream,,scream,0,1,real,0.339,1.244,0.905,,Laughter;Screaming;Shout,0,0,laughter,"Background noise;Child speech, kid speaking;Children playing;Female speech, woman speaking;Human voice;Laughter;Screaming;Shout",base
EUOovlKOmQo_30000,EUOovlKOmQo,30.0,siren,siren,siren,1,1,real,0.000,10.000,10.000,Siren,,0,0,,Siren,base
EUTsXaZgCvU_30000,EUTsXaZgCvU,30.0,siren,siren,siren,1,1,v1,0.000,10.000,10.000,Siren,,0,0,,Mechanisms;Siren,base
EWjmCDrD3wU_40000,EWjmCDrD3wU,40.0,background,,,0,0,bg,,,,,,0,0,,"Breathing;Female singing;Female speech, woman speaking;Generic impact sounds;Human sounds;Mechanisms",base
EX-5P7YdWsc_10000,EX-5P7YdWsc,10.0,siren,siren,siren,1,1,real,2.081,6.760,4.679,Siren,,0,0,crowd,"Generic impact sounds;Hubbub, speech noise, speech babble;Mechanisms;Siren;Tick",base
EY0WP-4eGgQ_19000,EY0WP-4eGgQ,19.0,dog_bark,dog_bark,,1,0,v1,6.061,6.390,0.329,,,0,1,dog_nonbark,Dog;Generic impact sounds;Mechanisms;Surface contact,base
EZws8vp9fh0_510000,EZws8vp9fh0,510.0,background,,,0,0,bg,,,,,,0,0,speech,"Female speech, woman speaking;Fireworks;Human voice;Male singing;Speech",base
E_k_YuELbYw_30000,E_k_YuELbYw,30.0,background,,,0,0,bg,,,,,Laughter,0,0,laughter,"Conversation;Female speech, woman speaking;Generic impact sounds;Human voice;Laughter;Male speech, man speaking;Mechanisms;Tick",base
Ea6Dw4y58_g_30000,Ea6Dw4y58_g,30.0,dog_bark,dog_bark,dog_bark,1,1,v1,8.184,8.812,0.628,,,1,0,,"Background noise;Bark;Bird vocalization, bird call, bird song;Generic impact sounds;Growling;Insect;Tick",base
Eb8yPaBA6Tc_370000,Eb8yPaBA6Tc,370.0,background,,,0,0,bg,,,,,,0,0,,"Babbling;Baby laughter;Conversation;Drip;Female speech, woman speaking;Mechanisms;Pour",base
EbmegDnMhEw_30000,EbmegDnMhEw,30.0,siren,siren,siren,1,1,v1,0.000,10.000,10.000,Siren,Music,0,0,,Music;Siren,base
Ebsn_iQiico_200000,Ebsn_iQiico,200.0,glass,glass,glass,1,1,real,3.775,4.773,0.998,,Applause;Clapping;Music,0,0,crowd,"Applause;Clapping;Glass shatter;Hubbub, speech noise, speech babble;Male speech, man speaking;Music;Whistling;Whoop",base
EcXqC-0Z8i8_160000,EcXqC-0Z8i8,160.0,background,,,0,0,bg,,,,,,0,0,,Breathing;Cap gun,base
EfYf7arPeNk_110000,EfYf7arPeNk,110.0,scream,scream,scream,1,1,real,9.402,10.000,0.598,,Screaming,0,0,,"Cough;Generic impact sounds;Human voice;Male speech, man speaking;Mechanisms;Screaming",base
EfwBJsXVptc_210000,EfwBJsXVptc,210.0,background,,,0,0,bg,,,,,,0,0,,"Crumpling, crinkling;Female speech, woman speaking;Mechanisms;Thump, thud",base
Egbih9lHGBo_17000,Egbih9lHGBo,17.0,siren,siren,siren,1,1,v1,0.000,8.983,8.983,Siren,,0,0,,"Air horn, truck horn;Siren",base
Ej6d5mpZ0XU_90000,Ej6d5mpZ0XU,90.0,background,,,0,0,bg,,,,,Music,0,0,,"Conversation;Female speech, woman speaking;Male speech, man speaking;Music;Sawing",base
ElXm1O5xroY_50000,ElXm1O5xroY,50.0,scream,scream,scream,1,1,real,0.344,3.200,2.856,,Screaming,0,0,,Screaming,base
ElqR9DKVsRY_360000,ElqR9DKVsRY,360.0,dog_bark,dog_bark,dog_bark,1,1,real,8.559,9.583,1.024,,Laughter;Shout,1,0,laughter,"Bark;Child speech, kid speaking;Human sounds;Laughter;Male speech, man speaking;Mechanisms;Pant (dog);Shout;Wind",base
En8OLqKvuSY_30000,En8OLqKvuSY,30.0,siren,siren,siren,1,1,v1,0.000,10.000,10.000,Siren,,0,0,,"Bell;Siren;Subway, metro, underground;Tick",base
EnZP4UN0f7U_330000,EnZP4UN0f7U,330.0,background,,,0,0,bg,,,,,,0,0,,"Clicking;Generic impact sounds;Male speech, man speaking",base
Ep0NvNgclJU_9000,Ep0NvNgclJU,9.0,scream,scream,,1,0,v1,2.376,3.369,0.993,,Shout,0,0,crowd,"Conversation;Generic impact sounds;Hammer;Hubbub, speech noise, speech babble;Human voice;Male speech, man speaking;Mechanisms;Shout;Whoop",base
EpFg32u04bE_0,EpFg32u04bE,0.0,background,,,0,0,bg,,,,,,0,0,,Bicycle bell;Generic impact sounds;Mechanisms,base
EpYnR_pcQ8M_0,EpYnR_pcQ8M,0.0,background,,,0,0,bg,,,,,Laughter,0,0,laughter,"Child speech, kid speaking;Female speech, woman speaking;Generic impact sounds;Human voice;Laughter;Male speech, man speaking;Splash, splatter",base
EqdTkIAhiwk_9000,EqdTkIAhiwk,9.0,siren,siren,siren,1,1,real,0.000,9.048,9.048,Siren,,0,0,speech,Emergency vehicle;Siren;Speech,base
Eqj_DA4KVIA_0,Eqj_DA4KVIA,0.0,siren,siren,siren,1,1,real,0.705,3.842,3.137,Siren,,0,0,,Basketball bounce;Siren;Wind;Wind noise (microphone),base
ErdKf3IDAK0_30000,ErdKf3IDAK0,30.0,background,,,0,0,bg,,,,,,0,0,,"Background noise;Generic impact sounds;Purr;Thump, thud",base
EtIxnrjyk7o_30000,EtIxnrjyk7o,30.0,background,,,0,0,bg,,,,,Music,0,0,,Choir;Generic impact sounds;Music;Tick,base
EvetKM-DpSE_50000,EvetKM-DpSE,50.0,dog_bark,dog_bark,dog_bark,1,1,real,3.712,3.972,0.260,,,1,0,,"Animal;Bark;Bee, wasp, etc.;Bird vocalization, bird call, bird song;Caw;Generic impact sounds;Tick;Wind",base
Eww_cJtiU3w_30000,Eww_cJtiU3w,30.0,background,,,0,0,bg,,,,,Music,0,0,,"Male speech, man speaking;Music",base
EyJxwqPqZ9s_50000,EyJxwqPqZ9s,50.0,scream,,scream,0,1,real,6.697,9.587,2.890,,Music;Screaming,0,0,,Male singing;Music;Screaming,base
EyWEM2JDrLc_230000,EyWEM2JDrLc,230.0,background,,,0,0,bg,,,,,,0,0,,"Arrow;Background noise;Generic impact sounds;Scrape;Walk, footsteps",base
Ez8MB331xkI_50000,Ez8MB331xkI,50.0,background,,,0,0,bg,,,,,,0,0,,"Generic impact sounds;Snake;Sound effect;Walk, footsteps",base
F-UE7JLiEls_10000,F-UE7JLiEls,10.0,scream,,scream,0,1,real,2.946,3.637,0.691,,Music;Screaming,0,0,,"Female speech, woman speaking;Human voice;Male speech, man speaking;Motor vehicle (road);Music;Screaming;Sneeze;Tick;Wind",base
F0IBrVXsQPU_30000,F0IBrVXsQPU,30.0,siren,siren,siren,1,1,v1,0.000,10.000,10.000,Siren,,0,0,,Generic impact sounds;Human sounds;Siren,base
F1GumzX6hqo_100000,F1GumzX6hqo,100.0,background,,,0,0,bg,,,,,,0,0,,"Clicking;Generic impact sounds;Human sounds;Male speech, man speaking;Mechanisms;Tap",base
F3qBm2bsBmw_30000,F3qBm2bsBmw,30.0,scream,scream,scream,1,1,real,2.334,3.531,1.197,,Screaming,0,0,,Generic impact sounds;Human voice;Screaming;Sound effect;Video game sound,base
F47KWnLj7tQ_20000,F47KWnLj7tQ,20.0,glass,glass,glass,1,1,v1,5.320,6.810,1.490,,Music,0,0,,Generic impact sounds;Glass shatter;Mechanisms;Music;Sound effect;Wind noise (microphone),base
F48YiwQh5Ho_2000,F48YiwQh5Ho,2.0,scream,scream,scream,1,1,real,0.000,8.699,8.699,,Screaming,0,0,,Cough;Generic impact sounds;Motor vehicle (road);Screaming,base
F4edsHhGMSQ_30000,F4edsHhGMSQ,30.0,background,,,0,0,bg,,,,,,0,0,,"Breathing;Chewing, mastication;Mechanisms",base
FBUX4UcgZEM_30000,FBUX4UcgZEM,30.0,siren,,siren,0,1,real,0.000,10.000,10.000,"Fire engine, fire truck (siren)",,0,0,,"Fire engine, fire truck (siren);Wind",base
FBrWOjBreTI_0,FBrWOjBreTI,0.0,scream,scream,scream,1,1,real,9.257,10.000,0.743,,Screaming,0,0,,Babbling;Baby laughter;Breathing;Generic impact sounds;Human voice;Screaming,base
FC-9Yjq5hiA_7000,FC-9Yjq5hiA,7.0,glass,glass,glass,1,1,real,0.304,0.838,0.534,,,0,0,,Eruption;Explosion;Generic impact sounds;Glass shatter,base
FF-KGBkTsvo_30000,FF-KGBkTsvo,30.0,siren,,siren,0,1,real,0.000,10.000,10.000,Civil defense siren,,0,0,,Civil defense siren,base
FIyxl13nDAE_80000,FIyxl13nDAE,80.0,background,,,0,0,bg,,,,,Music,0,0,,Music,base
FLo8O1YuUsw_0,FLo8O1YuUsw,0.0,background,,,0,0,bg,,,,,,0,0,,"Accelerating, revving, vroom;Car;Tire squeal, skidding",base
FNF9S_g_VFM_30000,FNF9S_g_VFM,30.0,siren,siren,siren,1,1,v1,8.740,10.000,1.260,Siren,,0,0,,"Clicking;Generic impact sounds;Male speech, man speaking;Mechanisms;Siren",base
FO0QYLZrtTU_50000,FO0QYLZrtTU,50.0,background,,,0,0,bg,,,,,,0,0,crowd,"Conversation;Female speech, woman speaking;Generic impact sounds;Hubbub, speech noise, speech babble;Inside, large room or hall;Male speech, man speaking",base
FO6vMUCnZSg_170000,FO6vMUCnZSg,170.0,scream,,scream,0,1,real,3.247,4.230,0.983,,Crowd;Music;Screaming;Shout,0,0,crowd,Crowd;Female singing;Male singing;Music;Screaming;Shout,base
FOid23PpHKQ_70000,FOid23PpHKQ,70.0,dog_bark,dog_bark,dog_bark,1,1,real,9.791,10.000,0.209,,,1,0,,"Background noise;Bark;Beep, bleep;Crushing;Insect;Thunder;Walk, footsteps",base
FP-D_CDYJdY_21000,FP-D_CDYJdY,21.0,glass,glass,glass,1,1,real,5.407,6.856,1.449,,Laughter,0,0,laughter,"Generic impact sounds;Glass shatter;Laughter;Male speech, man speaking;Mechanisms",base
FPOYAfe5phk_0,FPOYAfe5phk,0.0,background,,,0,0,bg,,,,,,0,0,,Whistling,base
FR___EHCY4A_0,FR___EHCY4A,0.0,glass,glass,glass,1,1,v1,2.189,2.854,0.665,,Music,0,0,,Glass shatter;Music,base
FT1OA8b3JCw_50000,FT1OA8b3JCw,50.0,background,,,0,0,bg,,,,,,0,0,,"Female singing;Female speech, woman speaking",base
FTMUGjsd-zE_30000,FTMUGjsd-zE,30.0,background,,,0,0,bg,,,,,,0,0,,"Conversation;Generic impact sounds;Male speech, man speaking;Surface contact",base
FWjtExP57RE_30000,FWjtExP57RE,30.0,background,,,0,0,bg,,,,,,0,0,,Car alarm;Generic impact sounds;Motor vehicle (road);Tick;Wind;Wind noise (microphone),base
F_mE5uBPAZo_30000,F_mE5uBPAZo,30.0,siren,,siren,0,1,real,0.000,10.000,10.000,Civil defense siren,,0,0,,Civil defense siren;Wind;Wind noise (microphone),base
FcBSr8R5EXQ_0,FcBSr8R5EXQ,0.0,background,,,0,0,bg,,,,,,0,0,,Background noise;Generic impact sounds;Quack,base
FeQpsdmh_cQ_210000,FeQpsdmh_cQ,210.0,scream,scream,,1,0,v1,1.710,2.126,0.416,,Shout,0,0,,"Clicking;Male speech, man speaking;Mechanisms;Shout;Whack, thwack",base
Fkn-poTw_gA_0,Fkn-poTw_gA,0.0,scream,,scream,0,1,real,0.045,0.225,0.180,,Laughter;Screaming,0,0,laughter,"Baby laughter;Laughter;Mechanisms;Screaming;Walk, footsteps",base
FlVhJCX2QEw_140000,FlVhJCX2QEw,140.0,background,,,0,0,bg,,,,,,0,0,,Background noise;Bell;Clickety-clack;Tick;Train,base
FnbGdv-P-7A_30000,FnbGdv-P-7A,30.0,background,,,0,0,bg,,,,,,0,0,,"Chirp, tweet;Crowing, cock-a-doodle-doo;Generic impact sounds;Surface contact;Wind",base
Fr7QaMgGUBg_200000,Fr7QaMgGUBg,200.0,scream,,scream,0,1,real,7.333,7.633,0.300,,Laughter;Screaming,0,0,laughter,"Air horn, truck horn;Breathing;Female speech, woman speaking;Laughter;Male speech, man speaking;Motor vehicle (road);Screaming;Tap;Tick;Train horn;Truck;Whoop;Wind",base
FrUZ9YYDzNY_30000,FrUZ9YYDzNY,30.0,siren,siren,siren,1,1,v1,0.000,10.000,10.000,Siren,,0,0,,Siren;Tick;Wind,base
Ftathbu_yx0_0,Ftathbu_yx0,0.0,glass,glass,glass,1,1,v1,0.140,1.560,1.420,,,0,0,,Glass shatter,base
FuxDgrbnLkk_30000,FuxDgrbnLkk,30.0,siren,siren,siren,1,1,v1,0.000,9.623,9.623,Siren,,0,0,,"Accelerating, revving, vroom;Beep, bleep;Emergency vehicle;Siren;Vehicle horn, car horn, honking, toot",base
Fx3Tl5buGTM_50000,Fx3Tl5buGTM,50.0,dog_bark,dog_bark,dog_bark,1,1,v1,1.945,2.118,0.173,,,1,0,,"Bark;Door;Generic impact sounds;Human sounds;Male speech, man speaking;Medium engine (mid frequency);Motor vehicle (road);Slam;Squeal;Surface contact",base
FyuW5TF5R7Q_6000,FyuW5TF5R7Q,6.0,background,,,0,0,bg,,,,,,0,0,,Generic impact sounds;Mechanisms;Slam,base
G-dyVOf4mWY_16000,G-dyVOf4mWY,16.0,background,,,0,0,bg,,,,,"Chuckle, chortle",0,0,,"Background noise;Bleat;Breathing;Chuckle, chortle;Female speech, woman speaking",base
G2WZme3strM_70000,G2WZme3strM,70.0,dog_bark,dog_bark,dog_bark,1,1,real,1.709,1.819,0.110,,,1,0,,"Bark;Chewing, mastication;Mechanisms;Tap",base
G44_YOx0y7c_30000,G44_YOx0y7c,30.0,background,,,0,0,bg,,,,,,0,0,,"Background noise;Breathing;Clicking;Generic impact sounds;Male speech, man speaking",base
G6Vxrqfytrk_0,G6Vxrqfytrk,0.0,background,,,0,0,bg,,,,,,0,0,,"Background noise;Beep, bleep",base
G6dl9Mf4EeA_190000,G6dl9Mf4EeA,190.0,siren,siren,siren,1,1,v1,0.000,7.865,7.865,Siren,,0,0,,Generic impact sounds;Medium engine (mid frequency);Siren;Tick,base
GB6g0K683Bs_40000,GB6g0K683Bs,40.0,background,,,0,0,bg,,,,,,0,0,,"Bird flight, flapping wings;Human voice;Male speech, man speaking;Walk, footsteps;Whistling;Wind noise (microphone)",base
GCUK7s5QsNc_40000,GCUK7s5QsNc,40.0,dog_bark,dog_bark,,1,0,v1,8.360,8.899,0.539,,,0,1,dog_nonbark,Dog;Generic impact sounds,base
GE4OEKQO6Dw_30000,GE4OEKQO6Dw,30.0,background,,,0,0,bg,,,,,,0,0,,Mechanisms;Sewing machine,base
GFJLOlXL3o0_30000,GFJLOlXL3o0,30.0,glass,glass,glass,1,1,v1,8.129,8.714,0.585,,Laughter,0,0,laughter,"Brief tone;Conversation;Generic impact sounds;Glass shatter;Hammer;Laughter;Male speech, man speaking;Motor vehicle (road);Tick",base
GGkvpUOhlFY_230000,GGkvpUOhlFY,230.0,background,,,0,0,bg,,,,,,0,0,,"Bee, wasp, etc.;Chirp, tweet;Generic impact sounds;Mechanisms;Sound effect",base
GGyrdlFfowc_50000,GGyrdlFfowc,50.0,dog_bark,dog_bark,,1,0,v1,9.443,10.000,0.557,,,0,1,dog_nonbark,"Child speech, kid speaking;Conversation;Crumpling, crinkling;Dog;Mechanisms;Television",base
GJ1GrjYMMe8_20000,GJ1GrjYMMe8,20.0,glass,glass,glass,1,1,v1,8.153,9.364,1.211,,,0,0,speech,Glass shatter;Human voice;Mechanisms;Sigh;Sound effect;Speech;Tap,base
GJB4zU8NMFg_260000,GJB4zU8NMFg,260.0,background,,,0,0,bg,,,,,,0,0,,"Background noise;Filing (rasp);Male speech, man speaking",base
GJjl9LHOTjM_30000,GJjl9LHOTjM,30.0,background,,,0,0,bg,,,,,,0,0,,"Background noise;Chicken, rooster;Crowing, cock-a-doodle-doo;Generic impact sounds;Tick",base
GKsSfKWfMH8_30000,GKsSfKWfMH8,30.0,glass,glass,glass,1,1,v1,5.937,6.694,0.757,,,0,0,,"Car;Generic impact sounds;Glass shatter;Gunshot, gunfire;Tick;Vehicle horn, car horn, honking, toot",base
GM_sFKmyge4_11000,GM_sFKmyge4,11.0,background,,,0,0,bg,,,,,,0,0,crowd,"Door;Female speech, woman speaking;Hubbub, speech noise, speech babble;Male speech, man speaking;Mechanisms",base
GNeYTuB3zhE_10000,GNeYTuB3zhE,10.0,background,,,0,0,bg,,,,,,0,0,,"Door;Generic impact sounds;Gunshot, gunfire;Howl (wind);Sound effect;Squeal;Thump, thud;Walk, footsteps;Wind",base
GNwqRspZsuY_10000,GNwqRspZsuY,10.0,scream,scream,scream,1,1,real,7.431,10.000,2.569,,Screaming,0,0,,Breathing;Generic impact sounds;Human voice;Screaming,base
GO-7W3_AjGI_30000,GO-7W3_AjGI,30.0,background,,,0,0,bg,,,,,,0,0,,Car,base
GPZhcnRhI-I_30000,GPZhcnRhI-I,30.0,glass,glass,glass,1,1,v1,8.513,9.077,0.564,,,0,0,,Eruption;Explosion;Glass shatter,base
GPcchoq8v50_0,GPcchoq8v50,0.0,background,,,0,0,bg,,,,,,0,0,,"Baby cry, infant cry;Background noise",base
GQfgZwqKZhY_180000,GQfgZwqKZhY,180.0,background,,,0,0,bg,,,,,,0,0,,"Background noise;Dial tone;Generic impact sounds;Male speech, man speaking",base
GRSFF460TII_6000,GRSFF460TII,6.0,dog_bark,dog_bark,dog_bark,1,1,v1,1.237,1.654,0.417,,,1,0,,"Bark;Male speech, man speaking;Roar",base
GZ9jYQaDliw_0,GZ9jYQaDliw,0.0,scream,,scream,0,1,real,1.533,3.019,1.486,,Laughter;Screaming;Shout,0,0,speech;laughter,"Breathing;Laughter;Screaming;Shout;Speech;Splash, splatter;Water;Wind;Wind noise (microphone)",base
G_H7ZjcEdNI_90000,G_H7ZjcEdNI,90.0,background,,,0,0,bg,,,,,,0,0,,Chop;Rustle;Wind,base
GcJrTCGgiD4_30000,GcJrTCGgiD4,30.0,siren,,siren,0,1,real,0.000,10.000,10.000,Civil defense siren,,0,0,,Civil defense siren;Wind noise (microphone),base
GcRcCm1BnWU_17000,GcRcCm1BnWU,17.0,glass,glass,glass,1,1,v1,6.691,8.529,1.838,,Giggle,0,0,,"Animal;Giggle;Glass shatter;Male speech, man speaking;Wail, moan",base
GcsT_deIZhw_30000,GcsT_deIZhw,30.0,siren,siren,siren,1,1,v1,0.000,10.000,10.000,Siren,,0,0,,Generic impact sounds;Siren;Tick;Vehicle;Wind;Wind noise (microphone),base
GfU0J4hOw88_140000,GfU0J4hOw88,140.0,background,,,0,0,bg,,,,,,0,0,,"Generic impact sounds;Human sounds;Male speech, man speaking;Mechanisms;Surface contact;Tick",base
GgG2spvi6ic_30000,GgG2spvi6ic,30.0,scream,scream,scream,1,1,real,5.265,6.425,1.160,,Screaming;Shout,0,0,crowd,"Hubbub, speech noise, speech babble;Screaming;Shout;Water;Wind;Wind noise (microphone)",base
GgOM5tz0Ih8_100000,GgOM5tz0Ih8,100.0,scream,,scream,0,1,real,5.474,7.550,2.076,,Cheering;Music;Screaming;Shout,0,0,crowd,Cheering;Music;Screaming;Shout,base
GgThj4RfZ2M_0,GgThj4RfZ2M,0.0,background,,,0,0,bg,,,,,,0,0,,"Background noise;Beep, bleep;Creak;Generic impact sounds;Mechanisms",base
GiBE5jFPXXc_170000,GiBE5jFPXXc,170.0,background,,,0,0,bg,,,,,Music,0,0,,"Generic impact sounds;Male speech, man speaking;Music;Television",base
GiX-9TQI6RM_130000,GiX-9TQI6RM,130.0,background,,,0,0,bg,,,,,Laughter;Music,0,0,laughter,Breathing;Human voice;Laughter;Music;Rapping,base
GizX7pGc3Ec_30000,GizX7pGc3Ec,30.0,siren,,siren,0,1,real,0.000,10.000,10.000,"Fire engine, fire truck (siren)",,0,0,,"Fire engine, fire truck (siren);Traffic noise, roadway noise",base
GjjO_6w2Pho_30000,GjjO_6w2Pho,30.0,dog_bark,dog_bark,dog_bark,1,1,real,2.425,3.488,1.063,,,1,0,,"Bark;Bird flight, flapping wings;Coo;Generic impact sounds;Male speech, man speaking;Tick;Wind",base
GkX1hvbewGI_30000,GkX1hvbewGI,30.0,siren,siren,siren,1,1,v1,0.000,10.000,10.000,Siren,,0,0,,Siren,base
GkxCa1dQJlA_7000,GkxCa1dQJlA,7.0,scream,,scream,0,1,real,2.201,4.549,2.348,,Music;Screaming,0,0,,"Clip-clop;Human sounds;Male speech, man speaking;Music;Neigh, whinny;Screaming;Sound effect;Video game sound",base
GmDgx8HSQe4_50000,GmDgx8HSQe4,50.0,background,,,0,0,bg,,,,,,0,0,,Sine wave,base
Gmydwb0T6tk_30000,Gmydwb0T6tk,30.0,glass,glass,glass,1,1,v1,8.370,9.118,0.748,,,0,0,,"Generic impact sounds;Glass;Glass chink, clink;Glass shatter;Male speech, man speaking;Mechanisms;Surface contact",base
GotEfR_suIQ_110000,GotEfR_suIQ,110.0,background,,,0,0,bg,,,,,,0,0,,"Bird vocalization, bird call, bird song;Breathing;Medium engine (mid frequency)",base
GpLArGnrY9A_30000,GpLArGnrY9A,30.0,background,,,0,0,bg,,,,,,0,0,,"Background noise;Breathing;Creak;Female speech, woman speaking;Generic impact sounds;Surface contact",base
GpcA5bXx5D4_10000,GpcA5bXx5D4,10.0,glass,glass,glass,1,1,real,2.304,2.754,0.450,,Music;Shout,0,0,,Glass;Glass shatter;Music;Shout;Tick,base
Gr6E7pRVS6I_0,Gr6E7pRVS6I,0.0,dog_bark,dog_bark,dog_bark,1,1,real,4.657,5.739,1.082,,,1,0,,Bark;Mechanisms;Tick,base
GrntNLSBTzg_0,GrntNLSBTzg,0.0,background,,,0,0,bg,,,,,,0,0,alarm,Alarm;Generic impact sounds;Heavy engine (low frequency);Human sounds;Tick,base
GtpiwAgfItU_10000,GtpiwAgfItU,10.0,background,,,0,0,bg,,,,,Music,0,0,,"Conversation;Generic impact sounds;Male speech, man speaking;Music;Pour;Scrape;Walk, footsteps",base
Gz-xGhSybSc_110000,Gz-xGhSybSc,110.0,siren,siren,siren,1,1,v1,0.000,10.000,10.000,Siren,,0,0,,"Conversation;Female speech, woman speaking;Generic impact sounds;Male speech, man speaking;Medium engine (mid frequency);Radio;Siren;Tick;Vehicle horn, car horn, honking, toot",base
H09QHv2cOVQ_200000,H09QHv2cOVQ,200.0,glass,glass,glass,1,1,v1,2.500,5.667,3.167,,Music;Shout,0,0,,"Child speech, kid speaking;Clicking;Conversation;Female speech, woman speaking;Generic impact sounds;Glass;Glass shatter;Human voice;Male speech, man speaking;Music;Shout",base
H15QKhSLV3I_14000,H15QKhSLV3I,14.0,glass,glass,glass,1,1,v1,5.096,8.330,3.234,,Cheering;Clapping;Music,0,0,crowd,"Cheering;Clapping;Glass shatter;Hubbub, speech noise, speech babble;Music;Tick",base
H3__CusMNXU_10000,H3__CusMNXU,10.0,background,,,0,0,bg,,,,,,0,0,,Keys jangling;Mechanisms;Tap;Wind noise (microphone),base
H5Rx3HCHW4U_30000,H5Rx3HCHW4U,30.0,background,,,0,0,bg,,,,,Music,0,0,,Music,base
H5mwPG9IToA_30000,H5mwPG9IToA,30.0,siren,,siren,0,1,real,0.000,10.000,10.000,Civil defense siren,,0,0,,Background noise;Civil defense siren,base
H6GMg3Qn5ZM_8000,H6GMg3Qn5ZM,8.0,siren,,siren,0,1,real,0.000,9.670,9.670,"Fire engine, fire truck (siren)",Music,0,0,speech,"Fire engine, fire truck (siren);Music;Speech;Traffic noise, roadway noise",base
H7PssieNyXY_30000,H7PssieNyXY,30.0,scream,scream,,1,0,v1,8.513,9.477,0.964,,Shout,0,0,speech;crowd,"Background noise;Generic impact sounds;Hubbub, speech noise, speech babble;Oink;Shout;Speech",base
H7ZugYM2-gM_0,H7ZugYM2-gM,0.0,siren,,siren,0,1,real,0.000,10.000,10.000,"Fire engine, fire truck (siren)",,0,0,,"Air horn, truck horn;Fire engine, fire truck (siren);Male speech, man speaking;Wind",base
H8qwXObkhxg_30000,H8qwXObkhxg,30.0,glass,glass,glass,1,1,real,4.327,4.863,0.536,,,0,0,,"Bird vocalization, bird call, bird song;Creak;Ding;Door;Female speech, woman speaking;Glass shatter;Sound effect;Whoosh, swoosh, swish;Wind",base
HAJ_uf3kIyw_30000,HAJ_uf3kIyw,30.0,dog_bark,dog_bark,dog_bark,1,1,real,0.581,4.052,3.471,,,1,0,,Background noise;Bark;Howl,base
HBVZOW0uJJc_2000,HBVZOW0uJJc,2.0,scream,scream,scream,1,1,real,5.932,7.309,1.377,,Screaming,0,0,,"Engine;Female speech, woman speaking;Human voice;Screaming;Whip",base
HBnESUDFD4A_30000,HBnESUDFD4A,30.0,background,,,0,0,bg,,,,,Laughter,0,0,laughter,"Gasp;Laughter;Male speech, man speaking;Motor vehicle (road);Splash, splatter;Video game sound",base
HCnBLdL1ew4_130000,HCnBLdL1ew4,130.0,scream,scream,,1,0,v1,0.601,2.890,2.289,,Shout,0,0,,"Background noise;Generic impact sounds;Male speech, man speaking;Shout",base
HFdlbxUUwfk_230000,HFdlbxUUwfk,230.0,background,,,0,0,bg,,,,,,0,0,,"Accelerating, revving, vroom;Race car, auto racing;Tire squeal, skidding",base
HFpfDaLZtzQ_30000,HFpfDaLZtzQ,30.0,background,,,0,0,bg,,,,,,0,0,,"Beep, bleep;Breathing;Child speech, kid speaking;Clicking;Smoke detector, smoke alarm",base
HGhyKauwzJA_30000,HGhyKauwzJA,30.0,dog_bark,dog_bark,dog_bark,1,1,real,7.181,7.488,0.307,,,1,0,,"Background noise;Bark;Bird;Generic impact sounds;Pigeon, dove;Tick;Yip",base
HHMAZ04c4Mg_10000,HHMAZ04c4Mg,10.0,scream,,scream,0,1,real,4.251,5.598,1.347,,Music;Screaming,0,0,,"Heart sounds, heartbeat;Music;Screaming;Whispering",base
HJ5toxE0FQc_520000,HJ5toxE0FQc,520.0,dog_bark,dog_bark,dog_bark,1,1,v1,0.391,1.723,1.332,,,1,0,,"Bark;Breathing;Dishes, pots, and pans;Generic impact sounds;Male speech, man speaking;Mechanisms;Pour;Sniff;Surface contact;Walk, footsteps",base
HJY6obrcnnI_18000,HJY6obrcnnI,18.0,scream,scream,scream,1,1,real,1.495,3.252,1.757,,Screaming,0,0,,"Background noise;Male speech, man speaking;Screaming",base
HK1vTLPiG6w_70000,HK1vTLPiG6w,70.0,background,,,0,0,bg,,,,,Music,0,0,,Boing;Music;Sound effect,base
HKNmrYc9Rao_500000,HKNmrYc9Rao,500.0,siren,,siren,0,1,real,0.000,10.000,10.000,"Fire engine, fire truck (siren)",,0,0,,"Air horn, truck horn;Fire engine, fire truck (siren)",base
HMso7tPFFdM_130000,HMso7tPFFdM,130.0,background,,,0,0,bg,,,,,,0,0,,"Female speech, woman speaking;Frying (food);Generic impact sounds;Mechanisms;Stir;Tap",base
HNYQxGiqm5Q_40000,HNYQxGiqm5Q,40.0,background,,,0,0,bg,,,,,Music,0,0,,Music,base
HOlAFkMT1Do_30000,HOlAFkMT1Do,30.0,siren,,siren,0,1,real,7.882,9.827,1.945,Police car (siren),,0,0,,Car;Police car (siren),base
HOpaKI_1g6A_0,HOpaKI_1g6A,0.0,background,,,0,0,bg,,,,,Crowd,0,0,crowd,Crowd;Train;Train horn,base
HRyykIJx9XI_0,HRyykIJx9XI,0.0,scream,scream,,1,0,v1,0.326,2.736,2.410,,Yell,0,0,,Yell,base
HRzADS1Pzo4_6000,HRzADS1Pzo4,6.0,dog_bark,dog_bark,dog_bark,1,1,v1,7.171,7.619,0.448,,,1,0,,"Bark;Breathing;Ding-dong;Generic impact sounds;Male speech, man speaking;Mechanisms",base
HSTl36R3BM0_18000,HSTl36R3BM0,18.0,glass,glass,glass,1,1,real,6.794,9.660,2.866,,Music,0,0,,"Glass shatter;Gunshot, gunfire;Male speech, man speaking;Music;Sound effect;Surface contact;Video game sound;Walk, footsteps",base
HSdCvZObsYc_20000,HSdCvZObsYc,20.0,background,,,0,0,bg,,,,,,0,0,,Aircraft engine,base
HUKBHCURljY_40000,HUKBHCURljY,40.0,background,,,0,0,bg,,,,,,0,0,,Church bell;Tick,base
HXAg_qvRq3A_0,HXAg_qvRq3A,0.0,background,,,0,0,bg,,,,,,0,0,,"Boiling;Generic impact sounds;Male speech, man speaking;Thump, thud;Whistle",base
HYERd4dNIlg_0,HYERd4dNIlg,0.0,glass,glass,glass,1,1,v1,2.689,4.405,1.716,,Music,0,0,,Breaking;Glass shatter;Music;Synthetic singing,base
HaLsov_V5ok_30000,HaLsov_V5ok,30.0,scream,scream,,1,0,v1,5.749,6.594,0.845,,Shout,0,0,,"Bird vocalization, bird call, bird song;Boat, Water vehicle;Conversation;Female speech, woman speaking;Generic impact sounds;Human voice;Male speech, man speaking;Shout;Tick;Water;Wind;Wind noise (microphone)",base
HbTbhLiYoNs_70000,HbTbhLiYoNs,70.0,background,,,0,0,bg,,,,,,0,0,,"Conversation;Female speech, woman speaking;Generic impact sounds;Mechanisms",base
HcLqWMIWizQ_110000,HcLqWMIWizQ,110.0,siren,,siren,0,1,real,7.058,10.000,2.942,"Fire engine, fire truck (siren)",,0,0,,"Fire engine, fire truck (siren);Male speech, man speaking;Truck",base
He1mE71QVQs_200000,He1mE71QVQs,200.0,glass,glass,glass,1,1,v1,2.024,3.612,1.588,,,0,0,,"Clang;Glass shatter;Gunshot, gunfire;Sound effect;Video game sound",base
HfZ8EOcIiJI_0,HfZ8EOcIiJI,0.0,dog_bark,dog_bark,dog_bark,1,1,v1,5.981,8.464,2.483,,,1,0,,"Background noise;Bark;Child speech, kid speaking;Generic impact sounds;Pant (dog);Walk, footsteps",base
HfdMLI6vP64_30000,HfdMLI6vP64,30.0,dog_bark,dog_bark,,1,0,v1,0.152,0.899,0.747,,,0,1,dog_nonbark,"Bathtub (filling or washing);Dog;Male speech, man speaking",base
HgI405XFT08_0,HgI405XFT08,0.0,scream,scream,scream,1,1,v1,6.497,7.832,1.335,,Screaming,0,0,,"Child speech, kid speaking;Fireworks;Human voice;Screaming;Wind",base
HhOJkjBkzzg_90000,HhOJkjBkzzg,90.0,background,,,0,0,bg,,,,,Music,0,0,,"Doorbell;Female singing;Generic impact sounds;Male speech, man speaking;Mechanisms;Music",base
Hj7Nxgzwn2Q_30000,Hj7Nxgzwn2Q,30.0,background,,,0,0,bg,,,,,,0,0,,"Male speech, man speaking;Mechanisms",base
HjRvHDCFJ3I_30000,HjRvHDCFJ3I,30.0,background,,,0,0,bg,,,,,Music,0,0,,Background noise;Generic impact sounds;Music;Tick-tock,base
HjwZre6pwz0_30000,HjwZre6pwz0,30.0,background,,,0,0,bg,,,,,,0,0,,"Car;Rain on surface;Tick;Windscreen wiper, windshield wiper",base
Hk2lAJfUP_o_30000,Hk2lAJfUP_o,30.0,background,,,0,0,bg,,,,,,0,0,,"Bird vocalization, bird call, bird song;Breathing;Generic impact sounds;Male speech, man speaking;Mechanisms;Packing tape, duct tape",base
HnDW0n298Gk_40000,HnDW0n298Gk,40.0,background,,,0,0,bg,,,,,,0,0,,Babbling;Baby laughter;Background noise;Tick,base
Ho9r2sbfGfA_0,Ho9r2sbfGfA,0.0,siren,siren,siren,1,1,v1,2.780,6.083,3.303,Siren,,0,0,,"Chirp, tweet;Generic impact sounds;Mechanisms;Siren;Wind;Wind noise (microphone)",base
HpUcoI5TXfE_80000,HpUcoI5TXfE,80.0,background,,,0,0,bg,,,,,,0,0,,Doorbell,base
Hpnja1gcKN0_30000,Hpnja1gcKN0,30.0,siren,,siren,0,1,real,0.000,10.000,10.000,"Fire engine, fire truck (siren)",,0,0,,"Car passing by;Fire engine, fire truck (siren)",base
HqmB_1mW2Uw_30000,HqmB_1mW2Uw,30.0,background,,,0,0,bg,,,,,,0,0,,"Generic impact sounds;Male speech, man speaking;Mechanisms",base
HrBJBk-rk2o_200000,HrBJBk-rk2o,200.0,background,,,0,0,bg,,,,,,0,0,,Car,base
Ht_IiMEbMJk_70000,Ht_IiMEbMJk,70.0,scream,scream,scream,1,1,v1,3.744,4.912,1.168,,Screaming,0,0,,"Breathing;Car;Child speech, kid speaking;Conversation;Female speech, woman speaking;Generic impact sounds;Male speech, man speaking;Screaming;Tick",base
Hv5pb1xDmlw_30000,Hv5pb1xDmlw,30.0,background,,,0,0,bg,,,,,,0,0,,"Generic impact sounds;Human sounds;Male speech, man speaking;Mechanisms",base
HxO2GRMD_fw_90000,HxO2GRMD_fw,90.0,siren,siren,siren,1,1,v1,0.000,8.091,8.091,Siren,,0,0,,Generic impact sounds;Mechanisms;Noise;Siren;Tick,base
Hx_PxvAjCvA_30000,Hx_PxvAjCvA,30.0,siren,,siren,0,1,real,0.000,10.000,10.000,Ambulance (siren),,0,0,,"Ambulance (siren);Beep, bleep;Car passing by;Traffic noise, roadway noise;Wind;Wind noise (microphone)",base
Hxtb7i7ERyY_0,Hxtb7i7ERyY,0.0,glass,glass,glass,1,1,v1,3.353,4.856,1.503,,,0,0,,Background noise;Glass shatter,base
HxwYXNlTUcw_500000,HxwYXNlTUcw,500.0,background,,,0,0,bg,,,,,,0,0,,"Filing (rasp);Generic impact sounds;Male speech, man speaking;Mechanisms;Steam;Tick",base
I1NWBVYn3mk_30000,I1NWBVYn3mk,30.0,background,,,0,0,bg,,,,,Clapping;Laughter,0,0,laughter,"Child speech, kid speaking;Clapping;Conversation;Laughter;Male speech, man speaking;Surface contact",base
I1TWWYbjvJ8_0,I1TWWYbjvJ8,0.0,glass,glass,glass,1,1,real,8.535,9.510,0.975,,,0,0,,"Conversation;Generic impact sounds;Glass shatter;Human voice;Male speech, man speaking;Thump, thud;Tick;Wind",base
I1VIQg_mTtU_30000,I1VIQg_mTtU,30.0,background,,,0,0,bg,,,,,Laughter,0,0,laughter,"Animal;Background noise;Clicking;Female speech, woman speaking;Generic impact sounds;Laughter;Mechanisms;Oink",base
I4yKEKiFHPQ_10000,I4yKEKiFHPQ,10.0,background,,,0,0,bg,,,,,,0,0,,Background noise;Clicking,base
I99EXlDfcXY_300000,I99EXlDfcXY,300.0,siren,siren,siren,1,1,v1,0.313,1.062,0.749,Siren,Music,0,0,,"Female speech, woman speaking;Generic impact sounds;Gunshot, gunfire;Music;Siren;Video game sound",base
ICPImdL2wWI_510000,ICPImdL2wWI,510.0,dog_bark,dog_bark,dog_bark,1,1,v1,4.607,5.223,0.616,,,1,0,,"Bark;Breathing;Child speech, kid speaking;Crumpling, crinkling;Mechanisms",base
IE2WC1tNsEE_160000,IE2WC1tNsEE,160.0,glass,glass,glass,1,1,real,2.346,4.559,2.213,,Music,0,0,,Glass shatter;Male singing;Music;Sound effect,base
IFuN5rrwTWc_21000,IFuN5rrwTWc,21.0,dog_bark,dog_bark,,1,0,v1,3.518,4.486,0.968,,Laughter;Music,0,1,dog_nonbark;laughter,"Dog;Female speech, woman speaking;Generic impact sounds;Howl;Laughter;Mechanisms;Music;Surface contact;Whimper (dog)",base
IHNQUYiF21o_140000,IHNQUYiF21o,140.0,siren,siren,siren,1,1,real,0.000,10.000,10.000,Siren,,0,0,,Fire;Generic impact sounds;Motor vehicle (road);Siren;Wind;Wind noise (microphone),base
IHYirsO5EIQ_0,IHYirsO5EIQ,0.0,glass,glass,glass,1,1,v1,5.497,6.594,1.097,,Music,0,0,,"Generic impact sounds;Glass shatter;Gunshot, gunfire;Music;Sound effect",base
IIWE3piniI8_180000,IIWE3piniI8,180.0,scream,,scream,0,1,real,6.732,8.918,2.186,,Music;Screaming;Shout,0,0,speech,"Male singing;Male speech, man speaking;Music;Screaming;Shout;Speech",base
IJ8SULSXbBo_130000,IJ8SULSXbBo,130.0,siren,siren,siren,1,1,v1,0.000,6.020,6.020,Siren,,0,0,,Generic impact sounds;Siren;Wind noise (microphone),base
IM47_WohcnA_5000,IM47_WohcnA,5.0,background,,,0,0,bg,,,,,Music,0,0,crying,"Crying, sobbing;Music",base
IMlT8ck2QtE_50000,IMlT8ck2QtE,50.0,background,,,0,0,bg,,,,,,0,0,,"Background noise;Bird vocalization, bird call, bird song;Squawk;Tap;Walk, footsteps;Wind noise (microphone)",base
IOPyAZ6vDcc_30000,IOPyAZ6vDcc,30.0,background,,,0,0,bg,,,,,Music,0,0,,Music;Rapping,base
IPWRvzh918o_0,IPWRvzh918o,0.0,glass,glass,glass,1,1,v1,5.131,6.371,1.240,,Music,0,0,,"Beep, bleep;Glass shatter;Human voice;Machine gun;Male speech, man speaking;Music;Sound effect;Video game sound",base
IPo-5RjFRbQ_150000,IPo-5RjFRbQ,150.0,scream,scream,scream,1,1,v1,0.000,1.020,1.020,,Screaming,0,0,,Background noise;Fireworks;Human voice;Mechanisms;Screaming,base
ISMC9Jj4kNA_350000,ISMC9Jj4kNA,350.0,dog_bark,dog_bark,dog_bark,1,1,v1,0.890,1.663,0.773,,,1,0,,"Animal;Bark;Bleat;Breathing;Chirp, tweet;Crow;Generic impact sounds",base
ISSOsfKTIrU_0,ISSOsfKTIrU,0.0,background,,,0,0,bg,,,,,,0,0,,"Generic impact sounds;Stream, river;Tick;Wind;Wind noise (microphone)",base
IUE1pheC8vk_0,IUE1pheC8vk,0.0,background,,,0,0,bg,,,,,,0,0,,Chainsaw,base
IXPw0iUXckE_60000,IXPw0iUXckE,60.0,background,,,0,0,bg,,,,,,0,0,,"Background noise;Breathing;Female speech, woman speaking;Generic impact sounds;Human sounds;Pour;Surface contact;Tap;Tick",base
I_qBcFL7rys_0,I_qBcFL7rys,0.0,background,,,0,0,bg,,,,,,0,0,,Doorbell,base
Ia0iIXGmQSc_8000,Ia0iIXGmQSc,8.0,background,,,0,0,bg,,,,,,0,0,,Rattle;Sine wave;Snake,base
Ia6KVduOj8w_160000,Ia6KVduOj8w,160.0,scream,scream,scream,1,1,real,7.073,10.000,2.927,,Screaming,0,0,,"Breathing;Child speech, kid speaking;Mechanisms;Screaming",base
IbhQ_cVRc1c_30000,IbhQ_cVRc1c,30.0,scream,scream,scream,1,1,real,0.226,1.136,0.910,,Screaming,0,0,,"Background noise;Conversation;Male speech, man speaking;Screaming;Tap",base
IdFvYctjizQ_110000,IdFvYctjizQ,110.0,background,,,0,0,bg,,,,,,0,0,,"Breathing;Generic impact sounds;Male speech, man speaking;Narration, monologue;Surface contact",base
IdjkCx82l5I_0,IdjkCx82l5I,0.0,background,,,0,0,bg,,,,,,0,0,,Background noise;Growling;Pant (dog);Rattle,base
IdtBWJyWO-M_0,IdtBWJyWO-M,0.0,glass,glass,glass,1,1,real,4.983,5.709,0.726,,,0,0,,"Generic impact sounds;Glass shatter;Gunshot, gunfire;Male speech, man speaking;Sound effect;Video game sound",base
IeAnXMoA2D4_30000,IeAnXMoA2D4,30.0,background,,,0,0,bg,,,,,Music,0,0,,Choir;Female singing;Music,base
IewCthVwVTo_240000,IewCthVwVTo,240.0,scream,scream,,1,0,v1,4.319,4.589,0.270,,Shout,0,0,crowd,"Generic impact sounds;Hubbub, speech noise, speech babble;Shout;Waves, surf;Wind",base
Iew_ca9ciPM_150000,Iew_ca9ciPM,150.0,scream,,scream,0,1,real,0.138,7.202,7.064,,Crowd;Music;Screaming;Shout,0,0,crowd,Crowd;Music;Screaming;Shout;Whoop,base
IgmCXkoZzJ0_30000,IgmCXkoZzJ0,30.0,background,,,0,0,bg,,,,,Music,0,0,,"Bird vocalization, bird call, bird song;Female speech, woman speaking;Generic impact sounds;Music;Tick;Wind",base
IhxTG7v-l0Y_30000,IhxTG7v-l0Y,30.0,background,,,0,0,bg,,,,,,0,0,,"Breathing;Male speech, man speaking;Mechanisms",base
IkdQPp83-PU_30000,IkdQPp83-PU,30.0,background,,,0,0,bg,,,,,Music,0,0,,Background noise;Music,base
IlVOwhe7VX4_20000,IlVOwhe7VX4,20.0,background,,,0,0,bg,,,,,Giggle;Music,0,0,crowd,"Background noise;Giggle;Hubbub, speech noise, speech babble;Male speech, man speaking;Music;Skateboard;Sound effect",base
IlspQDe-paU_160000,IlspQDe-paU,160.0,dog_bark,dog_bark,dog_bark,1,1,real,7.658,7.850,0.192,,,1,0,,"Bark;Car alarm;Engine starting;Generic impact sounds;Male speech, man speaking;Medium engine (mid frequency);Wind;Wind noise (microphone)",base
IlurniRU1b4_230000,IlurniRU1b4,230.0,background,,,0,0,bg,,,,,,0,0,,"Dishes, pots, and pans;Female speech, woman speaking;Human sounds;Mechanisms",base
Io3LdfumYlo_7000,Io3LdfumYlo,7.0,background,,,0,0,bg,,,,,,0,0,,Background noise;Generic impact sounds;Surface contact,base
IoNgh2fnDy8_40000,IoNgh2fnDy8,40.0,background,,,0,0,bg,,,,,,0,0,,"Boat, Water vehicle;Engine;Generic impact sounds;Human voice;Male speech, man speaking;Surface contact;Water",base
IoUt_7KjX-g_7000,IoUt_7KjX-g,7.0,background,,,0,0,bg,,,,,Laughter,0,0,laughter,"Laughter;Male speech, man speaking;Thump, thud;Tick",base
IogXzkTGJg8_30000,IogXzkTGJg8,30.0,scream,scream,scream,1,1,v1,1.874,6.906,5.032,,Screaming,0,0,,Grunt;Screaming;Sound effect,base
IpFYguz7cVc_21000,IpFYguz7cVc,21.0,dog_bark,dog_bark,dog_bark,1,1,real,6.103,6.479,0.376,,Laughter,1,0,laughter,"Bark;Female speech, woman speaking;Generic impact sounds;Laughter;Mechanisms",base
Ipoo76ETh6A_170000,Ipoo76ETh6A,170.0,dog_bark,dog_bark,dog_bark,1,1,real,2.485,2.828,0.343,,Music,1,0,,"Bark;Beep, bleep;Breathing;Female speech, woman speaking;Generic impact sounds;Mechanisms;Music",base
Ivg1geb_bv4_30000,Ivg1geb_bv4,30.0,background,,,0,0,bg,,,,,"Chuckle, chortle;Laughter",0,0,laughter,"Breathing;Chuckle, chortle;Generic impact sounds;Laughter;Mechanisms",base
Iw43Xz9e8nw_4000,Iw43Xz9e8nw,4.0,scream,scream,scream,1,1,v1,7.893,9.940,2.047,,Screaming,0,0,speech,"Generic impact sounds;Human voice;Male speech, man speaking;Mechanisms;Screaming;Speech;Thump, thud;Water;Wind",base
IwB-2ocUURA_30000,IwB-2ocUURA,30.0,siren,siren,siren,1,1,v1,3.710,7.276,3.566,Siren,,0,0,,"Generic impact sounds;Male speech, man speaking;Mechanisms;Siren;Squeal",base
Ix2ggUBF_N8_0,Ix2ggUBF_N8,0.0,scream,scream,,1,0,v1,1.360,5.040,3.680,,Shout,0,0,,"Bus;Human voice;Male speech, man speaking;Shout;Vehicle horn, car horn, honking, toot",base
IxBSX6Mk5ME_580000,IxBSX6Mk5ME,580.0,background,,,0,0,bg,,,,,Music,0,0,,"Background noise;Clicking;Female singing;Generic impact sounds;Human voice;Keypress tone;Male speech, man speaking;Music;Tap;Tick",base
J1xow2p1ncE_15000,J1xow2p1ncE,15.0,siren,,siren,0,1,real,0.000,9.033,9.033,"Fire engine, fire truck (siren)",,0,0,,"Fire engine, fire truck (siren);Wind",base
J8GEU1esZQA_30000,J8GEU1esZQA,30.0,background,,,0,0,bg,,,,,,0,0,,Human sounds;Mechanisms,base
J8cPdq0kjmw_50000,J8cPdq0kjmw,50.0,background,,,0,0,bg,,,,,,0,0,,"Chirp, tweet;Motor vehicle (road)",base
J9xaNZXL9TU_120000,J9xaNZXL9TU,120.0,siren,siren,siren,1,1,v1,4.663,5.516,0.853,Siren,,0,0,,"Background noise;Male speech, man speaking;Siren;Surface contact;Tap",base
JCBMKY6_o1w_0,JCBMKY6_o1w,0.0,glass,glass,glass,1,1,v1,5.283,6.039,0.756,,Music,0,0,,Glass shatter;Mechanisms;Music,base
JICpGwGZylQ_30000,JICpGwGZylQ,30.0,background,,,0,0,bg,,,,,,0,0,,"Accelerating, revving, vroom;Engine knocking;Medium engine (mid frequency)",base
JIkMRXshKZw_30000,JIkMRXshKZw,30.0,dog_bark,dog_bark,siren,1,1,v1,4.640,5.915,1.275,"Fire engine, fire truck (siren)",,0,1,dog_nonbark,"Dog;Fire engine, fire truck (siren);Generic impact sounds;Howl;Mechanisms",base
JJWQ8bZMqlM_30000,JJWQ8bZMqlM,30.0,dog_bark,dog_bark,,1,0,v1,9.055,9.453,0.398,,,0,1,dog_nonbark,"Breathing;Dog;Generic impact sounds;Growling;Grunt;Human voice;Male speech, man speaking;Mechanisms;Surface contact;Tick",base
JKiIZdKx2VI_80000,JKiIZdKx2VI,80.0,background,,,0,0,bg,,,,,Music,0,0,,Breathing;Male singing;Music,base
JL0HXxfAS3U_30000,JL0HXxfAS3U,30.0,background,,,0,0,bg,,,,,Music,0,0,,"Accelerating, revving, vroom;Music;Race car, auto racing;Tap;Video game sound",base
JML7i2cPAdo_30000,JML7i2cPAdo,30.0,background,,,0,0,bg,,,,,Music,0,0,,"Background noise;Female speech, woman speaking;Generic impact sounds;Male speech, man speaking;Music;Sound effect;Tap",base
JQAHxD3NiV8_10000,JQAHxD3NiV8,10.0,glass,glass,glass,1,1,real,8.669,9.790,1.121,,,0,0,,"Generic impact sounds;Glass shatter;Male speech, man speaking;Mechanisms;Tap;Thump, thud;Tick",base
JQj7ABTIxLE_30000,JQj7ABTIxLE,30.0,scream,scream,,1,0,v1,2.348,3.116,0.768,,Shout,0,0,,"Background noise;Conversation;Gunshot, gunfire;Human voice;Male speech, man speaking;Shout;Tick",base
JRaawbY-0iQ_270000,JRaawbY-0iQ,270.0,glass,glass,glass,1,1,v1,8.413,10.000,1.587,,,0,0,,"Female speech, woman speaking;Glass shatter;Hammer;Human voice;Mechanisms;Thump, thud",base
JS0JUrpNLJU_0,JS0JUrpNLJU,0.0,background,,,0,0,bg,,,,,,0,0,,"Accelerating, revving, vroom;Car;Generic impact sounds",base
JUXeLocNb_E_10000,JUXeLocNb_E,10.0,background,,,0,0,bg,,,,,,0,0,,"Baby cry, infant cry;Generic impact sounds;Mechanisms",base
JW644W5bw0M_20000,JW644W5bw0M,20.0,siren,,siren,0,1,real,0.000,10.000,10.000,Ambulance (siren),,0,0,,Ambulance (siren),base
JXbMV5CqLkc_20000,JXbMV5CqLkc,20.0,dog_bark,dog_bark,dog_bark,1,1,v1,2.536,2.634,0.098,,,1,0,,"Bark;Generic impact sounds;Ice cream truck, ice cream van",base
JZTaDLkT-j4_90000,JZTaDLkT-j4,90.0,glass,glass,glass,1,1,v1,5.632,6.519,0.887,,,0,0,,"Generic impact sounds;Glass shatter;Human voice;Male speech, man speaking;Mechanisms;Thump, thud",base
JZroSE4NVu0_30000,JZroSE4NVu0,30.0,background,,,0,0,bg,,,,,Music,0,0,,"Male speech, man speaking;Music",base
J_i6SyNhKpw_22000,J_i6SyNhKpw,22.0,background,,,0,0,bg,,,,,Laughter,0,0,laughter,"Breathing;Cough;Female speech, woman speaking;Generic impact sounds;Laughter;Mechanisms;Tick",base
J_xdM4m96rM_170000,J_xdM4m96rM,170.0,background,,,0,0,bg,,,,,,0,0,,Background noise;Cat;Generic impact sounds;Purr;Tick,base
JaUKLjzP1_o_0,JaUKLjzP1_o,0.0,background,,,0,0,bg,,,,,,0,0,,Toilet flush,base
JbxkRKLvwWY_60000,JbxkRKLvwWY,60.0,background,,,0,0,bg,,,,,,0,0,,Breathing;Cough;Generic impact sounds;Human sounds;Mechanisms;Throat clearing;Tick,base
Jc57snCLugw_140000,Jc57snCLugw,140.0,siren,siren,siren,1,1,v1,4.632,7.614,2.982,Siren,Clapping,0,0,,"Clapping;Male speech, man speaking;Run;Siren;Whistling;Wind",base
JcPcwCBLQyc_150000,JcPcwCBLQyc,150.0,siren,siren,siren,1,1,v1,5.619,10.000,4.381,Siren,,0,0,,"Background noise;Beep, bleep;Generic impact sounds;Male speech, man speaking;Siren",base
Jd-o27rHHeo_280000,Jd-o27rHHeo,280.0,dog_bark,dog_bark,dog_bark,1,1,v1,3.928,4.072,0.144,,,1,0,,Animal;Bark;Generic impact sounds;Oink;Wind,base
Jds_H5SprE0_110000,Jds_H5SprE0,110.0,background,,,0,0,bg,,,,,,0,0,,Fire;Water,base
Jfa8-dE4MOQ_30000,Jfa8-dE4MOQ,30.0,background,,,0,0,bg,,,,,Music,0,0,,"Breathing;Female speech, woman speaking;Music;Run;Ship;Walk, footsteps;Waves, surf",base
Jfaj4P3us9M_27000,Jfaj4P3us9M,27.0,background,,,0,0,bg,,,,,,0,0,,"Beep, bleep;Clicking;Generic impact sounds;Mechanisms",base
JhKdqxYvZwQ_30000,JhKdqxYvZwQ,30.0,dog_bark,dog_bark,dog_bark,1,1,real,1.591,1.874,0.283,,,1,0,,Animal;Bark;Generic impact sounds;Growling;Mechanisms;Yip,base
Ji29FcPnIZU_19000,Ji29FcPnIZU,19.0,background,,,0,0,bg,,,,,,0,0,,"Animal;Beep, bleep;Chewing, mastication;Female speech, woman speaking;Sniff",base
JlFtHXRw8Qk_40000,JlFtHXRw8Qk,40.0,background,,,0,0,bg,,,,,,0,0,,"Boiling;Female speech, woman speaking;Generic impact sounds",base
JmYb6JdnEiI_0,JmYb6JdnEiI,0.0,glass,glass,glass,1,1,real,7.704,9.607,1.903,,Music,0,0,,Explosion;Glass shatter;Music;Sound effect,base
JqVUBY0DGqA_80000,JqVUBY0DGqA,80.0,background,,,0,0,bg,,,,,,0,0,,"Background noise;Chirp, tweet;Clicking;Male speech, man speaking",base
JsCobchUlMQ_380000,JsCobchUlMQ,380.0,scream,scream,scream,1,1,real,0.764,1.142,0.378,,Screaming,0,0,,"Background noise;Clicking;Generic impact sounds;Human voice;Screaming;Thunk;Tick;Whack, thwack",base
Jse-XQrz7MA_30000,Jse-XQrz7MA,30.0,dog_bark,dog_bark,dog_bark,1,1,real,2.412,3.026,0.614,,Laughter;Music,1,0,laughter,"Bark;Beep, bleep;Breathing;Generic impact sounds;Laughter;Mechanisms;Music",base
Jtn4glFRnmM_30000,Jtn4glFRnmM,30.0,background,,,0,0,bg,,,,,Cheering,0,0,crowd,"Cheering;Generic impact sounds;Male speech, man speaking;Mechanisms;Squeal;Whistling",base
JtsvZPhUC4E_10000,JtsvZPhUC4E,10.0,siren,siren,siren,1,1,real,0.000,9.314,9.314,Siren,,0,0,,Siren,base
JwbrDznDCZI_230000,JwbrDznDCZI,230.0,scream,scream,,1,0,v1,6.307,10.000,3.693,,Shout,0,0,,"Background noise;Male speech, man speaking;Shout",base
JyOo3fgBbUo_20000,JyOo3fgBbUo,20.0,scream,scream,,1,0,v1,4.944,5.475,0.531,,Shout,0,0,,Background noise;Breathing;Groan;Shout;Speech synthesizer;Tick,base
JyUZVp8TqhY_30000,JyUZVp8TqhY,30.0,background,,,0,0,bg,,,,,,0,0,,"Background noise;Bird vocalization, bird call, bird song;Chirp, tweet;Surface contact;Walk, footsteps;Wind noise (microphone)",base
K0NX5GmC2M0_110000,K0NX5GmC2M0,110.0,glass,glass,glass,1,1,v1,4.763,6.069,1.306,,Music,0,0,,"Glass shatter;Machine gun;Male speech, man speaking;Music;Sound effect;Video game sound;Walk, footsteps",base
K1IEy4UJLjE_110000,K1IEy4UJLjE,110.0,background,,,0,0,bg,,,,,,0,0,,"Breathing;Clicking;Computer keyboard;Generic impact sounds;Human voice;Male speech, man speaking;Mechanisms;Surface contact",base
K4IzBkfJ5RM_10000,K4IzBkfJ5RM,10.0,glass,glass,glass,1,1,v1,5.204,6.973,1.769,,,0,0,,Glass shatter;Sound effect;Static,base
K8Ouytlr7P0_10000,K8Ouytlr7P0,10.0,background,,,0,0,bg,,,,,,0,0,,"Bird vocalization, bird call, bird song;Medium engine (mid frequency)",base
K8SIpNbUfjA_30000,K8SIpNbUfjA,30.0,background,,,0,0,bg,,,,,,0,0,,Background noise;Mechanisms,base
K8W0Glw5Oxw_330000,K8W0Glw5Oxw,330.0,background,,,0,0,bg,,,,,,0,0,,Mechanisms;Sawing;Tick,base
K9zlbkFDaeo_30000,K9zlbkFDaeo,30.0,background,,,0,0,bg,,,,,Music,0,0,crowd,"Brief tone;Child speech, kid speaking;Female speech, woman speaking;Hubbub, speech noise, speech babble;Male speech, man speaking;Music;Tick",base
KB-CQs1OtXI_7000,KB-CQs1OtXI,7.0,dog_bark,dog_bark,dog_bark,1,1,real,1.070,2.183,1.113,,,1,1,,Background noise;Bark;Dog;Generic impact sounds;Whimper (dog);Yip,base
KGsKx1Ocqus_30000,KGsKx1Ocqus,30.0,glass,glass,glass,1,1,real,4.850,6.000,1.150,,Music,0,0,,Glass shatter;Male singing;Music,base
KIEp6WPm5b0_30000,KIEp6WPm5b0,30.0,glass,glass,glass,1,1,v1,0.000,1.758,1.758,,,0,0,,"Accelerating, revving, vroom;Generic impact sounds;Glass shatter;Male speech, man speaking;Motor vehicle (road);Tire squeal, skidding",base
KJkEFvZBsxs_210000,KJkEFvZBsxs,210.0,scream,,scream,0,1,real,4.514,7.999,3.485,,Clapping;Crowd;Screaming;Shout,0,0,crowd,"Clapping;Crowd;Female speech, woman speaking;Screaming;Shout",base
KK3UPJAky54_30000,KK3UPJAky54,30.0,background,,,0,0,bg,,,,,,0,0,,"Bird vocalization, bird call, bird song;Generic impact sounds;Male speech, man speaking;Motor vehicle (road)",base
KKHj7F59JiI_520000,KKHj7F59JiI,520.0,background,,,0,0,bg,,,,,,0,0,,"Background noise;Generic impact sounds;Male speech, man speaking;Mechanisms",base
KO1PykXaRXU_0,KO1PykXaRXU,0.0,background,,,0,0,bg,,,,,,0,0,,"Brief tone;Generic impact sounds;Sliding door;Subway, metro, underground;Surface contact;Whistling",base
KOzTZ6QlteM_540000,KOzTZ6QlteM,540.0,siren,siren,siren,1,1,v1,0.000,2.866,2.866,Siren,,0,0,,"Background noise;Clicking;Conversation;Male speech, man speaking;Radio;Siren",base
KPc0QPzaU_8_590000,KPc0QPzaU_8,590.0,background,,,0,0,bg,,,,,,0,0,crowd,"Background noise;Breathing;Ding;Groan;Hubbub, speech noise, speech babble;Male speech, man speaking",base
KSikyKc_YSI_0,KSikyKc_YSI,0.0,siren,,siren,0,1,real,1.135,10.000,8.865,"Fire engine, fire truck (siren)",,0,0,,"Background noise;Fire engine, fire truck (siren)",base
KUkMpnO8-cM_30000,KUkMpnO8-cM,30.0,background,,,0,0,bg,,,,,,0,0,,"Breathing;Male speech, man speaking;Mechanisms;Skateboard",base
KWlfi1XmkRc_70000,KWlfi1XmkRc,70.0,scream,scream,,1,0,v1,4.059,5.302,1.243,,Shout,0,0,,"Bird vocalization, bird call, bird song;Generic impact sounds;Male speech, man speaking;Shout;Waterfall;Wind;Wind noise (microphone)",base
KXBco0v-6cY_300000,KXBco0v-6cY,300.0,dog_bark,dog_bark,,1,0,v1,3.181,4.606,1.425,,Music,0,1,dog_nonbark,Background noise;Clicking;Dog;Howl;Human voice;Music;Tap,base
KXfew8wDuLs_30000,KXfew8wDuLs,30.0,background,,,0,0,bg,,,,,,0,0,,"Generic impact sounds;Male speech, man speaking;Mechanisms",base
KXucwATvP88_2000,KXucwATvP88,2.0,dog_bark,dog_bark,dog_bark,1,1,v1,8.008,8.344,0.336,,,1,0,,"Accelerating, revving, vroom;Background noise;Bark;Generic impact sounds;Motor vehicle (road)",base
KYsd2ssXdqQ_220000,KYsd2ssXdqQ,220.0,background,,,0,0,bg,,,,,,0,0,,"Clicking;Gasp;Male speech, man speaking;Mechanisms",base
Ka9tkVDcN08_410000,Ka9tkVDcN08,410.0,siren,siren,siren,1,1,v1,0.000,10.000,10.000,Siren,,0,0,,"Male speech, man speaking;Siren",base
Kalum2MqRo4_130000,Kalum2MqRo4,130.0,siren,siren,siren,1,1,v1,0.000,10.000,10.000,"Fire engine, fire truck (siren);Siren",,0,0,,"Air horn, truck horn;Fire engine, fire truck (siren);Siren",base
Kb2rhFj81bQ_320000,Kb2rhFj81bQ,320.0,background,,,0,0,bg,,,,,Music,0,0,,"Breathing;Female speech, woman speaking;Gargling;Generic impact sounds;Mechanisms;Music",base
Kc2-IHeqq0o_30000,Kc2-IHeqq0o,30.0,siren,siren,siren,1,1,v1,0.000,10.000,10.000,Siren,,0,0,,Siren,base
KcjY5Nsljac_80000,KcjY5Nsljac,80.0,glass,glass,glass,1,1,real,8.969,9.614,0.645,,Music,0,0,,"Burping, eructation;Glass shatter;Human voice;Male speech, man speaking;Music;Sound effect;Whack, thwack",base
Kd_pbpPz5X0_30000,Kd_pbpPz5X0,30.0,glass,glass,glass,1,1,real,0.000,10.000,10.000,,,0,0,,Generic impact sounds;Glass shatter;Human sounds,base
KeRK_bYUvwM_150000,KeRK_bYUvwM,150.0,background,,,0,0,bg,,,,,,0,0,,"Background noise;Beep, bleep;Male speech, man speaking",base
KeX5WjiLK-M_220000,KeX5WjiLK-M,220.0,background,,,0,0,bg,,,,,Laughter,0,0,laughter,"Breathing;Child speech, kid speaking;Conversation;Gasp;Generic impact sounds;Human sounds;Human voice;Laughter;Male speech, man speaking;Mechanisms;Surface contact;Tick",base
KfOv20soFgI_20000,KfOv20soFgI,20.0,background,,,0,0,bg,,,,,,0,0,,Aircraft engine;Wind,base
Kg6qLpK6sdU_10000,Kg6qLpK6sdU,10.0,background,,,0,0,bg,,,,,,0,0,,Generic impact sounds;Mechanisms;Toilet flush,base
KgvhUPiDdq8_30000,KgvhUPiDdq8,30.0,background,,,0,0,bg,,,,,Music,0,0,,"Breathing;Male speech, man speaking;Music",base
Ki3hh-Lb_4M_30000,Ki3hh-Lb_4M,30.0,background,,,0,0,bg,,,,,,0,0,,"Male speech, man speaking;Mechanisms;Tap;Writing",base
Kio8ztrBYro_120000,Kio8ztrBYro,120.0,background,,,0,0,bg,,,,,,0,0,,"Background noise;Dishes, pots, and pans;Generic impact sounds;Male speech, man speaking",base
Kkw93Sx6Q3c_18000,Kkw93Sx6Q3c,18.0,dog_bark,dog_bark,,1,0,v1,1.822,5.753,3.931,,,0,1,dog_nonbark,Dog;Generic impact sounds;Human voice;Mechanisms,base
KllExq6do4Y_18000,KllExq6do4Y,18.0,glass,glass,glass,1,1,v1,6.693,9.200,2.507,,,0,0,,Explosion;Generic impact sounds;Glass shatter;Human sounds;Motor vehicle (road),base
KmRnVukGA0k_150000,KmRnVukGA0k,150.0,background,,,0,0,bg,,,,,,0,0,,Microwave oven;Noise;Tick,base
Kno1Qt815WI_160000,Kno1Qt815WI,160.0,scream,,scream,0,1,real,7.828,10.000,2.172,,Clapping;Crowd;Music;Screaming;Shout,0,0,crowd,Clapping;Crowd;Male singing;Music;Screaming;Shout,base
KorbYNoN8Gg_10000,KorbYNoN8Gg,10.0,siren,siren,siren,1,1,v1,0.000,2.693,2.693,Siren,,0,0,alarm,Alarm;Background noise;Generic impact sounds;Siren;Tick,base
Kpszu2OTyDk_410000,Kpszu2OTyDk,410.0,background,,,0,0,bg,,,,,,0,0,,"Breathing;Generic impact sounds;Male speech, man speaking;Mechanisms;Thump, thud",base
KqfkG7e1nbs_240000,KqfkG7e1nbs,240.0,background,,,0,0,bg,,,,,,0,0,,"Accelerating, revving, vroom;Generic impact sounds;Race car, auto racing;Video game sound",base
KrFlV-IA5cE_0,KrFlV-IA5cE,0.0,background,,,0,0,bg,,,,,,0,0,,"Background noise;Chicken, rooster",base
Kt519wdHIw8_130000,Kt519wdHIw8,130.0,background,,,0,0,bg,,,,,,0,0,,"Background noise;Breathing;Filing (rasp);Male speech, man speaking;Surface contact",base
KtdEtR__RlI_30000,KtdEtR__RlI,30.0,scream,scream,scream,1,1,v1,1.436,1.643,0.207,,Screaming,0,0,,"Explosion;Female speech, woman speaking;Screaming",base
KvgQKcteQTU_20000,KvgQKcteQTU,20.0,background,,,0,0,bg,,,,,,0,0,,Boing,base
KxpklHRC7Lg_30000,KxpklHRC7Lg,30.0,background,,,0,0,bg,,,,,,0,0,,"Accelerating, revving, vroom;Car;Surface contact;Wind;Wind noise (microphone)",base
KzysnaV09xg_90000,KzysnaV09xg,90.0,background,,,0,0,bg,,,,,,0,0,,"Clicking;Electric toothbrush;Female speech, woman speaking",base
L-4pwf14HB4_17000,L-4pwf14HB4,17.0,siren,siren,siren,1,1,v1,0.000,9.331,9.331,Siren,,0,0,crowd,"Emergency vehicle;Hubbub, speech noise, speech babble;Siren;Wind",base
L-h6KN6SBqM_350000,L-h6KN6SBqM,350.0,glass,glass,glass,1,1,real,6.713,7.690,0.977,,Crowd;Music;Shout,0,0,crowd,"Conversation;Crowd;Generic impact sounds;Glass shatter;Male speech, man speaking;Mechanisms;Music;Shout",base
L0-DuzAJ2CU_28000,L0-DuzAJ2CU,28.0,background,,,0,0,bg,,,,,Giggle,0,0,,"Conversation;Giggle;Male speech, man speaking;Motorboat, speedboat;Stream, river;Whoop;Wind",base
L1rAooQEnsk_0,L1rAooQEnsk,0.0,glass,glass,glass,1,1,v1,2.978,5.908,2.930,,,0,0,,Glass shatter,base
L3DCKNMg5jA_70000,L3DCKNMg5jA,70.0,background,,,0,0,bg,,,,,,0,0,glass_nonshatter,Generic impact sounds;Glass;Mechanisms;Sink (filling or washing);Sizzle;Stir;Surface contact;Tick,base
L3XwAtXgvZQ_30000,L3XwAtXgvZQ,30.0,scream,scream,scream,1,1,v1,6.114,8.024,1.910,,Screaming,0,0,crying,"Crying, sobbing;Male speech, man speaking;Pant;Screaming",base
L3vuNVEuZeQ_20000,L3vuNVEuZeQ,20.0,background,,,0,0,bg,,,,,Music,0,0,crowd,"Buzzer;Hubbub, speech noise, speech babble;Music;Walk, footsteps",base
L52CaHaHrZc_30000,L52CaHaHrZc,30.0,siren,siren,siren,1,1,v1,9.228,10.000,0.772,Siren,,0,0,,"Generic impact sounds;Medium engine (mid frequency);Siren;Tick;Vehicle horn, car horn, honking, toot",base
L5mSvz6ac5s_30000,L5mSvz6ac5s,30.0,dog_bark,dog_bark,dog_bark,1,1,v1,2.679,3.913,1.234,,,1,0,,Bark;Mechanisms;Tap,base
L5rb2l8m5HQ_250000,L5rb2l8m5HQ,250.0,background,,,0,0,bg,,,,,,0,0,,"Chirp, tweet;Male speech, man speaking;Mechanisms;Scratch",base
L5w_KnCFULA_0,L5w_KnCFULA,0.0,scream,scream,scream,1,1,v1,2.478,3.632,1.154,,Screaming,0,0,,"Background noise;Bird flight, flapping wings;Child speech, kid speaking;Children playing;Female speech, woman speaking;Human voice;Male speech, man speaking;Screaming;Wind noise (microphone)",base
L63-jq63SyU_50000,L63-jq63SyU,50.0,dog_bark,dog_bark,dog_bark,1,1,real,4.424,5.053,0.629,,Laughter,1,1,laughter,"Bark;Breathing;Dog;Female speech, woman speaking;Generic impact sounds;Laughter;Mechanisms;Surface contact;Tick",base
L6RT_8ZOjoY_30000,L6RT_8ZOjoY,30.0,scream,,scream,0,1,real,6.520,9.445,2.925,,Crowd;Music;Screaming,0,0,crowd,"Crowd;Female singing;Female speech, woman speaking;Male singing;Male speech, man speaking;Music;Screaming;Whistling",base
L9AKbLaXCWs_40000,L9AKbLaXCWs,40.0,background,,,0,0,bg,,,,,,0,0,,"Chicken, rooster;Generic impact sounds;Wind;Wind noise (microphone)",base
LB5zwBmY7tU_30000,LB5zwBmY7tU,30.0,siren,,siren,0,1,real,0.000,10.000,10.000,"Fire engine, fire truck (siren)",,0,0,,"Accelerating, revving, vroom;Air horn, truck horn;Fire engine, fire truck (siren);Generic impact sounds;Tick",base
LCF-NuNI18c_0,LCF-NuNI18c,0.0,glass,glass,glass,1,1,real,1.401,5.128,3.727,,Music,0,0,,Background noise;Bouncing;Clicking;Glass shatter;Music;Sound effect,base
LF-070rGEbQ_230000,LF-070rGEbQ,230.0,glass,glass,glass,1,1,real,0.012,2.354,2.342,,,0,0,,"Generic impact sounds;Glass shatter;Walk, footsteps",base
LFPJQp-DarE_6000,LFPJQp-DarE,6.0,glass,glass,glass,1,1,real,6.889,7.658,0.769,,Clapping,0,0,,"Background noise;Bird vocalization, bird call, bird song;Clapping;Female speech, woman speaking;Glass shatter;Insect;Male speech, man speaking;Tick;Wind",base
LKoHHk6XzQQ_70000,LKoHHk6XzQQ,70.0,siren,siren,siren,1,1,real,0.000,9.031,9.031,Siren,,0,0,,Mechanisms;Siren,base
LLoAfWorzmM_30000,LLoAfWorzmM,30.0,background,,,0,0,bg,,,,,,0,0,crowd,"Bird vocalization, bird call, bird song;Cluck;Generic impact sounds;Hubbub, speech noise, speech babble;Wind",base
LPu4Rs7HJKk_30000,LPu4Rs7HJKk,30.0,background,,,0,0,bg,,,,,Laughter,0,0,laughter,"Breathing;Laughter;Male speech, man speaking;Rain on surface;Vehicle horn, car horn, honking, toot",base
LQeYEs6R44A_30000,LQeYEs6R44A,30.0,glass,glass,glass,1,1,v1,8.257,10.000,1.743,,,0,0,,"Background noise;Child speech, kid speaking;Glass shatter;Walk, footsteps",base
LRk8V27qJV4_0,LRk8V27qJV4,0.0,background,,,0,0,bg,,,,,Music,0,0,,"Bird vocalization, bird call, bird song;Music",base
LT5wHi8Atmg_70000,LT5wHi8Atmg,70.0,glass,glass,glass,1,1,v1,0.225,2.085,1.860,,,0,0,,"Glass shatter;Human voice;Male speech, man speaking;Mechanisms",base
LUFQUL7-ZtY_30000,LUFQUL7-ZtY,30.0,dog_bark,dog_bark,dog_bark,1,1,real,8.288,8.807,0.519,,,1,0,,Bark;Breathing;Engine starting;Generic impact sounds;Surface contact;Tick;Wind;Wind noise (microphone),base
LVJW37vqec0_0,LVJW37vqec0,0.0,background,,,0,0,bg,,,,,,0,0,,"Background noise;Crow;Male speech, man speaking",base
LYC7g8fpXUc_18000,LYC7g8fpXUc,18.0,siren,siren,siren,1,1,v1,0.000,8.732,8.732,Siren,,0,0,,"Conversation;Generic impact sounds;Male speech, man speaking;Mechanisms;Siren;Tick;Tick-tock",base
L_c-eWvafXw_20000,L_c-eWvafXw,20.0,background,,,0,0,bg,,,,,,0,0,,"Motorboat, speedboat;Sound effect;Video game sound;Water",base
L_i0ZbLRFms_30000,L_i0ZbLRFms,30.0,background,,,0,0,bg,,,,,,0,0,,Car;Wind,base
LaL4j1GujKE_80000,LaL4j1GujKE,80.0,scream,,scream,0,1,real,3.821,10.000,6.179,,Crowd;Screaming,0,0,crowd,"Crowd;Male speech, man speaking;Screaming",base
LbVXYFN2ZlA_290000,LbVXYFN2ZlA,290.0,background,,,0,0,bg,,,,,,0,0,,"Arrow;Bird vocalization, bird call, bird song;Generic impact sounds;Mechanisms;Walk, footsteps",base
Lby63YIx0ao_110000,Lby63YIx0ao,110.0,scream,scream,,1,0,v1,6.047,6.466,0.419,,Shout,0,0,,"Background noise;Basketball bounce;Cricket;Plop;Shout;White noise, pink noise",base
LexlmAS7o8w_190000,LexlmAS7o8w,190.0,scream,scream,,1,0,v1,3.920,5.132,1.212,,Shout,0,0,,"Child speech, kid speaking;Female speech, woman speaking;Male speech, man speaking;Mechanisms;Shout;Tick;Water",base
LfwVdPp0f1s_530000,LfwVdPp0f1s,530.0,glass,glass,glass,1,1,real,4.883,6.027,1.144,,,0,0,alarm,"Alarm;Generic impact sounds;Glass shatter;Mechanisms;Walk, footsteps;Wind",base
LhUr6xCmYHQ_110000,LhUr6xCmYHQ,110.0,background,,,0,0,bg,,,,,,0,0,,Chainsaw,base
LiTpqLSu33s_50000,LiTpqLSu33s,50.0,siren,,siren,0,1,real,0.000,10.000,10.000,Police car (siren),,0,0,,Police car (siren),base
LkOtCqBr7hA_10000,LkOtCqBr7hA,10.0,background,,,0,0,bg,,,,,,0,0,,Background noise;Growling;Tick,base
Lm0WVCwXABk_30000,Lm0WVCwXABk,30.0,siren,siren,siren,1,1,v1,0.000,10.000,10.000,Siren,,0,0,,Siren;Tick,base
Lm86x5iDiuI_0,Lm86x5iDiuI,0.0,background,,,0,0,bg,,,,,,0,0,,Generic impact sounds;Mechanisms,base
LmBCeCaS0ds_250000,LmBCeCaS0ds,250.0,scream,scream,,1,0,v1,3.980,4.680,0.700,,Shout,0,0,,Cowbell;Moo;Shout;Wind,base
LmDCHT1SqGE_30000,LmDCHT1SqGE,30.0,scream,scream,scream,1,1,v1,0.000,10.000,10.000,,Screaming,0,0,,Screaming,base
LrsqoLKl0b8_13000,LrsqoLKl0b8,13.0,scream,scream,,1,0,v1,0.594,3.260,2.666,,Shout,0,0,,"Female speech, woman speaking;Male speech, man speaking;Mechanisms;Shout;Water",base
LsRhV2d4few_16000,LsRhV2d4few,16.0,dog_bark,dog_bark,dog_bark,1,1,v1,8.162,8.717,0.555,,Laughter,1,1,laughter,Background noise;Bark;Dog;Human voice;Laughter;Television,base
Lt5vHFOrJRs_30000,Lt5vHFOrJRs,30.0,glass,glass,glass,1,1,real,3.353,6.126,2.773,,,0,0,,"Background noise;Bird vocalization, bird call, bird song;Generic impact sounds;Glass shatter;Tick",base
Lu3ZGf2XycE_300000,Lu3ZGf2XycE,300.0,scream,scream,scream,1,1,v1,0.428,1.232,0.804,,Screaming,0,0,speech,"Female speech, woman speaking;Generic impact sounds;Human voice;Male speech, man speaking;Run;Screaming;Speech;Tick;Walk, footsteps;Wind",base
Lvt_03xzVtc_20000,Lvt_03xzVtc,20.0,glass,glass,glass,1,1,real,1.073,2.126,1.053,,Music,0,0,,"Female singing;Glass shatter;Male speech, man speaking;Music;Sound effect",base
LxH0msC45ko_30000,LxH0msC45ko,30.0,background,,,0,0,bg,,,,,Cheering;Clapping;Music,0,0,crowd,Background noise;Battle cry;Cheering;Clapping;Music,base
Ly3oXtVVEIg_30000,Ly3oXtVVEIg,30.0,background,,,0,0,bg,,,,,,0,0,,Background noise;Church bell;Generic impact sounds;Mechanisms;Tap;Tick,base
M0FXP9ipUMw_150000,M0FXP9ipUMw,150.0,siren,,siren,0,1,real,0.000,10.000,10.000,Civil defense siren,,0,0,,Civil defense siren,base
M1v-2HGfHOE_130000,M1v-2HGfHOE,130.0,background,,,0,0,bg,,,,,,0,0,,Drill,base
M4QSS84Nzug_160000,M4QSS84Nzug,160.0,background,,,0,0,bg,,,,,,0,0,,Breathing;Generic impact sounds;Human sounds;Mechanisms;Surface contact;Tap;Tick;Whispering;Wind noise (microphone),base
M5u3gVo4hVs_250000,M5u3gVo4hVs,250.0,siren,,siren,0,1,real,0.000,10.000,10.000,Ambulance (siren),,0,0,crowd,"Ambulance (siren);Camera;Conversation;Generic impact sounds;Hubbub, speech noise, speech babble;Male speech, man speaking;Wind noise (microphone)",base
M6o4hKoLKqw_30000,M6o4hKoLKqw,30.0,dog_bark,dog_bark,dog_bark,1,1,v1,0.346,0.832,0.486,,,1,1,,Bark;Dog;Generic impact sounds;Howl;Mechanisms,base
M8XZ95KdIr4_30000,M8XZ95KdIr4,30.0,background,,,0,0,bg,,,,,,0,0,,"Motorboat, speedboat;Wind noise (microphone)",base
M9wDe5p0moA_0,M9wDe5p0moA,0.0,background,,,0,0,bg,,,,,Music,0,0,,Music,base
MAHEEdGZors_70000,MAHEEdGZors,70.0,siren,siren,siren,1,1,v1,0.000,10.000,10.000,Siren,,0,0,,"Male speech, man speaking;Mechanisms;Siren",base
MGVfMnCtUQI_210000,MGVfMnCtUQI,210.0,scream,scream,,1,0,v1,0.000,1.127,1.127,,Shout,0,0,,"Female speech, woman speaking;Generic impact sounds;Human voice;Male speech, man speaking;Shout;Wind noise (microphone)",base
MH5cAorLjFc_70000,MH5cAorLjFc,70.0,background,,,0,0,bg,,,,,Laughter,0,0,crowd;laughter,"Generic impact sounds;Hubbub, speech noise, speech babble;Laughter;Male speech, man speaking;Whoop;Wind",base
MJHy8X98Sj8_30000,MJHy8X98Sj8,30.0,background,,,0,0,bg,,,,,,0,0,,Background noise;Snake;Tick,base
MLpwZAwcIgY_170000,MLpwZAwcIgY,170.0,dog_bark,dog_bark,dog_bark,1,1,real,2.702,3.111,0.409,,,1,0,,"Arrow;Background noise;Bark;Chirp, tweet;Generic impact sounds;Human voice;Walk, footsteps",base
MNtKgkTIsUc_350000,MNtKgkTIsUc,350.0,background,,,0,0,bg,,,,,Music,0,0,,Breathing;Choir;Female singing;Music,base
MTXtMxp8kVU_0,MTXtMxp8kVU,0.0,glass,glass,glass,1,1,v1,0.157,1.268,1.111,,,0,0,,Glass shatter,base
MTtOBwHpIKM_0,MTtOBwHpIKM,0.0,glass,glass,glass,1,1,real,1.488,2.512,1.024,,,0,0,,Cat;Generic impact sounds;Glass shatter;Human voice;Mechanisms;Whistling,base
MVBQrBAXgw4_370000,MVBQrBAXgw4,370.0,glass,glass,glass,1,1,v1,7.836,8.836,1.000,,Music,0,0,,Glass shatter;Music,base
MXeZbzk4mD4_340000,MXeZbzk4mD4,340.0,background,,,0,0,bg,,,,,,0,0,,"Child speech, kid speaking;Generic impact sounds;Light engine (high frequency);Mechanisms",base
MY0m2p3TJko_520000,MY0m2p3TJko,520.0,scream,scream,siren,1,1,v1,7.089,7.731,0.642,"Fire engine, fire truck (siren)",Shout,0,0,speech,"Conversation;Fire;Fire engine, fire truck (siren);Male speech, man speaking;Shout;Speech",base
MYltWVGABVM_0,MYltWVGABVM,0.0,background,,,0,0,bg,,,,,Music,0,0,,Music;Surface contact,base
MaCy28VOvyI_0,MaCy28VOvyI,0.0,dog_bark,dog_bark,,1,0,v1,3.738,5.010,1.272,,,0,1,dog_nonbark,"Chirp, tweet;Dog;Generic impact sounds;Mechanisms;Motor vehicle (road);Tick",base
MaVE_ySj0rc_130000,MaVE_ySj0rc,130.0,background,,,0,0,bg,,,,,Music,0,0,,Caw;Music;Wind,base
MbWRt_vPecY_4000,MbWRt_vPecY,4.0,background,,,0,0,bg,,,,,Music,0,0,,"Human sounds;Male speech, man speaking;Music;Walk, footsteps",base
MbzXSYtJZ2s_30000,MbzXSYtJZ2s,30.0,background,,,0,0,bg,,,,,,0,0,,Motorcycle,base
McDtt5sUEFY_230000,McDtt5sUEFY,230.0,background,,,0,0,bg,,,,,Music,0,0,,"Background noise;Burping, eructation;Female speech, woman speaking;Male speech, man speaking;Music",base
McZTS5pAxFw_30000,McZTS5pAxFw,30.0,dog_bark,dog_bark,dog_bark,1,1,v1,5.087,5.643,0.556,,,1,0,crowd,"Bark;Chirp, tweet;Female speech, woman speaking;Hubbub, speech noise, speech babble;Male speech, man speaking;Motor vehicle (road);Tick",base
MdQW-TpfqBk_0,MdQW-TpfqBk,0.0,glass,glass,glass,1,1,v1,0.228,1.530,1.302,,Music,0,0,,Glass shatter;Music;Sound effect,base
Me6XhrkHwJw_170000,Me6XhrkHwJw,170.0,background,,,0,0,bg,,,,,,0,0,,"Cough;Generic impact sounds;Gush;Male speech, man speaking;Mechanisms;Motor vehicle (road);Squeal;Tick;Trickle, dribble;Vehicle",base
MeTn1eGqwBA_0,MeTn1eGqwBA,0.0,glass,glass,glass,1,1,v1,4.807,7.395,2.588,,,0,0,,Background noise;Breaking;Glass shatter,base
MfwT83nXvtE_11000,MfwT83nXvtE,11.0,glass,glass,glass,1,1,real,5.165,7.452,2.287,,,0,0,,Generic impact sounds;Glass;Glass shatter;Mechanisms,base
MgifkqSuScg_30000,MgifkqSuScg,30.0,background,,,0,0,bg,,,,,,0,0,,Background noise;Purr,base
MgvXuYqklOs_70000,MgvXuYqklOs,70.0,siren,siren,siren,1,1,v1,0.000,3.687,3.687,Siren,,0,0,,"Conversation;Generic impact sounds;Male speech, man speaking;Medium engine (mid frequency);Siren",base
MihslZambS0_410000,MihslZambS0,410.0,glass,glass,glass,1,1,real,7.449,8.657,1.208,,,0,0,,"Breathing;Generic impact sounds;Glass;Glass shatter;Male speech, man speaking;Mechanisms;Surface contact",base
Mk8ZlhFe3hs_2000,Mk8ZlhFe3hs,2.0,glass,glass,glass,1,1,v1,8.352,10.000,1.648,,,0,0,,Background noise;Glass shatter;Sound effect,base
MkzMTUu2XJg_110000,MkzMTUu2XJg,110.0,glass,glass,glass,1,1,v1,2.053,2.950,0.897,,,0,0,,Breaking;Generic impact sounds;Glass shatter;Mechanisms,base
Ml6OzqTUhs0_30000,Ml6OzqTUhs0,30.0,background,,,0,0,bg,,,,,,0,0,,Background noise;Clicking;Computer keyboard;Generic impact sounds;Mechanisms;Surface contact,base
MmHMz3U0q4U_10000,MmHMz3U0q4U,10.0,dog_bark,dog_bark,dog_bark,1,1,real,3.547,4.246,0.699,,,1,0,,Bark;Generic impact sounds;Howl;Human voice;Mechanisms;Surface contact,base
MmR_ttXvw9c_4000,MmR_ttXvw9c,4.0,glass,glass,glass,1,1,real,0.159,1.082,0.923,,,0,0,,Breaking;Glass shatter,base
MnYVwYGqVzY_20000,MnYVwYGqVzY,20.0,dog_bark,dog_bark,dog_bark,1,1,real,3.929,5.638,1.709,,,1,1,,Bark;Clicking;Dog;Generic impact sounds;Mechanisms;Squeak;Tick,base
MoOQct5zBBM_450000,MoOQct5zBBM,450.0,scream,,scream,0,1,real,9.022,9.388,0.366,,Laughter;Screaming,0,0,crowd;laughter,"Child speech, kid speaking;Hubbub, speech noise, speech babble;Laughter;Screaming;Water;Wind;Wind noise (microphone)",base
MoXLaJtNCYI_30000,MoXLaJtNCYI,30.0,background,,,0,0,bg,,,,,,0,0,,Animal;Breathing;Generic impact sounds;Mechanisms;Tick,base
Mqarxivoigc_30000,Mqarxivoigc,30.0,dog_bark,dog_bark,dog_bark,1,1,v1,5.269,6.084,0.815,,,1,1,,"Bark;Dog;Female speech, woman speaking;Male speech, man speaking;Mechanisms;Walk, footsteps;Wind",base
Mqt9NteKs-0_90000,Mqt9NteKs-0,90.0,dog_bark,dog_bark,dog_bark,1,1,v1,3.534,4.330,0.796,,,1,0,,Bark;Generic impact sounds;Growling;Mechanisms;Tick;Whispering,base
Mqya7qZ56MU_30000,Mqya7qZ56MU,30.0,dog_bark,dog_bark,dog_bark,1,1,real,0.354,0.740,0.386,,Music,1,0,,"Bark;Chirp, tweet;Generic impact sounds;Music",base
MrgvkkO0lZM_20000,MrgvkkO0lZM,20.0,background,,,0,0,bg,,,,,,0,0,,Train;Train horn,base
MuTOyn2TLNQ_200000,MuTOyn2TLNQ,200.0,background,,,0,0,bg,,,,,Music,0,0,,Music,base
MvcC7RsSlqI_20000,MvcC7RsSlqI,20.0,glass,glass,glass,1,1,v1,9.255,10.000,0.745,,,0,0,,"Conversation;Generic impact sounds;Glass shatter;Hammer;Male speech, man speaking;Mechanisms;Surface contact;Tick",base
MxHjjkQjvws_40000,MxHjjkQjvws,40.0,background,,,0,0,bg,,,,,Music,0,0,,Female singing;Male singing;Music,base
Mz5hfFG1SN8_70000,Mz5hfFG1SN8,70.0,background,,,0,0,bg,,,,,Laughter,0,0,laughter,"Baby cry, infant cry;Breathing;Child speech, kid speaking;Female speech, woman speaking;Laughter;Mechanisms",base
MzBvwzARtco_0,MzBvwzARtco,0.0,glass,glass,glass,1,1,real,2.773,4.093,1.320,,Cheering;Crowd;Music,0,0,crowd,"Cheering;Crowd;Glass shatter;Male speech, man speaking;Music",base
MzZO_oLeX40_430000,MzZO_oLeX40,430.0,dog_bark,dog_bark,,1,0,v1,5.626,10.000,4.374,,,0,1,dog_nonbark,"Background noise;Dog;Male speech, man speaking",base
N-UeTwaW5UQ_30000,N-UeTwaW5UQ,30.0,dog_bark,dog_bark,dog_bark,1,1,v1,7.186,7.509,0.323,,,1,0,,"Air horn, truck horn;Bark;Bird vocalization, bird call, bird song;Male speech, man speaking;Walk, footsteps;Whimper (dog);Wind",base
N-o2udWDtI0_70000,N-o2udWDtI0,70.0,dog_bark,dog_bark,dog_bark,1,1,real,6.952,7.351,0.399,,,1,0,,"Background noise;Bark;Bird vocalization, bird call, bird song;Generic impact sounds;Human sounds;Male speech, man speaking",base
N1i7uJeSFRI_15000,N1i7uJeSFRI,15.0,background,,,0,0,bg,,,,,Music,0,0,,Female singing;Music,base
N2kpNON2YxY_10000,N2kpNON2YxY,10.0,siren,siren,siren,1,1,v1,0.000,10.000,10.000,Siren,,0,0,,Generic impact sounds;Siren,base
N4CvyH14tPw_350000,N4CvyH14tPw,350.0,background,,,0,0,bg,,,,,,0,0,,Ringtone,base
N4HGITNFHUk_27000,N4HGITNFHUk,27.0,glass,glass,glass,1,1,v1,1.031,5.513,4.482,,Crowd;Music;Shout,0,0,crowd,"Background noise;Crowd;Generic impact sounds;Glass shatter;Human voice;Male speech, man speaking;Music;Shout;Surface contact;Whistling",base
N4Lz8NjSt8k_180000,N4Lz8NjSt8k,180.0,background,,,0,0,bg,,,,,,0,0,,"Female speech, woman speaking;Mechanisms;Sizzle;Stir;Tick",base
N4d41fjHTd8_30000,N4d41fjHTd8,30.0,siren,siren,siren,1,1,v1,0.000,10.000,10.000,Siren,,0,0,,Siren,base
N5kqDPJ5W_U_330000,N5kqDPJ5W_U,330.0,background,,,0,0,bg,,,,,Music,0,0,,Mechanisms;Music;Sound effect;Speech synthesizer,base
N5lrF4u0qEk_220000,N5lrF4u0qEk,220.0,background,,,0,0,bg,,,,,Laughter,0,0,laughter,"Breathing;Electric shaver, electric razor;Female speech, woman speaking;Generic impact sounds;Laughter;Wind",base
N6IZKKaC-g4_70000,N6IZKKaC-g4,70.0,background,,,0,0,bg,,,,,,0,0,,"Mechanisms;Rodents, rats, mice",base
N6bI1aKJYtU_0,N6bI1aKJYtU,0.0,glass,glass,glass,1,1,real,4.020,5.467,1.447,,,0,0,,Breaking;Glass shatter;Speech synthesizer,base
N73l76tOrGM_17000,N73l76tOrGM,17.0,siren,siren,siren,1,1,real,0.000,7.945,7.945,Siren,,0,0,,Siren;Sound effect,base
N99_PJvfkkw_30000,N99_PJvfkkw,30.0,background,,,0,0,bg,,,,,Music,0,0,,"Breathing;Clicking;Male speech, man speaking;Music;Video game sound",base
NAvH-KASGGo_30000,NAvH-KASGGo,30.0,background,,,0,0,bg,,,,,,0,0,,"Background noise;Door;Male speech, man speaking",base
NEbNAbZCxDU_21000,NEbNAbZCxDU,21.0,siren,siren,siren,1,1,v1,0.000,9.465,9.465,Siren,,0,0,,Siren,base
NF7TPsAAt8E_15000,NF7TPsAAt8E,15.0,background,,,0,0,bg,,,,,,0,0,,"Bird flight, flapping wings;Pigeon, dove",base
NG204aLoF1A_30000,NG204aLoF1A,30.0,background,,,0,0,bg,,,,,Music,0,0,,"Beep, bleep;Generic impact sounds;Male speech, man speaking;Music;Pig;Sound effect",base
NH0QMEpKMO8_280000,NH0QMEpKMO8,280.0,background,,,0,0,bg,,,,,Laughter;Music,0,0,laughter,"Breathing;Female singing;Generic impact sounds;Insect;Laughter;Male speech, man speaking;Mechanical fan;Music;Walk, footsteps",base
NIMIypxamu8_60000,NIMIypxamu8,60.0,siren,siren,siren,1,1,v1,0.594,10.000,9.406,Siren,,0,0,speech,"Female speech, woman speaking;Human voice;Male speech, man speaking;Motor vehicle (road);Siren;Speech;Tick",base
NIZ-Y4EeAUA_20000,NIZ-Y4EeAUA,20.0,scream,scream,scream,1,1,v1,7.496,8.118,0.622,,Screaming,0,0,,Babbling;Baby laughter;Generic impact sounds;Human sounds;Mechanisms;Screaming,base
NIiT2FJCZL0_330000,NIiT2FJCZL0,330.0,background,,,0,0,bg,,,,,Laughter,0,0,laughter,"Breathing;Child speech, kid speaking;Conversation;Female speech, woman speaking;Gasp;Generic impact sounds;Human sounds;Laughter;Mechanisms;Rub;Sniff;Surface contact",base
NOqbDHTUv2k_30000,NOqbDHTUv2k,30.0,glass,glass,glass,1,1,v1,8.155,9.351,1.196,,Music,0,0,,Glass shatter;Music;Sound effect;Tick;Water,base
NPH33KT_DqU_30000,NPH33KT_DqU,30.0,background,,,0,0,bg,,,,,,0,0,,Background noise;Train;Train horn;Train wheels squealing,base
NQYw0NAX7ks_30000,NQYw0NAX7ks,30.0,background,,,0,0,bg,,,,,,0,0,,"Background noise;Bird vocalization, bird call, bird song;Chicken, rooster;Female speech, woman speaking;Generic impact sounds",base
NTPPhYQFZDw_30000,NTPPhYQFZDw,30.0,siren,siren,siren,1,1,v1,0.015,10.000,9.985,Siren,,0,0,,Siren;Wind,base
NTUJJCOa74A_24000,NTUJJCOa74A,24.0,background,,,0,0,bg,,,,,,0,0,speech,Croak;Generic impact sounds;Insect;Speech;Wind,base
NTxrU-1RMC8_10000,NTxrU-1RMC8,10.0,scream,scream,scream,1,1,v1,6.701,10.000,3.299,,Screaming,0,0,,Screaming;Tap,base
NUkW93n6i70_0,NUkW93n6i70,0.0,scream,scream,,1,0,v1,0.446,2.109,1.663,,Yell,0,0,,Background noise;Breathing;Tap;Yell,base
NV7v0bMgIu0_500000,NV7v0bMgIu0,500.0,siren,siren,siren,1,1,v1,5.074,10.000,4.926,Siren,,0,0,,Background noise;Siren,base
NWH94_qG3R8_30000,NWH94_qG3R8,30.0,dog_bark,dog_bark,dog_bark,1,1,real,5.320,5.824,0.504,,,1,0,,"Bark;Bell;Chirp, tweet;Gears;Mechanisms;Wind noise (microphone)",base
NWj6HWp2pwk_30000,NWj6HWp2pwk,30.0,background,,,0,0,bg,,,,,Music,0,0,,Child singing;Music,base
NWrGrp7ynj0_30000,NWrGrp7ynj0,30.0,siren,siren,siren,1,1,real,0.000,10.000,10.000,Siren,,0,0,,Siren,base
NYHQWCfErzA_0,NYHQWCfErzA,0.0,background,,,0,0,bg,,,,,,0,0,,"Bird vocalization, bird call, bird song;Crowing, cock-a-doodle-doo;Generic impact sounds;Noise;Wind noise (microphone)",base
NZMDi4ZRjjQ_50000,NZMDi4ZRjjQ,50.0,dog_bark,dog_bark,dog_bark,1,1,real,1.118,1.512,0.394,,Giggle,1,0,,"Background noise;Bark;Female speech, woman speaking;Generic impact sounds;Giggle;Growling;Surface contact;Tick",base
NZN6CZrhRu0_10000,NZN6CZrhRu0,10.0,background,,,0,0,bg,,,,,,0,0,,"Generic impact sounds;Gunshot, gunfire;Mechanisms;Wind;Wind noise (microphone)",base
NZPSaPcD2A8_13000,NZPSaPcD2A8,13.0,scream,scream,,1,0,v1,5.302,7.983,2.681,,Shout,0,0,glass_nonshatter,"Breathing;Echo;Glass chink, clink;Male speech, man speaking;Mechanisms;Shout;Surface contact",base
N_CMzdFS8sk_0,N_CMzdFS8sk,0.0,background,,,0,0,bg,,,,,,0,0,,"Female speech, woman speaking;Generic impact sounds;Mechanisms;Sound effect;Writing",base
NcdMspOrqLU_80000,NcdMspOrqLU,80.0,siren,siren,siren,1,1,real,6.000,8.135,2.135,Siren,,0,0,,"Boat, Water vehicle;Male speech, man speaking;Ocean;Siren",base
NcvQvaw_lX0_30000,NcvQvaw_lX0,30.0,scream,scream,,1,0,v1,7.756,8.087,0.331,,Shout,0,0,,"Fireworks;Human voice;Male speech, man speaking;Shout",base
NdlRUMEW76g_0,NdlRUMEW76g,0.0,background,,,0,0,bg,,,,,Music,0,0,,"Creak;Generic impact sounds;Growling;Heart sounds, heartbeat;Music;Tick;Walk, footsteps",base
Nek0WAy9OSE_60000,Nek0WAy9OSE,60.0,background,,,0,0,bg,,,,,,0,0,,"Engine;Human voice;Male speech, man speaking;Tick",base
NgAqwwN-bto_220000,NgAqwwN-bto,220.0,background,,,0,0,bg,,,,,Music,0,0,,"Male speech, man speaking;Mechanisms;Music;Sine wave",base
NheDGF1JUv4_30000,NheDGF1JUv4,30.0,background,,,0,0,bg,,,,,,0,0,,Gasp;Generic impact sounds;Liquid;Surface contact;Wind,base
NjA9_simvw8_120000,NjA9_simvw8,120.0,background,,,0,0,bg,,,,,,0,0,speech,"Mechanisms;Speech;Water tap, faucet",base
NlV2Zgl4aj4_150000,NlV2Zgl4aj4,150.0,background,,,0,0,bg,,,,,,0,0,,"Background noise;Crumpling, crinkling;Generic impact sounds;Male speech, man speaking;Surface contact;Tick",base
NmiI8PtyieE_10000,NmiI8PtyieE,10.0,siren,siren,siren,1,1,real,0.440,6.333,5.893,Siren,,0,0,,"Generic impact sounds;Siren;Traffic noise, roadway noise;Vehicle;Vehicle horn, car horn, honking, toot;Wind",base
No4FKInK3-Q_30000,No4FKInK3-Q,30.0,background,,,0,0,bg,,,,,Laughter,0,0,laughter,"Explosion;Human voice;Laughter;Male speech, man speaking;Sniff;Tick;Wind",base
NopGukuTREg_0,NopGukuTREg,0.0,background,,,0,0,bg,,,,,,0,0,,"Crumpling, crinkling;Generic impact sounds;Mechanisms",base
NqdejXZHqHg_140000,NqdejXZHqHg,140.0,background,,,0,0,bg,,,,,,0,0,,"Child speech, kid speaking;Cough;Generic impact sounds;Pant;Water;Wind;Wind noise (microphone)",base
NsOyUPSN8wI_30000,NsOyUPSN8wI,30.0,background,,,0,0,bg,,,,,Music,0,0,,Music,base
NsW1pXIseSM_160000,NsW1pXIseSM,160.0,siren,siren,siren,1,1,real,0.008,10.000,9.992,Siren,,0,0,,Background noise;Generic impact sounds;Siren,base
NuZqqcO2_Ok_13000,NuZqqcO2_Ok,13.0,siren,siren,siren,1,1,v1,0.000,10.000,10.000,Siren,,0,0,,Generic impact sounds;Siren;Tick,base
Nv74BP4VCGA_10000,Nv74BP4VCGA,10.0,siren,,siren,0,1,real,3.733,10.000,6.267,"Fire engine, fire truck (siren)",,0,0,,"Fire engine, fire truck (siren);Male speech, man speaking;Truck;Wind noise (microphone)",base
NvE-dkEiKrQ_10000,NvE-dkEiKrQ,10.0,scream,,scream,0,1,real,8.750,9.736,0.986,,Clapping;Laughter;Screaming,0,0,crowd;laughter,"Clapping;Generic impact sounds;Hubbub, speech noise, speech babble;Laughter;Male speech, man speaking;Screaming;Whoop",base
NxPqGv1MYh4_180000,NxPqGv1MYh4,180.0,background,,,0,0,bg,,,,,,0,0,,"Background noise;Breathing;Generic impact sounds;Male speech, man speaking;Tap;Tuning fork",base
NyQ7neTCOAY_21000,NyQ7neTCOAY,21.0,background,,,0,0,bg,,,,,,0,0,,"Generic impact sounds;Human sounds;Male speech, man speaking;Rain;Sound effect;Tap;Thunderstorm;Tick",base
NyayzkAg0oc_30000,NyayzkAg0oc,30.0,siren,siren,siren,1,1,v1,0.000,10.000,10.000,Siren,,0,0,,Siren,base
O1eCAS62tdw_10000,O1eCAS62tdw,10.0,background,,,0,0,bg,,,,,Music,0,0,,"Breathing;Child speech, kid speaking;Female speech, woman speaking;Human sounds;Male speech, man speaking;Mechanisms;Music;Walk, footsteps",base
O37T33dV2XA_110000,O37T33dV2XA,110.0,dog_bark,dog_bark,dog_bark,1,1,real,1.268,1.685,0.417,,,1,0,,"Bark;Generic impact sounds;Male speech, man speaking;Mechanisms;Surface contact",base
O5PYSnI7vT8_30000,O5PYSnI7vT8,30.0,siren,,siren,0,1,real,0.000,10.000,10.000,"Fire engine, fire truck (siren)",,0,0,,"Female speech, woman speaking;Fire engine, fire truck (siren);Traffic noise, roadway noise",base
O64g-IIKSHs_280000,O64g-IIKSHs,280.0,dog_bark,dog_bark,dog_bark,1,1,real,0.629,0.856,0.227,,,1,0,,"Bark;Electric rotor drone, quadcopter;Noise",base
O86iXqUupYs_130000,O86iXqUupYs,130.0,background,,,0,0,bg,,,,,Music,0,0,,Background noise;Music,base
O9-wCY3-MZk_180000,O9-wCY3-MZk,180.0,scream,scream,scream,1,1,real,5.871,7.122,1.251,,Screaming,0,0,,"Breathing;Child speech, kid speaking;Children playing;Female speech, woman speaking;Screaming;Tap;Tick",base
O99RuFCKmHw_30000,O99RuFCKmHw,30.0,scream,scream,,1,0,v1,7.971,8.889,0.918,,Shout,0,0,,"Artillery fire;Generic impact sounds;Heavy engine (low frequency);Male speech, man speaking;Shout;Wind",base
O9sai6vPg0U_0,O9sai6vPg0U,0.0,scream,scream,scream,1,1,real,2.779,5.037,2.258,,Screaming;Shout,0,0,,"Chirp, tweet;Female speech, woman speaking;Generic impact sounds;Male speech, man speaking;Screaming;Shout;Television;Wind noise (microphone)",base
OBjlrQ1Ldp0_30000,OBjlrQ1Ldp0,30.0,background,,,0,0,bg,,,,,,0,0,crying,"Background noise;Breathing;Conversation;Crying, sobbing;Gasp;Generic impact sounds;Male speech, man speaking;Television",base
ODvsYvxFyQg_0,ODvsYvxFyQg,0.0,background,,,0,0,bg,,,,,,0,0,,Buzz;Tick;Wind noise (microphone),base
OETTfd73SYE_24000,OETTfd73SYE,24.0,siren,siren,siren,1,1,real,0.000,7.268,7.268,Siren,,0,0,,"Bird vocalization, bird call, bird song;Generic impact sounds;Siren;Wind",base
OGiq_M_4Duc_260000,OGiq_M_4Duc,260.0,background,,,0,0,bg,,,,,Laughter,0,0,laughter,"Bird vocalization, bird call, bird song;Breathing;Child speech, kid speaking;Conversation;Female speech, woman speaking;Generic impact sounds;Laughter;Slosh",base
OIGoobMJBIs_0,OIGoobMJBIs,0.0,glass,glass,glass,1,1,v1,2.519,4.272,1.753,,,0,0,,"Gasp;Generic impact sounds;Glass shatter;Male speech, man speaking;Tap;Tick",base
OITtgHKywWI_10000,OITtgHKywWI,10.0,scream,scream,,1,0,v1,0.000,0.425,0.425,,Shout,0,0,,Background noise;Human voice;Roar;Shout;Water;Wind noise (microphone),base
OJUz_3kea_M_22000,OJUz_3kea_M,22.0,background,,,0,0,bg,,,,,Music,0,0,,"Brief tone;Chirp, tweet;Generic impact sounds;Moo;Music;Wind",base
OJbW5Bfj4eo_20000,OJbW5Bfj4eo,20.0,background,,,0,0,bg,,,,,,0,0,,"Clicking;Female speech, woman speaking;Generic impact sounds;Mechanisms;Shuffling cards;Surface contact;Tick",base
OLU-jHJiXBw_10000,OLU-jHJiXBw,10.0,scream,scream,scream,1,1,v1,0.015,2.182,2.167,,Screaming,0,0,,"Background noise;Chicken, rooster;Male speech, man speaking;Screaming",base
OLi7fRuJSFI_170000,OLi7fRuJSFI,170.0,background,,,0,0,bg,,,,,,0,0,,"Blender, food processor;Clicking;Crumpling, crinkling;Female speech, woman speaking;Generic impact sounds;Mechanisms;Surface contact",base
OM6gt23DkCo_10000,OM6gt23DkCo,10.0,background,,,0,0,bg,,,,,,0,0,,"Ratchet, pawl;Tick",base
OMI8bjj9frk_30000,OMI8bjj9frk,30.0,background,,,0,0,bg,,,,,,0,0,,"Background noise;Conversation;Generic impact sounds;Male speech, man speaking;Oink;Rustle",base
ONoSQCjkELc_180000,ONoSQCjkELc,180.0,dog_bark,dog_bark,dog_bark,1,1,v1,4.956,6.282,1.326,,,1,0,,"Background noise;Bark;Female speech, woman speaking",base
OP48bs_DMPE_11000,OP48bs_DMPE,11.0,scream,,scream,0,1,real,4.312,6.016,1.704,,Laughter;Music;Screaming,0,0,laughter,"Buzz;Human voice;Laughter;Male speech, man speaking;Music;Screaming;Tick",base
OPUdJTNI1fA_0,OPUdJTNI1fA,0.0,glass,glass,glass,1,1,v1,3.619,4.948,1.329,,,0,0,,Glass shatter;Mechanisms;Pour,base
OQHs-qKl24Q_7000,OQHs-qKl24Q,7.0,background,,,0,0,bg,,,,,Music,0,0,,Music;Sound effect;Video game sound,base
OQg2pSx_e5M_30000,OQg2pSx_e5M,30.0,siren,,siren,0,1,real,0.000,5.533,5.533,Ambulance (siren);Police car (siren),,0,0,,Ambulance (siren);Police car (siren),base
OQtlwXlY_uY_80000,OQtlwXlY_uY,80.0,scream,scream,scream,1,1,v1,6.699,10.000,3.301,,Screaming;Shout,0,0,,"Background noise;Bird vocalization, bird call, bird song;Breathing;Generic impact sounds;Run;Screaming;Shout",base
OR9ZohIyRfA_20000,OR9ZohIyRfA,20.0,background,,,0,0,bg,,,,,Giggle,0,0,,"Background noise;Generic impact sounds;Giggle;Human sounds;Male speech, man speaking;Tearing",base
OS3NRVGChuA_30000,OS3NRVGChuA,30.0,siren,,siren,0,1,real,0.000,10.000,10.000,Civil defense siren,,0,0,,Civil defense siren,base
OUYS95W_NTg_30000,OUYS95W_NTg,30.0,scream,,scream,0,1,real,5.492,6.548,1.056,,Music;Screaming,0,0,,"Human sounds;Music;Screaming;Sound effect;Video game sound;Whack, thwack",base
OWkmMi3MUAI_30000,OWkmMi3MUAI,30.0,background,,,0,0,bg,,,,,Clapping,0,0,,"Background noise;Clapping;Male speech, man speaking;Whistling",base
OXZMWwOnc04_140000,OXZMWwOnc04,140.0,background,,,0,0,bg,,,,,,0,0,,"Background noise;Breathing;Male speech, man speaking",base
O_aVu8-Yz38_30000,O_aVu8-Yz38,30.0,background,,,0,0,bg,,,,,Crowd;Music;Singing,0,0,crowd,"Crowd;Female singing;Male speech, man speaking;Music;Singing",base
Oa1fJns3ucA_10000,Oa1fJns3ucA,10.0,background,,,0,0,bg,,,,,,0,0,,Static,base
ObTXAjQGi3Y_30000,ObTXAjQGi3Y,30.0,background,,,0,0,bg,,,,,,0,0,,Background noise;Medium engine (mid frequency),base
Od9z5WRs6AM_170000,Od9z5WRs6AM,170.0,background,,,0,0,bg,,,,,Giggle,0,0,,"Breathing;Female speech, woman speaking;Giggle",base
OeKUpWzmbFs_11000,OeKUpWzmbFs,11.0,background,,,0,0,bg,,,,,,0,0,,"Air horn, truck horn",base
OlWo1C49rxk_160000,OlWo1C49rxk,160.0,background,,,0,0,bg,,,,,,0,0,,Generic impact sounds;Human voice;Mechanisms;Moo;Whistling,base
Om6T2LRX_S8_13000,Om6T2LRX_S8,13.0,background,,,0,0,bg,,,,,Laughter,0,0,laughter,"Accelerating, revving, vroom;Air horn, truck horn;Conversation;Female speech, woman speaking;Generic impact sounds;Human voice;Laughter;Male speech, man speaking;Tick;Truck",base
OndIPDsFbX4_80000,OndIPDsFbX4,80.0,background,,,0,0,bg,,,,,,0,0,,Aircraft engine,base
OpJHhFACMjw_380000,OpJHhFACMjw,380.0,background,,,0,0,bg,,,,,,0,0,,"Breathing;Dishes, pots, and pans;Female speech, woman speaking;Generic impact sounds;Human voice;Mechanisms;Surface contact;Tick",base
OpciAGJrS7g_70000,OpciAGJrS7g,70.0,background,,,0,0,bg,,,,,,0,0,,"Breathing;Generic impact sounds;Male speech, man speaking;Mechanical fan",base
OrTuEyzS4Ic_20000,OrTuEyzS4Ic,20.0,dog_bark,dog_bark,dog_bark,1,1,real,1.294,2.400,1.106,,,1,1,,"Bark;Bird vocalization, bird call, bird song;Dog;Howl;Mechanisms;Tap",base
OrfPg2BufyE_30000,OrfPg2BufyE,30.0,background,,,0,0,bg,,,,,Music,0,0,,Music;Sound effect,base
Orv1OzHqxZs_30000,Orv1OzHqxZs,30.0,scream,scream,,1,0,v1,6.802,7.720,0.918,,Shout,0,0,,Generic impact sounds;Roar;Shout;Video game sound,base
Ot65UPYyJMc_490000,Ot65UPYyJMc,490.0,background,,,0,0,bg,,,,,Giggle;Music,0,0,,"Background noise;Conversation;Dishes, pots, and pans;Giggle;Male speech, man speaking;Music;Sizzle",base
OuCio2hai3g_270000,OuCio2hai3g,270.0,scream,,scream,0,1,real,4.526,6.933,2.407,,Crowd;Music;Screaming,0,0,crowd,"Crowd;Male speech, man speaking;Music;Screaming",base
OxT_aD7Dy5M_20000,OxT_aD7Dy5M,20.0,glass,glass,glass,1,1,v1,2.155,3.887,1.732,,,0,0,,"Glass;Glass shatter;Male speech, man speaking;Motor vehicle (road);Wind;Wind noise (microphone)",base
OzL_kftMc_U_440000,OzL_kftMc_U,440.0,dog_bark,dog_bark,dog_bark,1,1,v1,9.165,9.567,0.402,,,1,0,,"Bark;Generic impact sounds;Human voice;Mechanisms;Squeal;Surface contact;Thump, thud;Tick",base
P020MjLuASk_170000,P020MjLuASk,170.0,scream,,scream,0,1,real,0.000,1.124,1.124,,Music;Screaming,0,0,crowd,"Clickety-clack;Hubbub, speech noise, speech babble;Music;Screaming;Train wheels squealing;Train whistle",base
P1THn_dcNKA_0,P1THn_dcNKA,0.0,background,,,0,0,bg,,,,,,0,0,,"Alarm clock;Generic impact sounds;Male speech, man speaking;Mechanisms",base
P4BY72zK-aM_70000,P4BY72zK-aM,70.0,glass,glass,glass,1,1,real,6.402,8.717,2.315,,Music,0,0,,"Clicking;Generic impact sounds;Glass shatter;Groan;Male speech, man speaking;Music;Sound effect",base
P4_RkjDPRRM_200000,P4_RkjDPRRM,200.0,glass,glass,glass,1,1,real,5.362,6.512,1.150,,,0,0,,Breathing;Female singing;Glass shatter;Sound effect;Tick;Video game sound,base
P4dZ1eDDfD0_18000,P4dZ1eDDfD0,18.0,glass,glass,glass,1,1,v1,0.950,6.009,5.059,,Laughter,0,0,laughter,"Generic impact sounds;Glass shatter;Laughter;Speech synthesizer;Walk, footsteps",base
P7gKxVYSLJU_290000,P7gKxVYSLJU,290.0,background,,,0,0,bg,,,,,Music,0,0,,Music,base
PGpAwgQArRg_30000,PGpAwgQArRg,30.0,dog_bark,dog_bark,,1,0,v1,2.101,4.132,2.031,,,0,1,dog_nonbark,"Baby cry, infant cry;Background noise;Dog;Female speech, woman speaking;Generic impact sounds;Tick",base
PIyQoegpPe0_10000,PIyQoegpPe0,10.0,dog_bark,dog_bark,dog_bark,1,1,real,1.504,2.078,0.574,,,1,1,,"Bark;Chirp, tweet;Clicking;Dog;Generic impact sounds;Growling;Surface contact;Tick;Wind",base
PKotn4-kf4E_20000,PKotn4-kf4E,20.0,dog_bark,dog_bark,,1,0,v1,0.000,0.474,0.474,,,0,1,dog_nonbark,"Dog;Female speech, woman speaking;Mechanisms;Surface contact;Tick;Whimper (dog)",base
PKriyXwhnR8_70000,PKriyXwhnR8,70.0,background,,,0,0,bg,,,,,Music,0,0,,"Electric shaver, electric razor;Generic impact sounds;Male speech, man speaking;Music;Television",base
PKwZcN5lOKU_110000,PKwZcN5lOKU,110.0,scream,,scream,0,1,real,8.065,9.397,1.332,,Music;Screaming,0,0,,"Breathing;Generic impact sounds;Music;Noise;Screaming;Water;Whack, thwack",base
PLTAUMC_V9Q_230000,PLTAUMC_V9Q,230.0,dog_bark,dog_bark,,1,0,v1,9.694,10.000,0.306,,,0,1,dog_nonbark,"Dog;Generic impact sounds;Male speech, man speaking;Mechanisms;Television",base
PN10dchsywY_30000,PN10dchsywY,30.0,glass,glass,glass,1,1,v1,4.155,5.818,1.663,,,0,0,,Background noise;Generic impact sounds;Glass shatter,base
PR4Shkm_YUw_220000,PR4Shkm_YUw,220.0,background,,,0,0,bg,,,,,,0,0,,"Background noise;Male speech, man speaking;Mechanisms;Trickle, dribble;Water tap, faucet",base
PRMVYsDTgzY_20000,PRMVYsDTgzY,20.0,scream,scream,,1,0,v1,9.429,10.000,0.571,,Shout,0,0,,"Accelerating, revving, vroom;Car;Male speech, man speaking;Shout;Tire squeal, skidding;Wind;Wind noise (microphone)",base
PRSy-5mHxjc_30000,PRSy-5mHxjc,30.0,glass,glass,glass,1,1,v1,1.323,2.780,1.457,,Music,0,0,,"Generic impact sounds;Glass chink, clink;Glass shatter;Human voice;Music;Tick",base
PT3ABI6j_sw_30000,PT3ABI6j_sw,30.0,siren,siren,siren,1,1,v1,0.000,10.000,10.000,Siren,,0,0,,Motor vehicle (road);Siren;Wind;Wind noise (microphone),base
PU44ZcRoFRw_20000,PU44ZcRoFRw,20.0,glass,glass,glass,1,1,real,1.914,3.182,1.268,,,0,0,,"Breathing;Burping, eructation;Glass shatter;Sound effect",base
PUUKeVXSNf0_30000,PUUKeVXSNf0,30.0,background,,,0,0,bg,,,,,Music,0,0,crowd,"Conversation;Generic impact sounds;Hubbub, speech noise, speech babble;Male speech, man speaking;Music;Tap;Thump, thud;Tick;Wind noise (microphone)",base
PXCv_SdEbtY_30000,PXCv_SdEbtY,30.0,background,,,0,0,bg,,,,,Laughter,0,0,laughter,"Breathing;Cough;Female speech, woman speaking;Generic impact sounds;Human sounds;Laughter;Mechanisms;Tick",base
PYJHzRkq5rc_30000,PYJHzRkq5rc,30.0,background,,,0,0,bg,,,,,,0,0,,"Accelerating, revving, vroom;Medium engine (mid frequency)",base
PZHR9hkNG8s_30000,PZHR9hkNG8s,30.0,background,,,0,0,bg,,,,,Music,0,0,,"Bird vocalization, bird call, bird song;Child speech, kid speaking;Conversation;Male speech, man speaking;Mechanisms;Music",base
PbvI2wrXk3Y_60000,PbvI2wrXk3Y,60.0,glass,glass,glass,1,1,v1,4.278,6.309,2.031,,,0,0,,"Caterwaul;Creak;Glass shatter;Plop;Smash, crash;Sound effect",base
PbzPJ9b7jWA_30000,PbzPJ9b7jWA,30.0,background,,,0,0,bg,,,,,,0,0,,Clickety-clack;Train,base
PeyzAHupuck_50000,PeyzAHupuck,50.0,background,,,0,0,bg,,,,,Laughter,0,0,laughter,Babbling;Baby laughter;Breathing;Human voice;Laughter;Mechanisms;Tick,base
PffCd1vCPzg_30000,PffCd1vCPzg,30.0,siren,scream,siren,1,1,real,8.763,9.380,0.617,"Fire engine, fire truck (siren)",Shout,0,0,,"Air horn, truck horn;Fire engine, fire truck (siren);Shout;Vehicle horn, car horn, honking, toot",base
Ph9WaEgtlMo_0,Ph9WaEgtlMo,0.0,background,,,0,0,bg,,,,,Crowd;Music,0,0,crowd,"Crowd;Female speech, woman speaking;Male speech, man speaking;Music;Whistling;Whoop",base
PiDmSaxqX1U_80000,PiDmSaxqX1U,80.0,background,,,0,0,bg,,,,,,0,0,,"Background noise;Breathing;Human sounds;Male speech, man speaking;Mechanisms;Tick",base
Piog69eJLJg_290000,Piog69eJLJg,290.0,background,,,0,0,bg,,,,,,0,0,,"Chirp, tweet;Stream, river",base
PizbxZWfLiw_60000,PizbxZWfLiw,60.0,dog_bark,dog_bark,dog_bark,1,1,real,7.500,7.877,0.377,,Laughter,1,0,laughter,"Bark;Breathing;Growling;Laughter;Male speech, man speaking;Mechanisms",base
PjRYAwDxo6I_80000,PjRYAwDxo6I,80.0,background,,,0,0,bg,,,,,Music,0,0,,Music;Power tool,base
Pk5lVaVP-Qw_520000,Pk5lVaVP-Qw,520.0,background,,,0,0,bg,,,,,,0,0,,Mechanisms,base
PlcEZtXPHj8_130000,PlcEZtXPHj8,130.0,background,,,0,0,bg,,,,,Music,0,0,,"Bird vocalization, bird call, bird song;Female speech, woman speaking;Generic impact sounds;Music;Rustle",base
Pn1fTzn9BQA_40000,Pn1fTzn9BQA,40.0,dog_bark,dog_bark,dog_bark,1,1,real,6.756,8.693,1.937,,,1,0,,"Animal;Background noise;Bark;Generic impact sounds;Human voice;Male speech, man speaking;Surface contact",base
Povw1VVPE_Y_30000,Povw1VVPE_Y,30.0,background,,,0,0,bg,,,,,,0,0,,Chainsaw;Wood,base
PpM8yYTUzkE_0,PpM8yYTUzkE,0.0,dog_bark,dog_bark,dog_bark,1,1,real,4.882,5.307,0.425,,,1,1,,"Bark;Dog;Female speech, woman speaking;Generic impact sounds;Growling",base
PqEtI3u5rsw_60000,PqEtI3u5rsw,60.0,background,,,0,0,bg,,,,,,0,0,,"Accelerating, revving, vroom;Medium engine (mid frequency);Motorcycle",base
PrPqxkCR8zg_20000,PrPqxkCR8zg,20.0,glass,glass,glass,1,1,v1,2.431,3.493,1.062,,,0,0,,"Beep, bleep;Glass shatter;Male speech, man speaking;Mechanical fan;Thump, thud;Walk, footsteps",base
PrpyteXgpdY_260000,PrpyteXgpdY,260.0,scream,scream,,1,0,v1,3.839,4.289,0.450,,Shout,0,0,,"Baby laughter;Breathing;Conversation;Female speech, woman speaking;Male speech, man speaking;Mechanical fan;Shout",base
Psa3OEmYGoM_17000,Psa3OEmYGoM,17.0,siren,siren,siren,1,1,real,0.000,9.958,9.958,Siren,,0,0,,Generic impact sounds;Siren,base
PtiYb_vN8FQ_30000,PtiYb_vN8FQ,30.0,glass,glass,glass,1,1,real,7.235,7.771,0.536,,,0,0,,"Generic impact sounds;Glass shatter;Gunshot, gunfire;Mechanisms;Wind",base
PwcS8bhLtDo_30000,PwcS8bhLtDo,30.0,dog_bark,dog_bark,dog_bark,1,1,real,9.520,10.000,0.480,,Laughter,1,0,laughter,"Background noise;Bark;Breathing;Generic impact sounds;Insect;Laughter;Male speech, man speaking;Rodents, rats, mice",base
Q0bqSVbk4Xo_0,Q0bqSVbk4Xo,0.0,glass,glass,glass,1,1,v1,2.368,4.292,1.924,,,0,0,,"Generic impact sounds;Glass shatter;Male speech, man speaking;Mechanisms",base
Q4v-rQ9eR6w_20000,Q4v-rQ9eR6w,20.0,background,,,0,0,bg,,,,,,0,0,,Clickety-clack;Train;Train horn,base
Q5rKJYBZJKk_12000,Q5rKJYBZJKk,12.0,background,,,0,0,bg,,,,,Music,0,0,,Ding;Music;Sound effect,base
Q78E6QaFsl0_30000,Q78E6QaFsl0,30.0,siren,siren,siren,1,1,real,0.000,7.148,7.148,Siren,,0,0,,Medium engine (mid frequency);Siren;Wind,base
Q8-mejFjuFg_30000,Q8-mejFjuFg,30.0,background,,,0,0,bg,,,,,Music,0,0,,Music,base
Q8Kl5wOgPUQ_30000,Q8Kl5wOgPUQ,30.0,dog_bark,dog_bark,dog_bark,1,1,real,3.260,3.519,0.259,,Crowd,1,0,crowd,Bark;Crowd;Run,base
Q9zhAe44CVw_30000,Q9zhAe44CVw,30.0,background,,,0,0,bg,,,,,,0,0,,"Beep, bleep;Generic impact sounds;Paper rustling;Printer",base
QCP_8dB6AnI_30000,QCP_8dB6AnI,30.0,background,,,0,0,bg,,,,,,0,0,,"Background noise;Breathing;Female speech, woman speaking;Surface contact",base
QCmRjEWEAc0_0,QCmRjEWEAc0,0.0,background,,,0,0,bg,,,,,Music,0,0,,Croak;Generic impact sounds;Mechanisms;Music;Tick;Unknown sound,base
QE8QQQ37QBA_10000,QE8QQQ37QBA,10.0,glass,glass,glass,1,1,real,7.890,9.622,1.732,,,0,0,,Generic impact sounds;Glass shatter,base
QF39bRlSS-8_0,QF39bRlSS-8,0.0,background,,,0,0,bg,,,,,,0,0,,Human sounds;Mechanisms,base
QIpNiGACEBc_8000,QIpNiGACEBc,8.0,siren,,siren,0,1,real,0.000,9.701,9.701,Civil defense siren,,0,0,,Civil defense siren;Mechanisms,base
QJo_zy3D2cI_30000,QJo_zy3D2cI,30.0,glass,glass,glass,1,1,v1,4.921,6.173,1.252,,Music,0,0,,Glass shatter;Music,base
QKP1VF8NFmg_20000,QKP1VF8NFmg,20.0,background,,,0,0,bg,,,,,,0,0,,"Generic impact sounds;Mechanisms;Water tap, faucet",base
QM6980cWj7Q_70000,QM6980cWj7Q,70.0,siren,,siren,0,1,real,5.709,10.000,4.291,Police car (siren),Laughter,0,0,laughter,"Breathing;Conversation;Laughter;Male speech, man speaking;Police car (siren);Squeal;Traffic noise, roadway noise",base
QMCR7Q-9W48_30000,QMCR7Q-9W48,30.0,dog_bark,dog_bark,dog_bark,1,1,real,4.039,4.228,0.189,,,1,0,,Bark;Generic impact sounds;Liquid;Mechanisms;Tap,base
QNY0SboJMz8_30000,QNY0SboJMz8,30.0,background,,,0,0,bg,,,,,Music,0,0,,Music,base
QNc6I2DXAJw_30000,QNc6I2DXAJw,30.0,background,,,0,0,bg,,,,,,0,0,,"Background noise;Generic impact sounds;Male speech, man speaking;Mechanisms",base
QQIyuj8Uu-s_20000,QQIyuj8Uu-s,20.0,background,,,0,0,bg,,,,,,0,0,,"Clicking;Generic impact sounds;Male speech, man speaking;Splash, splatter;Stream, river;Surface contact;Tick;Wind",base
QVIHywelWmc_10000,QVIHywelWmc,10.0,background,,,0,0,bg,,,,,,0,0,,"Generic impact sounds;Male speech, man speaking;Rail transport;Steam;Tap;Train horn;Train whistle",base
QWOkmGpV6p4_220000,QWOkmGpV6p4,220.0,dog_bark,dog_bark,dog_bark,1,1,v1,7.541,8.093,0.552,,Laughter,1,0,laughter,"Bark;Child speech, kid speaking;Horse;Laughter;Wind",base
QZj9BbWatSw_30000,QZj9BbWatSw,30.0,background,,,0,0,bg,,,,,,0,0,,"Generic impact sounds;Male speech, man speaking;Mechanisms;Scrape;Tick",base
QZvayzlHB00_30000,QZvayzlHB00,30.0,scream,scream,,1,0,v1,3.344,3.953,0.609,,Shout,0,0,crowd,"Hubbub, speech noise, speech babble;Rain;Shout",base
QbDUiPdOHfA_10000,QbDUiPdOHfA,10.0,glass,glass,glass,1,1,real,7.430,9.455,2.025,,,0,0,,"Generic impact sounds;Glass shatter;Gunshot, gunfire;Male speech, man speaking;Tick",base
QcW8vx7PnRg_30000,QcW8vx7PnRg,30.0,siren,siren,siren,1,1,real,0.000,10.000,10.000,Siren,,0,0,,Siren;Wind,base
QfSTaybPeVM_5000,QfSTaybPeVM,5.0,siren,,siren,0,1,real,0.000,9.722,9.722,Ambulance (siren),,0,0,,"Accelerating, revving, vroom;Ambulance (siren);Traffic noise, roadway noise;Wind",base
QiRp3As2-mY_280000,QiRp3As2-mY,280.0,background,,,0,0,bg,,,,,,0,0,,Knock,base
QioOrHdYufQ_0,QioOrHdYufQ,0.0,glass,glass,glass,1,1,real,8.893,10.000,1.107,,,0,0,,"Background noise;Glass shatter;Heart sounds, heartbeat",base
QlflL9N5IOQ_0,QlflL9N5IOQ,0.0,background,,,0,0,bg,,,,,,0,0,,"Bird vocalization, bird call, bird song;Mechanisms;Water tap, faucet",base
Qm4EGLYol_M_300000,Qm4EGLYol_M,300.0,background,,,0,0,bg,,,,,,0,0,,"Arrow;Bird vocalization, bird call, bird song;Clang;Conversation;Female speech, woman speaking;Insect;Male speech, man speaking;Run;Tick;Wind",base
Qm6zYan5JpI_50000,Qm6zYan5JpI,50.0,background,,,0,0,bg,,,,,,0,0,,"Bird;Chicken, rooster;Crowing, cock-a-doodle-doo;Mechanisms;Motor vehicle (road);Vehicle horn, car horn, honking, toot",base
QmSf-Fz5tSo_60000,QmSf-Fz5tSo,60.0,background,,,0,0,bg,,,,,,0,0,,"Accelerating, revving, vroom;Motorcycle",base
QmeW7z1Uww8_30000,QmeW7z1Uww8,30.0,background,,,0,0,bg,,,,,,0,0,,Jet engine,base
Qt1roFeiaCo_200000,Qt1roFeiaCo,200.0,glass,glass,glass,1,1,v1,5.220,10.000,4.780,,Music,0,0,,"Glass shatter;Groan;Male speech, man speaking;Music;Tick",base
Qt5adsDJuqM_18000,Qt5adsDJuqM,18.0,siren,siren,siren,1,1,v1,0.082,1.226,1.144,Siren,,0,0,,"Fire alarm;Male speech, man speaking;Mechanisms;Siren",base
QtJQUAWq0Co_310000,QtJQUAWq0Co,310.0,scream,,scream,0,1,real,3.280,4.897,1.617,,Music;Screaming,0,0,,"Female speech, woman speaking;Generic impact sounds;Music;Screaming;Waves, surf",base
Qu186E2nfJI_0,Qu186E2nfJI,0.0,glass,glass,glass,1,1,real,6.984,10.000,3.016,,,0,0,,"Generic impact sounds;Glass shatter;Gunshot, gunfire",base
QueJvqIeSsw_20000,QueJvqIeSsw,20.0,glass,glass,glass,1,1,v1,2.693,3.772,1.079,,Laughter;Music,0,0,laughter,"Glass shatter;Human voice;Laughter;Male speech, man speaking;Music;Squeal",base
Qv9-3rrYgDM_20000,Qv9-3rrYgDM,20.0,glass,glass,glass,1,1,real,6.035,7.825,1.790,,,0,0,,"Background noise;Chirp, tweet;Female singing;Generic impact sounds;Glass shatter;Human voice",base
Qx4LljGe1pM_90000,Qx4LljGe1pM,90.0,background,,,0,0,bg,,,,,Music,0,0,,"Boat, Water vehicle;Female singing;Music;Water;Wind noise (microphone)",base
QzE5qxLdKfY_150000,QzE5qxLdKfY,150.0,dog_bark,dog_bark,dog_bark,1,1,real,4.559,4.843,0.284,,Clapping,1,0,,"Bark;Breathing;Burping, eructation;Clapping;Generic impact sounds;Hiccup;Human voice;Male speech, man speaking;Mechanisms",base
QzzJgxnXZ3Y_30000,QzzJgxnXZ3Y,30.0,siren,,siren,0,1,real,0.000,10.000,10.000,"Fire engine, fire truck (siren)",,0,0,,"Air horn, truck horn;Fire engine, fire truck (siren);Tick",base
R1tA_9dJigI_30000,R1tA_9dJigI,30.0,glass,glass,glass,1,1,v1,7.779,9.609,1.830,,Laughter;Shout,0,0,laughter,"Background noise;Breaking;Conversation;Female speech, woman speaking;Glass shatter;Laughter;Male speech, man speaking;Shout;Whispering",base
R40CueIm_YU_0,R40CueIm_YU,0.0,scream,scream,,1,0,v1,7.144,7.866,0.722,,Shout,0,0,,"Background noise;Computer keyboard;Generic impact sounds;Human voice;Neigh, whinny;Shout;Sound effect",base
R4cam8vYq2w_240000,R4cam8vYq2w,240.0,background,,,0,0,bg,,,,,,0,0,,"Breathing;Generic impact sounds;Male speech, man speaking;Mechanisms;Surface contact;Tick;Walk, footsteps",base
R4il1Cp0BgI_24000,R4il1Cp0BgI,24.0,glass,glass,glass,1,1,v1,2.440,3.682,1.242,,Music,0,0,,Glass shatter;Music;Sound effect,base
R50KkKoaEIE_80000,R50KkKoaEIE,80.0,background,,,0,0,bg,,,,,,0,0,,Buzz;Generic impact sounds;Surface contact;Wind;Wind noise (microphone),base
R5ndgXbuOTY_11000,R5ndgXbuOTY,11.0,scream,scream,,1,0,v1,9.136,9.844,0.708,,Shout,0,0,,"Air brake;Bus;Generic impact sounds;Shout;Traffic noise, roadway noise;Vehicle horn, car horn, honking, toot;Whistle",base
RFCND1YZnQg_30000,RFCND1YZnQg,30.0,background,,,0,0,bg,,,,,,0,0,,Bell;Mechanisms;Tick,base
RFPuXyOB2T0_2000,RFPuXyOB2T0,2.0,background,,,0,0,bg,,,,,Music,0,0,,"Female speech, woman speaking;Human sounds;Mechanisms;Music;Quack;Rain on surface;Speech synthesizer;Tick;Walk, footsteps",base
RGRxQ1A2cgM_470000,RGRxQ1A2cgM,470.0,glass,glass,glass,1,1,real,1.094,2.207,1.113,,,0,0,,"Glass shatter;Human voice;Male speech, man speaking;Sound effect;Video game sound;Walk, footsteps",base
RGWBJF2NtNc_40000,RGWBJF2NtNc,40.0,siren,siren,siren,1,1,v1,3.474,5.158,1.684,Siren,,0,0,,"Siren;Traffic noise, roadway noise;Vehicle horn, car horn, honking, toot;Wind;Wind noise (microphone)",base
RM4_oshI7eM_30000,RM4_oshI7eM,30.0,siren,siren,siren,1,1,v1,0.000,10.000,10.000,Siren,,0,0,,Siren;Tick,base
RMtzPgB1TCs_30000,RMtzPgB1TCs,30.0,glass,glass,glass,1,1,v1,0.114,2.286,2.172,,Music,0,0,,Clicking;Computer keyboard;Glass shatter;Music;Surface contact,base
RO-Ih44xxVA_0,RO-Ih44xxVA,0.0,scream,scream,scream,1,1,real,3.138,4.868,1.730,,Screaming;Shout,0,0,speech,"Bird vocalization, bird call, bird song;Goat;Screaming;Shout;Speech;Wind;Wind noise (microphone)",base
ROSxFxgL4nc_30000,ROSxFxgL4nc,30.0,background,,,0,0,bg,,,,,Music,0,0,,Drill;Music,base
RObDxQ_NnFU_110000,RObDxQ_NnFU,110.0,scream,,scream,0,1,real,0.421,3.537,3.116,,Laughter;Music;Screaming,0,0,laughter,"Breaking;Child speech, kid speaking;Generic impact sounds;Laughter;Music;Screaming",base
ROv9-U0f_7k_0,ROv9-U0f_7k,0.0,dog_bark,dog_bark,dog_bark,1,1,real,1.321,2.759,1.438,,Music,1,1,,Bark;Dog;Generic impact sounds;Howl;Mechanisms;Music,base
RPO2ymoU1_8_30000,RPO2ymoU1_8,30.0,dog_bark,dog_bark,dog_bark,1,1,real,7.339,8.142,0.803,,,1,0,,"Background noise;Bark;Female speech, woman speaking;Generic impact sounds;Water",base
RPQAqeqP1Bg_180000,RPQAqeqP1Bg,180.0,background,,,0,0,bg,,,,,,0,0,,"Fixed-wing aircraft, airplane",base
RPwN3bt8RGU_0,RPwN3bt8RGU,0.0,glass,glass,glass,1,1,v1,1.481,2.879,1.398,,,0,0,,Glass shatter;Sound effect,base
RQHO4oyUfvU_0,RQHO4oyUfvU,0.0,siren,,siren,0,1,real,0.055,10.000,9.945,Ambulance (siren),,0,0,,Ambulance (siren),base
RQqhMzWrdtY_0,RQqhMzWrdtY,0.0,siren,,siren,0,1,real,0.185,10.000,9.815,"Fire engine, fire truck (siren)",,0,0,,"Caw;Fire engine, fire truck (siren);Walk, footsteps;Wind noise (microphone)",base
RSaJ2mi_ihk_30000,RSaJ2mi_ihk,30.0,background,,,0,0,bg,,,,,,0,0,alarm,Alarm;Alarm clock;Mechanisms,base
RTEGkLyxJSM_0,RTEGkLyxJSM,0.0,dog_bark,dog_bark,dog_bark,1,1,v1,1.858,3.499,1.641,,,1,0,,Bark;Ding-dong;Generic impact sounds,base
RTJYkv8lWOQ_40000,RTJYkv8lWOQ,40.0,background,,,0,0,bg,,,,,,0,0,,"Chirp, tweet;Generic impact sounds;Gunshot, gunfire;Tick",base
RVRZPzw380k_210000,RVRZPzw380k,210.0,scream,scream,scream,1,1,v1,9.607,10.000,0.393,,Screaming,0,0,,"Female speech, woman speaking;Human voice;Mechanisms;Screaming;Shower;Surface contact",base
RXvZv-buwCo_13000,RXvZv-buwCo,13.0,glass,glass,glass,1,1,v1,2.127,5.273,3.146,,,0,0,,Eruption;Explosion;Glass shatter,base
RZ6BZI27gSg_70000,RZ6BZI27gSg,70.0,background,,,0,0,bg,,,,,,0,0,,"Bird vocalization, bird call, bird song;Drill;Generic impact sounds;Motor vehicle (road);Power tool;Wind",base
R_l8SGVw_sI_40000,R_l8SGVw_sI,40.0,siren,siren,siren,1,1,v1,0.000,10.000,10.000,Siren,,0,0,,"Accelerating, revving, vroom;Emergency vehicle;Siren",base
RaeGjgrnsqY_11000,RaeGjgrnsqY,11.0,glass,glass,glass,1,1,real,1.823,3.007,1.184,,Music,0,0,,"Chewing, mastication;Crunch;Glass shatter;Male speech, man speaking;Music;Video game sound",base
RaqLlYes4x8_60000,RaqLlYes4x8,60.0,scream,scream,,1,0,v1,6.209,7.717,1.508,,Shout,0,0,crowd,"Aircraft;Hubbub, speech noise, speech babble;Shout",base
RcLlkeN5TRc_270000,RcLlkeN5TRc,270.0,siren,,siren,0,1,real,0.000,10.000,10.000,Ambulance (siren),,0,0,,"Ambulance (siren);Car passing by;Female speech, woman speaking;Generic impact sounds;Traffic noise, roadway noise;Wind;Wind noise (microphone)",base
Rf4vTQMQKLc_110000,Rf4vTQMQKLc,110.0,background,,,0,0,bg,,,,,Laughter,0,0,laughter,"Breathing;Door;Human voice;Laughter;Male speech, man speaking;Medium engine (mid frequency);Run;Squeal;Walk, footsteps",base
RflYdMFJ8QE_10000,RflYdMFJ8QE,10.0,background,,,0,0,bg,,,,,Music;Singing,0,0,,Jingle bell;Music;Singing,base
RhNsEFghxoo_10000,RhNsEFghxoo,10.0,scream,scream,,1,0,v1,7.093,8.166,1.073,,Shout,0,0,,"Background noise;Female speech, woman speaking;Shout",base
RhkwY56fi7g_20000,RhkwY56fi7g,20.0,dog_bark,dog_bark,dog_bark,1,1,real,3.134,5.118,1.984,,,1,0,,"Bark;Chirp, tweet;Mechanisms;Pant (dog)",base
RkN09IWPAGU_0,RkN09IWPAGU,0.0,siren,siren,siren,1,1,v1,0.048,5.594,5.546,Siren,,0,0,crowd,"Hubbub, speech noise, speech babble;Motor vehicle (road);Siren;Tick",base
RkXLAgJaTG0_30000,RkXLAgJaTG0,30.0,siren,,siren,0,1,real,0.000,10.000,10.000,Civil defense siren,,0,0,,Civil defense siren,base
RnmNZdLpj_0_300000,RnmNZdLpj_0,300.0,dog_bark,dog_bark,dog_bark,1,1,v1,6.236,7.999,1.763,,,1,0,,"Bark;Conversation;Generic impact sounds;Male speech, man speaking;Mechanisms;Wind",base
RoUbzCwyKio_70000,RoUbzCwyKio,70.0,background,,,0,0,bg,,,,,,0,0,,"Background noise;Beep, bleep;Bird flight, flapping wings;Cluck;Crowing, cock-a-doodle-doo;Generic impact sounds",base
RqPY_3n13x0_60000,RqPY_3n13x0,60.0,dog_bark,dog_bark,dog_bark,1,1,v1,7.567,8.118,0.551,,,1,1,,Background noise;Bark;Dog;Generic impact sounds;Howl,base
Ru0GM7Dill4_400000,Ru0GM7Dill4,400.0,background,,,0,0,bg,,,,,,0,0,,"Child speech, kid speaking;Conversation;Cowbell;Female speech, woman speaking;Generic impact sounds;Male speech, man speaking;Moo;Tick;Wind",base
RuWc9oyAX-Q_29000,RuWc9oyAX-Q,29.0,dog_bark,dog_bark,dog_bark,1,1,real,7.879,8.183,0.304,,,1,0,,"Bark;Male speech, man speaking;Mechanisms;Pulleys;Wind noise (microphone)",base
RvHyLfcYcco_10000,RvHyLfcYcco,10.0,background,,,0,0,bg,,,,,,0,0,,"Background noise;Dial tone;Generic impact sounds;Male speech, man speaking;Tick",base
Rx2xLDMNGNE_10000,Rx2xLDMNGNE,10.0,background,,,0,0,bg,,,,,,0,0,,Background noise;Generic impact sounds;Scrape;Toilet flush,base
S-vJ8WKyLP4_60000,S-vJ8WKyLP4,60.0,siren,siren,siren,1,1,v1,2.670,3.767,1.097,Siren,,0,0,,"Beep, bleep;Breathing;Fire;Siren;Walk, footsteps;Wind",base
S0AQUBMeOO0_70000,S0AQUBMeOO0,70.0,scream,,scream,0,1,real,1.758,3.134,1.376,,"Chuckle, chortle;Screaming",0,0,crowd,"Chuckle, chortle;Hubbub, speech noise, speech babble;Mechanisms;Screaming",base
S0idkWh7SZI_450000,S0idkWh7SZI,450.0,scream,scream,scream,1,1,real,0.608,1.557,0.949,,Screaming,0,0,,"Explosion;Fusillade;Male speech, man speaking;Screaming;Video game sound",base
S1RaUhIqIKg_30000,S1RaUhIqIKg,30.0,siren,,siren,0,1,real,3.827,10.000,6.173,Civil defense siren,,0,0,crowd,"Civil defense siren;Clicking;Hubbub, speech noise, speech babble;Insect;Wind noise (microphone)",base
S22PJGDPats_290000,S22PJGDPats,290.0,background,,,0,0,bg,,,,,,0,0,,"Human sounds;Male speech, man speaking;Mechanisms;Tick;Typing",base
S3nVtYbeYB4_3000,S3nVtYbeYB4,3.0,background,,,0,0,bg,,,,,,0,0,,"Background noise;Heart sounds, heartbeat",base
S4LdfX4ASDk_410000,S4LdfX4ASDk,410.0,glass,glass,glass,1,1,real,2.817,3.504,0.687,,,0,0,,"Generic impact sounds;Glass shatter;Sound effect;Walk, footsteps",base
S6VYPvUv4Qs_30000,S6VYPvUv4Qs,30.0,siren,siren,siren,1,1,v1,8.340,9.165,0.825,Siren,,0,0,,"Female speech, woman speaking;Mechanisms;Siren",base
S6oggwc35is_0,S6oggwc35is,0.0,glass,glass,glass,1,1,real,5.526,8.636,3.110,,,0,0,,Emergency vehicle;Glass shatter;Sound effect,base
S6yfL4WIYSQ_19000,S6yfL4WIYSQ,19.0,background,,,0,0,bg,,,,,,0,0,speech,"Basketball bounce;Child speech, kid speaking;Conversation;Generic impact sounds;Human sounds;Mechanisms;Speech;Surface contact;Walk, footsteps",base
SAj8AcBcxLk_30000,SAj8AcBcxLk,30.0,dog_bark,dog_bark,,1,0,v1,2.887,9.647,6.760,,,0,1,dog_nonbark,Background noise;Dog,base
SBrh3-iO_M4_140000,SBrh3-iO_M4,140.0,scream,,scream,0,1,real,0.811,2.362,1.551,,Applause;Crowd;Screaming,0,0,crowd,"Applause;Conversation;Crowd;Human voice;Male speech, man speaking;Screaming;Squeal",base
SDFXIFaZ9HE_190000,SDFXIFaZ9HE,190.0,glass,glass,glass,1,1,v1,2.093,3.021,0.928,,Music,0,0,,"Generic impact sounds;Glass shatter;Gunshot, gunfire;Music;Sound effect;Surface contact;Video game sound;Walk, footsteps",base
SFgCYnCdiDk_27000,SFgCYnCdiDk,27.0,background,,,0,0,bg,,,,,Music,0,0,,Background noise;Music,base
SG0a20a9rwQ_0,SG0a20a9rwQ,0.0,scream,scream,,1,0,v1,2.081,2.467,0.386,,Shout,0,0,,Explosion;Shout;Waterfall,base
SGlr-ZC3O2M_260000,SGlr-ZC3O2M,260.0,glass,glass,glass,1,1,real,0.395,2.134,1.739,,,0,0,,Glass shatter;Sound effect,base
SHjRUK1p5w4_80000,SHjRUK1p5w4,80.0,background,,,0,0,bg,,,,,Music,0,0,,"Breathing;Female singing;Male speech, man speaking;Music",base
SJI1-C3Cx1o_0,SJI1-C3Cx1o,0.0,glass,glass,glass,1,1,v1,2.654,3.742,1.088,,Music,0,0,,Glass shatter;Music;Sound effect,base
SJXrTtzbUIg_50000,SJXrTtzbUIg,50.0,glass,glass,glass,1,1,v1,0.000,3.637,3.637,,,0,0,,"Glass shatter;Hammer;Tick;Tools;Walk, footsteps;Wind",base
SKU5NfFqq28_30000,SKU5NfFqq28,30.0,dog_bark,dog_bark,dog_bark,1,1,v1,0.000,1.106,1.106,,,1,0,,"Background noise;Bark;Breathing;Conversation;Female speech, woman speaking;Growling;Tick",base
SNcdGxw1_Ek_0,SNcdGxw1_Ek,0.0,glass,glass,glass,1,1,real,3.570,6.643,3.073,,Laughter;Shout,0,0,laughter,"Generic impact sounds;Glass shatter;Laughter;Male speech, man speaking;Motor vehicle (road);Shout;Tick;Walk, footsteps;Wind",base
SOZY9z_WzRE_0,SOZY9z_WzRE,0.0,background,,,0,0,bg,,,,,,0,0,,"Electric rotor drone, quadcopter;Wind noise (microphone)",base
SQnkHAY0OQc_0,SQnkHAY0OQc,0.0,background,,,0,0,bg,,,,,,0,0,,Boing,base
SQywkZ3RxN8_510000,SQywkZ3RxN8,510.0,background,,,0,0,bg,,,,,,0,0,,"Background noise;Breathing;Child speech, kid speaking;Generic impact sounds;Male speech, man speaking",base
SRxGqpIPZgs_0,SRxGqpIPZgs,0.0,dog_bark,dog_bark,dog_bark,1,1,real,2.055,2.743,0.688,,Laughter,1,0,laughter,"Bark;Child speech, kid speaking;Growling;Laughter;Male speech, man speaking;Tick;Wind",base
SULm6PqGSpE_4000,SULm6PqGSpE,4.0,background,,,0,0,bg,,,,,Laughter,0,0,laughter,"Child speech, kid speaking;Generic impact sounds;Laughter;Mechanisms;Slap, smack;Thump, thud;Vehicle",base
SVGAfPeXHv8_0,SVGAfPeXHv8,0.0,dog_bark,dog_bark,dog_bark,1,1,v1,9.055,9.488,0.433,,,1,0,,"Bark;Generic impact sounds;Male speech, man speaking;Television",base
SXtY8zUKiqo_10000,SXtY8zUKiqo,10.0,background,,,0,0,bg,,,,,,0,0,,"Chirp, tweet;Mechanisms;Roar;Steam;Tick",base
SYDH1VNEOKU_30000,SYDH1VNEOKU,30.0,siren,siren,siren,1,1,real,0.000,10.000,10.000,Siren,,0,0,,Generic impact sounds;Siren;Wind,base
SeO6Cyw0zcI_30000,SeO6Cyw0zcI,30.0,background,,,0,0,bg,,,,,,0,0,crowd,"Chopping (food);Generic impact sounds;Hubbub, speech noise, speech babble;Male singing;Male speech, man speaking",base
SeYimA3Dfyw_24000,SeYimA3Dfyw,24.0,dog_bark,dog_bark,dog_bark,1,1,real,2.267,2.844,0.577,,,1,0,,Animal;Bark;Brief tone;Tick;Wind;Wind chime,base
Sl1GwgTbX84_30000,Sl1GwgTbX84,30.0,background,,,0,0,bg,,,,,,0,0,,"Background noise;Breathing;Female speech, woman speaking;Generic impact sounds;Human sounds",base
SmVXYNJMGYg_70000,SmVXYNJMGYg,70.0,siren,siren,siren,1,1,v1,0.000,10.000,10.000,Siren,,0,0,speech,Generic impact sounds;Mechanisms;Siren;Speech,base
SnlIWUxy9Z8_420000,SnlIWUxy9Z8,420.0,background,,,0,0,bg,,,,,,0,0,,"Male speech, man speaking;Mechanisms;Writing",base
So-jXslhIF0_6000,So-jXslhIF0,6.0,siren,,siren,0,1,real,0.000,9.697,9.697,Ambulance (siren),,0,0,,Ambulance (siren);Background noise,base
Su92iQBF-Ss_30000,Su92iQBF-Ss,30.0,background,,,0,0,bg,,,,,,0,0,,"Chopping (food);Conversation;Female speech, woman speaking;Male speech, man speaking;Mechanisms;Tick",base
Szx_bifnnYM_0,Szx_bifnnYM,0.0,scream,scream,,1,0,v1,2.724,3.370,0.646,,Shout,0,0,,"Background noise;Child speech, kid speaking;Conversation;Generic impact sounds;Shout",base
T-AN31N4LD0_50000,T-AN31N4LD0,50.0,background,,,0,0,bg,,,,,Laughter;Music,0,0,speech;laughter,Breathing;Conversation;Laughter;Music;Speech,base
T-qgpcWjKto_14000,T-qgpcWjKto,14.0,background,,,0,0,bg,,,,,,0,0,,"Background noise;Clicking;Generic impact sounds;Male speech, man speaking;Mechanisms;Power tool;Wind;Wind noise (microphone)",base
T59WzVLZ8oE_0,T59WzVLZ8oE,0.0,background,,,0,0,bg,,,,,Music,0,0,,Human voice;Music;Sound effect,base
T8FeUsCYvn4_80000,T8FeUsCYvn4,80.0,scream,scream,,1,0,v1,7.964,10.000,2.036,,Shout,0,0,crowd,"Hubbub, speech noise, speech babble;Male speech, man speaking;Mechanisms;Shout;Wind;Wind noise (microphone)",base
TCKhj1ky9bk_370000,TCKhj1ky9bk,370.0,glass,glass,glass,1,1,real,4.944,7.164,2.220,,Music,0,0,,"Breathing;Female speech, woman speaking;Generic impact sounds;Glass shatter;Human sounds;Male speech, man speaking;Music;Walk, footsteps",base
TClojEwwias_150000,TClojEwwias,150.0,background,,,0,0,bg,,,,,Giggle,0,0,,"Background noise;Conversation;Female speech, woman speaking;Generic impact sounds;Giggle;Male speech, man speaking",base
TDH2u9feJPA_30000,TDH2u9feJPA,30.0,dog_bark,dog_bark,dog_bark,1,1,real,0.000,0.843,0.843,,Music,1,0,,Bark;Breathing;Generic impact sounds;Mechanisms;Music;Tick;Whistling,base
TEE_okRqcvo_100000,TEE_okRqcvo,100.0,background,,,0,0,bg,,,,,,0,0,,"Background noise;Bee, wasp, etc.;Bird vocalization, bird call, bird song;Breathing;Conversation;Generic impact sounds;Male speech, man speaking;Sniff;Surface contact;Tick;Walk, footsteps",base
TF0GOg463JA_16000,TF0GOg463JA,16.0,scream,scream,scream,1,1,real,0.000,4.198,4.198,,Screaming,0,0,,Background noise;Screaming,base
THjLsLDQrYQ_30000,THjLsLDQrYQ,30.0,scream,scream,,1,0,v1,1.401,2.002,0.601,,Shout,0,0,crowd,"Background noise;Hubbub, speech noise, speech babble;Male speech, man speaking;Shout;Thump, thud;Tick;Whistling",base
TICzCOoQvAA_30000,TICzCOoQvAA,30.0,background,,,0,0,bg,,,,,Music,0,0,,"Duck call (hunting tool);Gunshot, gunfire;Music",base
TIJsjO1hY98_8000,TIJsjO1hY98,8.0,dog_bark,dog_bark,dog_bark,1,1,real,3.087,3.940,0.853,,,1,0,,"Bark;Conversation;Generic impact sounds;Male speech, man speaking;Mechanisms",base
TJaNh1z31O4_70000,TJaNh1z31O4,70.0,glass,glass,glass,1,1,v1,8.480,10.000,1.520,,,0,0,,"Background noise;Breathing;Generic impact sounds;Glass shatter;Gunshot, gunfire;Heart sounds, heartbeat;Tick",base
TQrM_3_afzg_0,TQrM_3_afzg,0.0,glass,glass,glass,1,1,real,5.232,6.062,0.830,,,0,0,,Boing;Crushing;Glass shatter;Sound effect;Tick,base
TR0rXK4eRjI_30000,TR0rXK4eRjI,30.0,background,,,0,0,bg,,,,,,0,0,,"Breaking;Breathing;Child speech, kid speaking;Conversation;Female speech, woman speaking;Generic impact sounds;Human voice;Walk, footsteps;Wind",base
TTgWshASL8Y_10000,TTgWshASL8Y,10.0,dog_bark,dog_bark,dog_bark,1,1,v1,5.835,6.071,0.236,,,1,0,,Background noise;Bark;Doorbell;Generic impact sounds;Whimper (dog),base
TXKODIvIqGI_320000,TXKODIvIqGI,320.0,background,,,0,0,bg,,,,,,0,0,,"Background noise;Bird flight, flapping wings;Bird vocalization, bird call, bird song;Generic impact sounds;Pigeon, dove",base
TZonRkYLl2k_30000,TZonRkYLl2k,30.0,scream,scream,,1,0,v1,4.603,6.334,1.731,,Shout,0,0,,"Breathing;Generic impact sounds;Human sounds;Male speech, man speaking;Mechanisms;Shout;Tick",base
TcBmBReJWYs_240000,TcBmBReJWYs,240.0,background,,,0,0,bg,,,,,Music,0,0,,"Burping, eructation;Generic impact sounds;Human voice;Male speech, man speaking;Music;Slam",base
TcX7SvUVZ_U_10000,TcX7SvUVZ_U,10.0,scream,scream,,1,0,v1,0.000,0.677,0.677,,Shout,0,0,,"Conversation;Female speech, woman speaking;Shout;Splash, splatter;Tick;Waterfall",base
TcfyG-kLP_k_28000,TcfyG-kLP_k,28.0,siren,siren,siren,1,1,v1,0.000,9.825,9.825,Siren,,0,0,,Siren;Tick;Truck,base
TcyHdliTidE_30000,TcyHdliTidE,30.0,dog_bark,dog_bark,dog_bark,1,1,real,4.879,5.643,0.764,,,1,0,,"Background noise;Bark;Mechanisms;Speech synthesizer;Telephone bell ringing;Telephone dialing, DTMF",base
Td2eurktWsk_30000,Td2eurktWsk,30.0,background,,,0,0,bg,,,,,Music,0,0,crowd,"Hubbub, speech noise, speech babble;Male speech, man speaking;Mechanisms;Music",base
TeGoW7croIM_30000,TeGoW7croIM,30.0,scream,,scream,0,1,real,4.993,6.725,1.732,,Music;Screaming,0,0,,Breathing;Music;Screaming;Speech synthesizer,base
TfmktTdBONE_20000,TfmktTdBONE,20.0,background,,,0,0,bg,,,,,Laughter,0,0,laughter,"Breathing;Car alarm;Conversation;Generic impact sounds;Laughter;Male speech, man speaking;Tick;Wind",base
TgnBMRMoqiU_30000,TgnBMRMoqiU,30.0,background,,,0,0,bg,,,,,,0,0,,Chop;Generic impact sounds;Wind,base
ThHtZHn8yzY_30000,ThHtZHn8yzY,30.0,dog_bark,dog_bark,dog_bark,1,1,v1,1.362,2.962,1.600,,,1,1,,Bark;Dog;Generic impact sounds;Mechanisms;Tick,base
Thzje-HMwFY_30000,Thzje-HMwFY,30.0,background,,,0,0,bg,,,,,,0,0,,"Conversation;Generic impact sounds;Male speech, man speaking",base
TipoeFCyJ2k_30000,TipoeFCyJ2k,30.0,siren,,siren,0,1,real,0.000,10.000,10.000,"Fire engine, fire truck (siren)",,0,0,,"Air horn, truck horn;Fire engine, fire truck (siren);Generic impact sounds",base
Tk1h4Ayi6Mo_560000,Tk1h4Ayi6Mo,560.0,background,,,0,0,bg,,,,,,0,0,,"Breathing;Clicking;Computer keyboard;Male speech, man speaking;Mechanisms",base
TkQ3IpTS1RE_30000,TkQ3IpTS1RE,30.0,background,,,0,0,bg,,,,,,0,0,,Medium engine (mid frequency),base
TkW5oy5eC2I_30000,TkW5oy5eC2I,30.0,scream,,scream,0,1,real,2.065,4.691,2.626,,Crowd;Screaming,0,0,crowd,"Crowd;Hubbub, speech noise, speech babble;Screaming;Waterfall",base
Tn3tfTAoog8_100000,Tn3tfTAoog8,100.0,siren,siren,siren,1,1,real,1.545,5.528,3.983,Siren,,0,0,,"Crumpling, crinkling;Male speech, man speaking;Mechanisms;Siren",base
TniApw9LVzM_30000,TniApw9LVzM,30.0,dog_bark,dog_bark,dog_bark,1,1,real,8.219,9.310,1.091,,,1,0,,Bark;Growling;Mechanisms;Surface contact,base
ToOmKy89hxk_40000,ToOmKy89hxk,40.0,glass,glass,glass,1,1,v1,2.064,2.729,0.665,,,0,0,,Generic impact sounds;Glass shatter,base
Touw1z9JLl4_5000,Touw1z9JLl4,5.0,glass,glass,glass,1,1,real,5.528,7.354,1.826,,Music,0,0,crying,"Conversation;Crying, sobbing;Explosion;Generic impact sounds;Glass shatter;Male speech, man speaking;Music",base
TpD63r7K0Ig_17000,TpD63r7K0Ig,17.0,scream,scream,,1,0,v1,3.981,6.349,2.368,,Shout,0,0,,"Artillery fire;Generic impact sounds;Male speech, man speaking;Mechanisms;Shout;Tick;Wind",base
Ts9EHcbKTDA_0,Ts9EHcbKTDA,0.0,glass,glass,glass,1,1,real,0.030,1.103,1.073,,,0,0,,Glass shatter,base
TtYyTw6D8Dg_0,TtYyTw6D8Dg,0.0,background,,,0,0,bg,,,,,,0,0,,"Chicken, rooster;Cluck;Mechanisms;Rustle",base
TuZYzk5p7js_20000,TuZYzk5p7js,20.0,glass,glass,glass,1,1,v1,2.685,4.567,1.882,,Music,0,0,,"Breathing;Conversation;Glass shatter;Male speech, man speaking;Music;Sound effect",base
TvxSWpOZBGo_90000,TvxSWpOZBGo,90.0,background,,,0,0,bg,,,,,,0,0,,Generic impact sounds;Mechanisms,base
TxWaRgpfg4c_30000,TxWaRgpfg4c,30.0,background,,,0,0,bg,,,,,,0,0,,Baby laughter;Breathing;Generic impact sounds;Human sounds;Mechanisms,base
TyYmvuZ65Q0_70000,TyYmvuZ65Q0,70.0,background,,,0,0,bg,,,,,,0,0,,"Female speech, woman speaking;Frying (food);Generic impact sounds;Mechanisms;Stir",base
TzR2ggrFGDw_30000,TzR2ggrFGDw,30.0,background,,,0,0,bg,,,,,,0,0,,Generic impact sounds;Mechanisms;Power tool;Surface contact;Tick,base
TzbvHCxjsZI_120000,TzbvHCxjsZI,120.0,scream,scream,siren,1,1,v1,5.442,6.015,0.573,Ambulance (siren);Police car (siren),Shout,0,0,,"Ambulance (siren);Background noise;Explosion;Human voice;Male speech, man speaking;Police car (siren);Shout;Video game sound",base
U2GUQ-L6JzE_0,U2GUQ-L6JzE,0.0,dog_bark,dog_bark,dog_bark,1,1,real,3.250,3.262,0.012,,,1,0,speech,Arrow;Background noise;Bark;Generic impact sounds;Human voice;Speech;Unknown sound,base
U4DYQZ9Pb6o_19000,U4DYQZ9Pb6o,19.0,siren,siren,siren,1,1,real,0.007,9.101,9.094,Siren,,0,0,,Siren;Vehicle,base
U5dlogM7k9g_150000,U5dlogM7k9g,150.0,background,,,0,0,bg,,,,,Laughter,0,0,laughter,"Background noise;Firecracker;Gasp;Human voice;Laughter;Male speech, man speaking",base
U6MPJL2lzKs_110000,U6MPJL2lzKs,110.0,dog_bark,dog_bark,dog_bark,1,1,v1,8.519,8.952,0.433,,,1,0,,Background noise;Bark;Generic impact sounds;Pump (liquid),base
U6udaPjZSnY_10000,U6udaPjZSnY,10.0,dog_bark,dog_bark,dog_bark,1,1,v1,0.126,0.596,0.470,,,1,0,,"Background noise;Bark;Female speech, woman speaking;Generic impact sounds;Human voice",base
U7JJLzzKo0s_26000,U7JJLzzKo0s,26.0,scream,scream,,1,0,v1,1.926,3.175,1.249,,Shout,0,0,,"Background noise;Breathing;Child speech, kid speaking;Shout;Tick",base
U7_IlUYZKa0_0,U7_IlUYZKa0,0.0,glass,glass,glass,1,1,real,1.622,4.652,3.030,,,0,0,,"Generic impact sounds;Glass shatter;Mechanisms;Walk, footsteps",base
UCiTqYf1pTg_30000,UCiTqYf1pTg,30.0,background,,,0,0,bg,,,,,Music,0,0,,Generic impact sounds;Male singing;Mechanisms;Music;Television,base
UDO7oi4M00M_30000,UDO7oi4M00M,30.0,background,,,0,0,bg,,,,,,0,0,crowd,"Conversation;Generic impact sounds;Hiss;Hubbub, speech noise, speech babble;Male speech, man speaking;Surface contact;Tap",base
UDfgYeI06JU_30000,UDfgYeI06JU,30.0,siren,,siren,0,1,real,0.000,10.000,10.000,Civil defense siren,,0,0,,Civil defense siren,base
UJEZK5o_L5Q_0,UJEZK5o_L5Q,0.0,scream,scream,scream,1,1,real,9.006,10.000,0.994,,Screaming,0,0,,"Background noise;Female speech, woman speaking;Generic impact sounds;Human sounds;Male speech, man speaking;Screaming;Slam;Squeal",base
UK_rjnYUrRQ_170000,UK_rjnYUrRQ,170.0,background,,,0,0,bg,,,,,,0,0,,Engine knocking;Medium engine (mid frequency),base
UL2_25FLwH0_30000,UL2_25FLwH0,30.0,background,,,0,0,bg,,,,,,0,0,,"Chopping (food);Female speech, woman speaking;Generic impact sounds;Mechanisms;Tick",base
UOW04NTAd6U_100000,UOW04NTAd6U,100.0,dog_bark,dog_bark,,1,0,v1,6.900,8.034,1.134,,,0,1,dog_nonbark;crowd,"Dog;Female speech, woman speaking;Hubbub, speech noise, speech babble",base
UPZGEmrkW1E_30000,UPZGEmrkW1E,30.0,scream,scream,,1,0,v1,1.200,1.784,0.584,,Shout,0,0,,"Generic impact sounds;Male speech, man speaking;Reversing beeps;Shout;Squeal;Traffic noise, roadway noise;Wind;Wind noise (microphone)",base
UTCnV8_iWZk_40000,UTCnV8_iWZk,40.0,scream,scream,,1,0,v1,8.608,9.388,0.780,,Shout,0,0,,"Breathing;Female speech, woman speaking;Finger snapping;Generic impact sounds;Mechanisms;Shout;Tick;Walk, footsteps",base
UU7AWztCls4_0,UU7AWztCls4,0.0,background,,,0,0,bg,,,,,Laughter,0,0,laughter,"Baby laughter;Child speech, kid speaking;Conversation;Female speech, woman speaking;Generic impact sounds;Human sounds;Laughter;Male speech, man speaking;Mechanisms;Synthetic singing",base
UUe152ozmMw_0,UUe152ozmMw,0.0,glass,glass,glass,1,1,real,4.926,6.396,1.470,,,0,0,,"Breathing;Conversation;Generic impact sounds;Glass shatter;Male speech, man speaking;Mechanisms;Thump, thud;Tick;Walk, footsteps",base
UddKYhSWKXY_260000,UddKYhSWKXY,260.0,background,,,0,0,bg,,,,,,0,0,,"Bird vocalization, bird call, bird song;Generic impact sounds;Mechanisms;Tick",base
UfWE5MuK7Kc_40000,UfWE5MuK7Kc,40.0,dog_bark,dog_bark,dog_bark,1,1,v1,3.929,4.912,0.983,,Laughter,1,0,laughter,Bark;Generic impact sounds;Howl;Human voice;Laughter;Mechanisms;Squeal,base
UhxtRJ-K-yI_440000,UhxtRJ-K-yI,440.0,scream,scream,scream,1,1,real,7.203,7.468,0.265,,Screaming,0,0,,"Background noise;Child speech, kid speaking;Generic impact sounds;Human voice;Screaming;Television",base
UkVs3eGDF_c_30000,UkVs3eGDF_c,30.0,scream,scream,scream,1,1,v1,1.175,2.247,1.072,,Screaming;Shout,0,0,crying,"Background noise;Crying, sobbing;Firecracker;Generic impact sounds;Human voice;Screaming;Shout",base
UlqJHtYfSKk_30000,UlqJHtYfSKk,30.0,siren,siren,siren,1,1,v1,0.000,10.000,10.000,Siren,,0,0,,Siren,base
Unupi98LITU_30000,Unupi98LITU,30.0,siren,siren,siren,1,1,v1,0.008,10.000,9.992,Siren,,0,0,,Siren;Wind;Wind noise (microphone),base
UqVB9AnX3jU_30000,UqVB9AnX3jU,30.0,background,,,0,0,bg,,,,,,0,0,,"Breathing;Female speech, woman speaking;Human sounds;Human voice;Mechanisms",base
UqxCG8zQ-7c_210000,UqxCG8zQ-7c,210.0,siren,,siren,0,1,real,2.528,10.000,7.472,"Fire engine, fire truck (siren)",,0,0,,"Fire;Fire engine, fire truck (siren);Generic impact sounds;Mechanisms;Sound effect;Truck",base
UtNR3hx_MYg_170000,UtNR3hx_MYg,170.0,scream,scream,scream,1,1,v1,0.485,2.118,1.633,,Screaming;Shout,0,0,crowd,"Hubbub, speech noise, speech babble;Screaming;Shout;Waterfall;Wind",base
Utn2Bh-eLYs_190000,Utn2Bh-eLYs,190.0,background,,,0,0,bg,,,,,,0,0,,"Background noise;Generic impact sounds;Male speech, man speaking;Squish;Surface contact;Walk, footsteps",base
Uu0MCxuVQGI_30000,Uu0MCxuVQGI,30.0,dog_bark,dog_bark,,1,0,v1,8.662,9.580,0.918,,,0,1,dog_nonbark,Dog;Mechanisms,base
Uuy0YYvTUqc_130000,Uuy0YYvTUqc,130.0,background,,,0,0,bg,,,,,Music,0,0,,"Background noise;Chirp, tweet;Heart sounds, heartbeat;Music",base
UyKlDDRENFA_6000,UyKlDDRENFA,6.0,background,,,0,0,bg,,,,,,0,0,crowd,"Child speech, kid speaking;Groan;Hubbub, speech noise, speech babble;Male speech, man speaking;Whack, thwack;Whip",base
V-8dHJfuwSU_80000,V-8dHJfuwSU,80.0,dog_bark,dog_bark,,1,0,v1,8.186,8.478,0.292,,Music,0,1,dog_nonbark,"Background noise;Bird vocalization, bird call, bird song;Breathing;Dog;Generic impact sounds;Keys jangling;Male speech, man speaking;Music;Surface contact;Tick",base
V-A3v-9MMNw_90000,V-A3v-9MMNw,90.0,background,,,0,0,bg,,,,,,0,0,,"Accelerating, revving, vroom;Generic impact sounds;Motorcycle",base
V1oOrUoccmg_0,V1oOrUoccmg,0.0,background,,,0,0,bg,,,,,,0,0,,"Fire alarm;Generic impact sounds;Thump, thud;Tick",base
V1qD9EvjKto_380000,V1qD9EvjKto,380.0,siren,siren,siren,1,1,v1,0.000,1.556,1.556,Siren,,0,0,,"Bird vocalization, bird call, bird song;Mechanisms;Siren;Tick;Wind",base
V7IM5ELcf-c_30000,V7IM5ELcf-c,30.0,siren,,siren,0,1,real,9.101,10.000,0.899,"Fire engine, fire truck (siren)",,0,0,,"Accelerating, revving, vroom;Air brake;Air horn, truck horn;Fire engine, fire truck (siren);Generic impact sounds;Heavy engine (low frequency)",base
V85Spe4pAMs_110000,V85Spe4pAMs,110.0,background,,,0,0,bg,,,,,,0,0,,Mechanisms,base
VA1xTqyuZG0_470000,VA1xTqyuZG0,470.0,background,,,0,0,bg,,,,,Laughter;Music,0,0,laughter,"Breathing;Explosion;Groan;Human sounds;Laughter;Machine gun;Male speech, man speaking;Music;Sound effect;Speech synthesizer;Video game sound",base
VAzfteH2uWc_360000,VAzfteH2uWc,360.0,glass,glass,glass,1,1,v1,7.137,8.101,0.964,,Music,0,0,,Glass shatter;Music,base
VBNFjMlTQ6Q_240000,VBNFjMlTQ6Q,240.0,scream,,scream,0,1,real,0.316,1.543,1.227,,Music;Screaming,0,0,,"Generic impact sounds;Male speech, man speaking;Music;Screaming",base
VBNnGF_8OHs_0,VBNnGF_8OHs,0.0,siren,,siren,0,1,real,0.083,10.000,9.917,Police car (siren),,0,0,,"Accelerating, revving, vroom;Police car (siren);Tick;Wind",base
VC07ypx6Cz0_180000,VC07ypx6Cz0,180.0,scream,scream,scream,1,1,v1,2.995,6.145,3.150,,Screaming,0,0,,"Female speech, woman speaking;Mechanisms;Screaming;Surface contact;Tick",base
VC1yBzKg744_30000,VC1yBzKg744,30.0,siren,siren,siren,1,1,real,6.197,10.000,3.803,Siren,,0,0,,"Accelerating, revving, vroom;Car alarm;Motor vehicle (road);Siren",base
VCpTx2xDZx0_220000,VCpTx2xDZx0,220.0,dog_bark,dog_bark,dog_bark,1,1,v1,8.268,8.724,0.456,,,1,0,,"Bark;Conversation;Crumpling, crinkling;Male speech, man speaking;Mechanisms;Pant (dog);Throat clearing",base
VENV0lnfecI_30000,VENV0lnfecI,30.0,background,,,0,0,bg,,,,,Music,0,0,crowd,"Hubbub, speech noise, speech babble;Male singing;Music",base
VFBVCQwiyFk_5000,VFBVCQwiyFk,5.0,scream,,scream,0,1,real,2.723,4.228,1.505,,Music;Screaming,0,0,,Breathing;Female singing;Music;Screaming,base
VGpqLyx96Z8_20000,VGpqLyx96Z8,20.0,dog_bark,dog_bark,dog_bark,1,1,v1,4.148,7.863,3.715,,,1,1,speech,Bark;Dog;Doorbell;Mechanisms;Speech,base
VH4FPhPrmFE_24000,VH4FPhPrmFE,24.0,background,,,0,0,bg,,,,,,0,0,crying,"Background noise;Child speech, kid speaking;Chirp, tweet;Conversation;Crying, sobbing;Human voice;Male speech, man speaking;Scrape;Tick",base
VHTLIi3erIg_0,VHTLIi3erIg,0.0,siren,siren,siren,1,1,v1,0.148,2.855,2.707,Siren,Music,0,0,,Music;Siren,base
VILyanZcqTw_130000,VILyanZcqTw,130.0,background,,,0,0,bg,,,,,Music,0,0,,Music,base
VLAjDg2EYz0_30000,VLAjDg2EYz0,30.0,siren,siren,siren,1,1,real,0.000,7.734,7.734,Siren,,0,0,,Background noise;Chirp tone;Generic impact sounds;Insect;Siren,base
VNQmUR801O4_20000,VNQmUR801O4,20.0,scream,,scream,0,1,real,0.567,10.000,9.433,,Music;Screaming,0,0,,"Female speech, woman speaking;Male singing;Music;Noise;Screaming",base
VOHW0l6Lrhk_24000,VOHW0l6Lrhk,24.0,background,,,0,0,bg,,,,,,0,0,,"Breathing;Child singing;Generic impact sounds;Male speech, man speaking;Mechanisms;Television;Thump, thud",base
VSH_cF1denw_16000,VSH_cF1denw,16.0,scream,scream,scream,1,1,v1,4.713,7.964,3.251,,Screaming,0,0,,Human voice;Screaming,base
VUmZudySMpI_250000,VUmZudySMpI,250.0,background,,,0,0,bg,,,,,Music,0,0,,Background noise;Electronic tuner;Generic impact sounds;Music,base
VW4x77fa94Q_80000,VW4x77fa94Q,80.0,dog_bark,dog_bark,dog_bark,1,1,real,1.949,2.303,0.354,,,1,0,,Bark;Generic impact sounds;Pant (dog);Pig;Rustle,base
VWSHu8wO7gA_30000,VWSHu8wO7gA,30.0,siren,siren,siren,1,1,v1,5.908,10.000,4.092,Siren,,0,0,speech,Mechanisms;Siren;Speech,base
VZeEqVT9dpk_390000,VZeEqVT9dpk,390.0,glass,glass,glass,1,1,real,3.764,7.047,3.283,,Music,0,0,,Breaking;Glass shatter;Music;Sound effect,base
VfTL67UHE8w_30000,VfTL67UHE8w,30.0,siren,siren,siren,1,1,v1,3.130,10.000,6.870,Siren,,0,0,,Background noise;Siren,base
Vg0FYW5Qpzk_100000,Vg0FYW5Qpzk,100.0,glass,glass,glass,1,1,v1,6.543,8.297,1.754,,Music,0,0,,Explosion;Glass shatter;Male singing;Music,base
VhA4c0erVq4_8000,VhA4c0erVq4,8.0,scream,scream,,1,0,v1,6.224,9.531,3.307,,Shout,0,0,,"Background noise;Male speech, man speaking;Mechanisms;Shout",base
VktE9ts_myQ_60000,VktE9ts_myQ,60.0,scream,scream,scream,1,1,real,2.843,6.150,3.307,,Screaming,0,0,,Background noise;Breaking;Explosion;Screaming;Sound effect,base
Vl6JBsXVYnE_0,Vl6JBsXVYnE,0.0,glass,glass,glass,1,1,real,4.477,5.899,1.422,,,0,0,,Glass shatter;Sound effect;Tap,base
Vm7KwM8yoNA_20000,Vm7KwM8yoNA,20.0,siren,,siren,0,1,real,0.000,10.000,10.000,Civil defense siren,,0,0,,Civil defense siren;Noise,base
VmDXPL-l7Qc_0,VmDXPL-l7Qc,0.0,background,,,0,0,bg,,,,,,0,0,,"Mechanisms;Subway, metro, underground;Train horn;Video game sound",base
VnExUnGrgvc_280000,VnExUnGrgvc,280.0,scream,,scream,0,1,real,0.578,1.914,1.336,,Music;Screaming,0,0,,Music;Screaming,base
Vnb37mAv3E8_0,Vnb37mAv3E8,0.0,glass,glass,glass,1,1,v1,0.851,3.735,2.884,,,0,0,,"Conversation;Generic impact sounds;Glass shatter;Human voice;Male speech, man speaking;Mechanisms;Walk, footsteps",base
VoZU1srLgb4_30000,VoZU1srLgb4,30.0,dog_bark,dog_bark,,1,0,v1,2.794,4.416,1.622,,,0,1,dog_nonbark,"Background noise;Dog;Female speech, woman speaking;Generic impact sounds",base
VqDxqUlWmqo_30000,VqDxqUlWmqo,30.0,dog_bark,dog_bark,dog_bark,1,1,v1,8.307,8.834,0.527,,Music,1,0,,Background noise;Bark;Boing;Music;Sound effect,base
Vralvs86aQw_30000,Vralvs86aQw,30.0,siren,siren,siren,1,1,v1,0.000,10.000,10.000,Siren,,0,0,,Siren,base
Vsve5nA3bSc_30000,Vsve5nA3bSc,30.0,siren,siren,siren,1,1,v1,0.000,10.000,10.000,Siren,,0,0,,Emergency vehicle;Generic impact sounds;Siren,base
VvLPnNPD0R4_120000,VvLPnNPD0R4,120.0,background,,,0,0,bg,,,,,,0,0,,Train;Wind noise (microphone),base
VvcMWHTt1Mo_30000,VvcMWHTt1Mo,30.0,siren,,siren,0,1,real,0.000,10.000,10.000,Civil defense siren,,0,0,,Church bell;Civil defense siren;Generic impact sounds;Surface contact;Wind noise (microphone),base
VyO935yuzBM_50000,VyO935yuzBM,50.0,background,,,0,0,bg,,,,,Laughter,0,0,laughter,"Generic impact sounds;Laughter;Male speech, man speaking;Mechanisms;Spray;Tick",base
W115iCqwzSk_340000,W115iCqwzSk,340.0,background,,,0,0,bg,,,,,,0,0,,"Child speech, kid speaking;Generic impact sounds;Human voice;Male speech, man speaking;Mechanisms;Surface contact;Tick",base
W1Co5LRvGLY_380000,W1Co5LRvGLY,380.0,background,,,0,0,bg,,,,,,0,0,,"Conversation;Female speech, woman speaking;Male speech, man speaking;Television;Tick;Whispering",base
W1ExyKCM1fU_50000,W1ExyKCM1fU,50.0,dog_bark,dog_bark,dog_bark,1,1,v1,5.127,6.066,0.939,,,1,0,,Bark;Generic impact sounds;Howl;Mechanisms,base
W3qcyPgjpps_30000,W3qcyPgjpps,30.0,siren,siren,siren,1,1,real,0.000,7.780,7.780,Siren,,0,0,,Rumble;Siren,base
W5zIpIUKoZI_30000,W5zIpIUKoZI,30.0,siren,siren,siren,1,1,v1,0.000,10.000,10.000,Siren,,0,0,,Siren,base
W8axViVkJ0Q_30000,W8axViVkJ0Q,30.0,background,,,0,0,bg,,,,,,0,0,,"Breathing;Female speech, woman speaking;Mechanisms;Narration, monologue",base
WACcKiZQgqc_110000,WACcKiZQgqc,110.0,glass,glass,glass,1,1,real,2.410,4.733,2.323,,Music,0,0,,"Conversation;Glass shatter;Human voice;Male speech, man speaking;Music;Tap",base
WFpww-isl-o_10000,WFpww-isl-o,10.0,dog_bark,dog_bark,,1,0,v1,6.588,7.000,0.412,,,0,1,dog_nonbark,"Breathing;Clicking;Dog;Female speech, woman speaking;Generic impact sounds;Human voice;Surface contact",base
WL9WWyjuVLs_10000,WL9WWyjuVLs,10.0,background,,,0,0,bg,,,,,Laughter,0,0,laughter,"Generic impact sounds;Human sounds;Laughter;Mechanisms;Roar;Sound effect;Tap;Whack, thwack;Whispering",base
WLWxmfXj3cc_23000,WLWxmfXj3cc,23.0,scream,scream,,1,0,v1,5.805,8.345,2.540,,Shout,0,0,crowd,"Hubbub, speech noise, speech babble;Shout;Splash, splatter;Waterfall",base
WMbzJ8d1jEQ_10000,WMbzJ8d1jEQ,10.0,background,,,0,0,bg,,,,,,0,0,,"Chirp, tweet;Ducks, geese, waterfowl;Generic impact sounds;Motor vehicle (road)",base
WMzIkDBk9Bw_30000,WMzIkDBk9Bw,30.0,siren,,siren,0,1,real,0.000,10.000,10.000,"Fire engine, fire truck (siren)",,0,0,,"Female speech, woman speaking;Fire engine, fire truck (siren)",base
WNoCLQLm3l0_26000,WNoCLQLm3l0,26.0,background,,,0,0,bg,,,,,,0,0,,Alarm clock;Generic impact sounds;Noise,base
WO3ZqVFuwjI_10000,WO3ZqVFuwjI,10.0,siren,,siren,0,1,real,0.000,10.000,10.000,Civil defense siren,,0,0,,Civil defense siren;Tick;Wind noise (microphone),base
WPXwLt0p4RY_30000,WPXwLt0p4RY,30.0,dog_bark,dog_bark,dog_bark,1,1,v1,2.679,5.673,2.994,,Music,1,1,,"Background noise;Bark;Dog;Doorbell;Female speech, woman speaking;Generic impact sounds;Music;Tick",base
WRO21qDSq8I_170000,WRO21qDSq8I,170.0,scream,,scream,0,1,real,6.669,10.000,3.331,,Crowd;Music;Screaming;Shout,0,0,crowd,Crowd;Music;Screaming;Shout,base
WRSosU0aACg_0,WRSosU0aACg,0.0,glass,glass,glass,1,1,v1,3.349,4.689,1.340,,,0,0,,"Generic impact sounds;Glass shatter;Male speech, man speaking;Mechanisms;Sound effect",base
WT3-YRTB6Sw_30000,WT3-YRTB6Sw,30.0,glass,glass,glass,1,1,v1,4.477,10.000,5.523,,,0,0,,"Glass shatter;Male speech, man speaking;Thump, thud",base
WV99ODx1_-o_20000,WV99ODx1_-o,20.0,scream,scream,,1,0,v1,0.000,1.620,1.620,,Shout,0,0,,"Child singing;Generic impact sounds;Mechanisms;Shout;Water tap, faucet",base
WW629q8p_No_170000,WW629q8p_No,170.0,glass,glass,glass,1,1,real,3.679,5.576,1.897,,,0,0,,"Glass shatter;Hammer;Male speech, man speaking;Mechanisms;Tick",base
WWarhS30T_s_1000,WWarhS30T_s,1.0,siren,siren,siren,1,1,v1,3.541,8.012,4.471,Siren,Laughter,0,0,laughter,"Conversation;Explosion;Laughter;Male speech, man speaking;Mechanisms;Siren",base
WWbabTwcRVU_90000,WWbabTwcRVU,90.0,background,,,0,0,bg,,,,,,0,0,,"Conversation;Female speech, woman speaking;Human sounds;Male speech, man speaking;Mechanisms;Whip",base
WX-vPmAbxxg_50000,WX-vPmAbxxg,50.0,siren,siren,siren,1,1,v1,0.000,2.107,2.107,Siren,,0,0,,Generic impact sounds;Mechanisms;Siren;Surface contact,base
WZRwQpcy5cU_0,WZRwQpcy5cU,0.0,background,,,0,0,bg,,,,,Music,0,0,,Mechanisms;Music,base
WbOBU0bZG0A_30000,WbOBU0bZG0A,30.0,background,,,0,0,bg,,,,,,0,0,,Background noise;Breathing;Generic impact sounds;Surface contact;Tick;Whispering,base
WcaMrI2PXhc_3000,WcaMrI2PXhc,3.0,glass,glass,glass,1,1,v1,7.927,9.577,1.650,,Laughter,0,0,speech;laughter,"Conversation;Generic impact sounds;Glass shatter;Laughter;Male speech, man speaking;Mechanisms;Speech",base
WgHWdDSB3N4_2000,WgHWdDSB3N4,2.0,scream,scream,scream,1,1,real,3.761,7.216,3.455,,Screaming,0,0,crowd,"Background noise;Hubbub, speech noise, speech babble;Screaming;Slosh;Tick;Water",base
Wj-T204RE8I_0,Wj-T204RE8I,0.0,siren,siren,siren,1,1,real,0.033,4.319,4.286,Siren,,0,0,,Background noise;Siren,base
Wj4onb4QL60_40000,Wj4onb4QL60,40.0,dog_bark,dog_bark,dog_bark,1,1,v1,3.316,3.752,0.436,,Laughter,1,0,laughter,"Bark;Child speech, kid speaking;Female speech, woman speaking;Gasp;Generic impact sounds;Hiccup;Human voice;Laughter;Male speech, man speaking;Mechanisms;Surface contact",base
Wl1bOlfU9XI_180000,Wl1bOlfU9XI,180.0,dog_bark,dog_bark,dog_bark,1,1,v1,9.780,10.000,0.220,,Music,1,0,speech,"Bark;Female speech, woman speaking;Growling;Gunshot, gunfire;Male speech, man speaking;Mechanisms;Music;Speech;Whistle;Whoop",base
WnlYWy40jvI_40000,WnlYWy40jvI,40.0,dog_bark,dog_bark,,1,0,v1,3.276,4.283,1.007,,,0,1,dog_nonbark,"Dog;Female speech, woman speaking;Generic impact sounds;Hiss;Mechanisms;Tap",base
WpaziTpqEW8_10000,WpaziTpqEW8,10.0,siren,siren,siren,1,1,v1,3.385,4.492,1.107,Siren,,0,0,,"Background noise;Chirp, tweet;Clicking;Generic impact sounds;Siren;Wind",base
WquKqszPxyk_30000,WquKqszPxyk,30.0,glass,glass,glass,1,1,v1,4.024,7.041,3.017,,,0,0,,Generic impact sounds;Glass shatter;Human voice;Machine gun;Motor vehicle (road);Sound effect;Video game sound,base
Wrx17aF1x2k_240000,Wrx17aF1x2k,240.0,background,,,0,0,bg,,,,,,0,0,,"Bird vocalization, bird call, bird song;Breathing;Male speech, man speaking;Wind",base
WsqCcrEz4po_30000,WsqCcrEz4po,30.0,siren,siren,siren,1,1,v1,0.008,10.000,9.992,Siren,,0,0,,Siren;Wind;Wind noise (microphone),base
WsxfiOHuRMw_10000,WsxfiOHuRMw,10.0,scream,scream,scream,1,1,v1,6.330,8.619,2.289,,Screaming,0,0,,Grunt;Human voice;Screaming;Sound effect,base
WuVM67YcxkQ_110000,WuVM67YcxkQ,110.0,background,,,0,0,bg,,,,,,0,0,,Background noise;Generic impact sounds;Human sounds;Lawn mower;Tick,base
WzgNRBCUWeM_8000,WzgNRBCUWeM,8.0,glass,glass,glass,1,1,real,7.973,8.765,0.792,,Music,0,0,,Background noise;Glass shatter;Growling;Human voice;Music,base
X0oSKFUnEXc_30000,X0oSKFUnEXc,30.0,background,,,0,0,bg,,,,,Music,0,0,,Music,base
X2OQgjBVABQ_6000,X2OQgjBVABQ,6.0,siren,,siren,0,1,real,0.000,9.883,9.883,"Fire engine, fire truck (siren)",,0,0,,"Fire engine, fire truck (siren);Tick;Vehicle horn, car horn, honking, toot",base
X3tOHoXURkE_10000,X3tOHoXURkE,10.0,dog_bark,dog_bark,dog_bark,1,1,real,7.081,7.366,0.285,,Laughter,1,0,laughter,"Bark;Laughter;Male speech, man speaking;Oink",base
X6u7waid13I_10000,X6u7waid13I,10.0,background,,,0,0,bg,,,,,,0,0,,Mechanisms;Printer,base
X9bw8A_XPp0_30000,X9bw8A_XPp0,30.0,dog_bark,dog_bark,dog_bark,1,1,real,7.999,8.340,0.341,,,1,0,,"Bark;Conversation;Female speech, woman speaking;Generic impact sounds;Male speech, man speaking;Vehicle horn, car horn, honking, toot;Wind",base
XBuolRcbMok_0,XBuolRcbMok,0.0,background,,,0,0,bg,,,,,,0,0,,"Child singing;Female speech, woman speaking;Generic impact sounds;Mechanisms;Tick",base
XCWBhP5Tw-4_20000,XCWBhP5Tw-4,20.0,dog_bark,dog_bark,dog_bark,1,1,real,0.590,1.589,0.999,,,1,1,,"Bark;Conversation;Dog;Generic impact sounds;Growling;Human voice;Male speech, man speaking;Pig;Rustle",base
XChz2WTOO64_50000,XChz2WTOO64,50.0,background,,,0,0,bg,,,,,Laughter,0,0,laughter,Laughter;Speech synthesizer;Whistling,base
XDMsiZECSYc_50000,XDMsiZECSYc,50.0,siren,,siren,0,1,real,6.748,8.324,1.576,Police car (siren),Music,0,0,,Male singing;Music;Police car (siren);Tap,base
XDgFw5UIiWw_30000,XDgFw5UIiWw,30.0,scream,,scream,0,1,real,1.021,3.681,2.660,,Music;Screaming,0,0,,Male singing;Music;Screaming,base
XFFJQW7uGhs_10000,XFFJQW7uGhs,10.0,siren,siren,siren,1,1,v1,0.000,10.000,10.000,Siren,,0,0,,Siren,base
XFjKL9LzaFQ_30000,XFjKL9LzaFQ,30.0,siren,,siren,0,1,real,8.249,10.000,1.751,"Fire engine, fire truck (siren)",,0,0,,"Fire;Fire engine, fire truck (siren);Generic impact sounds;Male speech, man speaking",base
XHGDo8gqhUo_30000,XHGDo8gqhUo,30.0,scream,scream,,1,0,v1,8.437,10.000,1.563,,Shout,0,0,,"Child speech, kid speaking;Shout;Thump, thud;Video game sound",base
XI-jSGKe4Pw_60000,XI-jSGKe4Pw,60.0,background,,,0,0,bg,,,,,Music,0,0,,Music,base
XJ01JOlRJRM_90000,XJ01JOlRJRM,90.0,background,,,0,0,bg,,,,,,0,0,,"Arrow;Breathing;Male speech, man speaking;Mechanisms",base
XOvnc9II18M_30000,XOvnc9II18M,30.0,siren,siren,siren,1,1,v1,3.185,9.657,6.472,Siren,,0,0,,"Medium engine (mid frequency);Siren;Vehicle horn, car horn, honking, toot;Wind",base
XPtWYKQ_okI_150000,XPtWYKQ_okI,150.0,background,,,0,0,bg,,,,,,0,0,,"Generic impact sounds;Male speech, man speaking;Plop;Sound effect",base
XQxdQBggiPA_250000,XQxdQBggiPA,250.0,siren,,siren,0,1,real,0.000,10.000,10.000,"Fire engine, fire truck (siren)",,0,0,,"Fire engine, fire truck (siren);Generic impact sounds;Traffic noise, roadway noise",base
XRZlDxa_6Fg_30000,XRZlDxa_6Fg,30.0,background,,,0,0,bg,,,,,Music,0,0,,"Music;Video game sound;Whack, thwack",base
XR_phj91ZLQ_130000,XR_phj91ZLQ,130.0,glass,glass,glass,1,1,real,3.031,5.709,2.678,,Music;Singing,0,0,,Generic impact sounds;Glass;Glass shatter;Music;Singing,base
XSBBqBxv93s_10000,XSBBqBxv93s,10.0,background,,,0,0,bg,,,,,Music;Singing,0,0,,Breathing;Generic impact sounds;Music;Singing;Snoring,base
XSITM-b1D_I_150000,XSITM-b1D_I,150.0,glass,glass,glass,1,1,v1,8.772,9.787,1.015,,Music,0,0,,"Generic impact sounds;Glass shatter;Human voice;Male speech, man speaking;Music;Wind",base
XW-X7qyqoac_0,XW-X7qyqoac,0.0,glass,glass,glass,1,1,real,0.470,1.915,1.445,,,0,0,,"Glass shatter;Male speech, man speaking;Sound effect",base
XW1WkG6ADtQ_30000,XW1WkG6ADtQ,30.0,siren,siren,siren,1,1,v1,0.000,10.000,10.000,Siren,,0,0,,Mechanisms;Siren,base
XZwr8HmxgtE_0,XZwr8HmxgtE,0.0,glass,glass,glass,1,1,v1,2.897,5.139,2.242,,Music,0,0,,Generic impact sounds;Glass shatter;Mechanisms;Music;Surface contact,base
X_DrqXcF6TE_10000,X_DrqXcF6TE,10.0,dog_bark,dog_bark,dog_bark,1,1,real,2.908,3.252,0.344,,,1,0,,Background noise;Bark;Howl;Rattle;Tick;Whimper (dog),base
X_NOxJdFQio_0,X_NOxJdFQio,0.0,background,,,0,0,bg,,,,,Music,0,0,,Male singing;Music,base
Xba87dFvDlk_0,Xba87dFvDlk,0.0,scream,scream,,1,0,v1,2.864,3.853,0.989,,Shout,0,0,,"Conversation;Explosion;Female speech, woman speaking;Male speech, man speaking;Shout;Sound effect",base
XizzHj7xsK8_20000,XizzHj7xsK8,20.0,glass,glass,glass,1,1,real,6.071,8.976,2.905,,Music,0,0,,Glass shatter;Music,base
XkJLnUztPiw_10000,XkJLnUztPiw,10.0,background,,,0,0,bg,,,,,,0,0,,Electronic tuner;Generic impact sounds;Tap;Tick,base
XngB5MAPRgU_0,XngB5MAPRgU,0.0,scream,scream,scream,1,1,real,2.369,3.309,0.940,,Screaming;Shout,0,0,,"Background noise;Female speech, woman speaking;Generic impact sounds;Hair dryer;Human voice;Screaming;Shout",base
Xo6WBR_cFXQ_80000,Xo6WBR_cFXQ,80.0,background,,,0,0,bg,,,,,,0,0,,"Burping, eructation;Speech synthesizer",base
Xp5NyBYp9d0_30000,Xp5NyBYp9d0,30.0,dog_bark,dog_bark,dog_bark,1,1,real,4.504,4.756,0.252,,,1,0,,Background noise;Bark;Bow-wow;Clicking;Motor vehicle (road);Wind noise (microphone),base
Xrvi5_yQ2hU_30000,Xrvi5_yQ2hU,30.0,scream,scream,,1,0,v1,1.565,3.320,1.755,,Shout,0,0,speech;crowd,"Hubbub, speech noise, speech babble;Human voice;Male speech, man speaking;Shout;Speech;Splash, splatter;Waterfall",base
Xtw0P1rQTPM_0,Xtw0P1rQTPM,0.0,background,,,0,0,bg,,,,,,0,0,,"Bird vocalization, bird call, bird song;Breathing;Generic impact sounds;Male speech, man speaking;Mechanisms;Tick",base
XuJYr4I5rcc_2000,XuJYr4I5rcc,2.0,background,,,0,0,bg,,,,,Music,0,0,crowd,"Conversation;Female speech, woman speaking;Hubbub, speech noise, speech babble;Male speech, man speaking;Music",base
XuQ8D-IiCe8_60000,XuQ8D-IiCe8,60.0,background,,,0,0,bg,,,,,,0,0,,"Male speech, man speaking;Run;Traffic noise, roadway noise;Wind",base
XvSCqBpNQL8_30000,XvSCqBpNQL8,30.0,scream,,scream,0,1,real,8.331,8.976,0.645,,Music;Screaming,0,0,,"Female speech, woman speaking;Human sounds;Male speech, man speaking;Mouse;Music;Screaming",base
Y3jl2rTr0v8_20000,Y3jl2rTr0v8,20.0,scream,scream,scream,1,1,real,8.058,8.603,0.545,,Screaming,0,0,,"Child speech, kid speaking;Conversation;Male speech, man speaking;Screaming;Waves, surf;Wind noise (microphone)",base
Y5HE2bm0wB0_30000,Y5HE2bm0wB0,30.0,background,,,0,0,bg,,,,,,0,0,,Idling;Medium engine (mid frequency),base
Y9qO_WWIzfk_540000,Y9qO_WWIzfk,540.0,background,,,0,0,bg,,,,,,0,0,,"Animal;Bird flight, flapping wings;Bird vocalization, bird call, bird song;Coo;Generic impact sounds;Wind",base
YAE9uy93We0_30000,YAE9uy93We0,30.0,background,,,0,0,bg,,,,,Music,0,0,,Music,base
YDkW3a9M6fg_0,YDkW3a9M6fg,0.0,glass,glass,glass,1,1,real,1.217,2.551,1.334,,,0,0,,"Background noise;Generic impact sounds;Glass shatter;Male speech, man speaking;Mechanisms;Sound effect;Tick",base
YFogEjQcm2Y_0,YFogEjQcm2Y,0.0,background,,,0,0,bg,,,,,,0,0,,"Mechanisms;Vehicle horn, car horn, honking, toot",base
YHzyj3erbQs_100000,YHzyj3erbQs,100.0,siren,,siren,0,1,real,0.000,10.000,10.000,Police car (siren),,0,0,,"Generic impact sounds;Male speech, man speaking;Mechanisms;Police car (siren);Tick",base
YKQjywO3pTo_220000,YKQjywO3pTo,220.0,background,,,0,0,bg,,,,,,0,0,,"Breathing;Heart sounds, heartbeat",base
YLCSWudT5bU_30000,YLCSWudT5bU,30.0,dog_bark,dog_bark,dog_bark,1,1,real,2.630,2.890,0.260,,,1,0,,"Bark;Breathing;Chirp, tweet;Cluck;Crowing, cock-a-doodle-doo;Mechanisms;Vehicle horn, car horn, honking, toot",base
YNH6smYCw5c_30000,YNH6smYCw5c,30.0,glass,glass,glass,1,1,real,9.485,10.000,0.515,,Cheering,0,0,crowd,"Background noise;Cheering;Generic impact sounds;Glass shatter;Human voice;Male speech, man speaking;Reverberation;Sound effect;Video game sound",base
YNIr0HEI718_160000,YNIr0HEI718,160.0,siren,,siren,0,1,real,3.444,6.145,2.701,Ambulance (siren),Crowd;Laughter;Music,0,0,crowd;laughter,"Ambulance (siren);Crowd;Female speech, woman speaking;Laughter;Music;Sound effect",base
YQD_I7k5G8A_0,YQD_I7k5G8A,0.0,background,,,0,0,bg,,,,,,0,0,speech,"Female speech, woman speaking;Speech",base
YQpVXhMb6Rg_30000,YQpVXhMb6Rg,30.0,dog_bark,dog_bark,dog_bark,1,1,real,3.315,3.598,0.283,,Music,1,0,,Bark;Howl;Music,base
YSGNq-l_HA8_30000,YSGNq-l_HA8,30.0,background,,,0,0,bg,,,,,,0,0,,"Generic impact sounds;Stream, river",base
YTGADXnqwJI_11000,YTGADXnqwJI,11.0,background,,,0,0,bg,,,,,Music,0,0,,"Generic impact sounds;Male speech, man speaking;Music;Sound effect;Tick;Whip",base
YTf4B_HWkCs_50000,YTf4B_HWkCs,50.0,background,,,0,0,bg,,,,,,0,0,,"Accelerating, revving, vroom;Motorcycle",base
YTfYhjHDasA_0,YTfYhjHDasA,0.0,background,,,0,0,bg,,,,,Music,0,0,,Music,base
YTpjFwvyaYo_0,YTpjFwvyaYo,0.0,siren,siren,siren,1,1,v1,6.489,6.851,0.362,Siren,,0,0,,"Accelerating, revving, vroom;Motor vehicle (road);Siren;Tick",base
YUeBLnHHV-c_100000,YUeBLnHHV-c,100.0,dog_bark,dog_bark,dog_bark,1,1,v1,6.885,9.285,2.400,,,1,0,,"Bark;Generic impact sounds;Male speech, man speaking;Rustle",base
YVStOjC8ovE_390000,YVStOjC8ovE,390.0,scream,scream,,1,0,v1,3.898,5.854,1.956,,Shout,0,0,,Breathing;Generic impact sounds;Mechanisms;Shout;Surface contact,base
YWAgMcFIHkI_0,YWAgMcFIHkI,0.0,glass,glass,glass,1,1,real,1.578,3.655,2.077,,,0,0,,Glass shatter;Mechanisms;Sound effect;Tick,base
YYkxN4jUkjM_20000,YYkxN4jUkjM,20.0,scream,,scream,0,1,real,4.787,10.000,5.213,,Crowd;Screaming,0,0,crowd,"Crowd;Female speech, woman speaking;Male speech, man speaking;Screaming",base
YYphFhNMBCo_0,YYphFhNMBCo,0.0,glass,glass,glass,1,1,v1,4.606,5.874,1.268,,,0,0,,"Background noise;Female speech, woman speaking;Generic impact sounds;Glass shatter;Hammer;Wind noise (microphone)",base
Y_GP5irz4YA_130000,Y_GP5irz4YA,130.0,background,,,0,0,bg,,,,,,0,0,,"Cough;Female speech, woman speaking;Generic impact sounds;Human sounds;Human voice;Male speech, man speaking;Mechanisms",base
YaJlvtUqNiM_10000,YaJlvtUqNiM,10.0,dog_bark,dog_bark,dog_bark,1,1,v1,6.748,7.670,0.922,,,1,0,,Background noise;Bark;Tap,base
YaSqye35vkI_30000,YaSqye35vkI,30.0,scream,,scream,0,1,real,6.952,8.333,1.381,,Crowd;Music;Screaming;Shout,0,0,crowd,Crowd;Male singing;Music;Screaming;Shout,base
YdSkFxsBBWA_80000,YdSkFxsBBWA,80.0,scream,scream,,1,0,v1,1.836,3.226,1.390,,Shout,0,0,,"Artillery fire;Conversation;Generic impact sounds;Male speech, man speaking;Shout;Wind;Wind noise (microphone)",base
Yd_2NDxfbnc_70000,Yd_2NDxfbnc,70.0,glass,glass,glass,1,1,real,0.000,3.227,3.227,,,0,0,,Glass shatter;Mechanisms,base
YfcqyPpEMYI_30000,YfcqyPpEMYI,30.0,background,,,0,0,bg,,,,,,0,0,,"Brief tone;Explosion;Generic impact sounds;Gunshot, gunfire;Human voice;Sound effect;Video game sound",base
Yfs0esue3TI_60000,Yfs0esue3TI,60.0,scream,scream,,1,0,v1,0.346,1.457,1.111,,Shout,0,0,,"Background noise;Bell;Bouncing;Breathing;Generic impact sounds;Male speech, man speaking;Shout",base
YhNl1UyNVUg_290000,YhNl1UyNVUg,290.0,background,,,0,0,bg,,,,,,0,0,,"Background noise;Breathing;Coin (dropping);Generic impact sounds;Male speech, man speaking",base
YimO_dYJBos_0,YimO_dYJBos,0.0,scream,scream,,1,0,v1,0.000,10.000,10.000,,Shout,0,0,crowd,"Background noise;Hubbub, speech noise, speech babble;Shout",base
YkZvk0_Ulvo_20000,YkZvk0_Ulvo,20.0,background,,,0,0,bg,,,,,Music,0,0,,Male singing;Music,base
Ym-MI4AxEAQ_29000,Ym-MI4AxEAQ,29.0,siren,,siren,0,1,real,0.000,9.684,9.684,Civil defense siren,,0,0,,"Civil defense siren;Generic impact sounds;Male speech, man speaking;Surface contact;Wind noise (microphone)",base
Yo_U9CEycKI_250000,Yo_U9CEycKI,250.0,siren,,siren,0,1,real,5.398,10.000,4.602,Ambulance (siren),,0,0,,Ambulance (siren);Generic impact sounds;Thunderstorm;Tick;Wind;Wind noise (microphone),base
Ys6HXg-H0_E_110000,Ys6HXg-H0_E,110.0,scream,,scream,0,1,real,3.313,7.890,4.577,,Applause;Crowd;Music;Screaming,0,0,crowd,Applause;Choir;Crowd;Female singing;Music;Screaming;Whoop,base
YsSiQ4VtpL4_20000,YsSiQ4VtpL4,20.0,glass,glass,glass,1,1,v1,5.693,8.157,2.464,,Music;Shout,0,0,,"Generic impact sounds;Glass shatter;Male speech, man speaking;Music;Run;Shout;Squeal",base
YxsagrXjlwA_30000,YxsagrXjlwA,30.0,dog_bark,dog_bark,dog_bark,1,1,real,5.756,6.052,0.296,,,1,0,,"Animal;Background noise;Bark;Generic impact sounds;Male speech, man speaking;Walk, footsteps",base
YxwulbS_6B0_30000,YxwulbS_6B0,30.0,background,,,0,0,bg,,,,,,0,0,,"Chirp, tweet;Cluck;Insect;Rustle",base
YzJPlnRx9OE_60000,YzJPlnRx9OE,60.0,background,,,0,0,bg,,,,,,0,0,,Clickety-clack;Train,base
Z49rFOicrrU_9000,Z49rFOicrrU,9.0,background,,,0,0,bg,,,,,Music,0,0,,"Male speech, man speaking;Music;Sound effect;Tick;Video game sound;Whoosh, swoosh, swish",base
Z4hqUxb9MmY_160000,Z4hqUxb9MmY,160.0,background,,,0,0,bg,,,,,,0,0,,Sound effect;Synthetic singing,base
Z4mUrpBA1gc_30000,Z4mUrpBA1gc,30.0,background,,,0,0,bg,,,,,,0,0,crying,"Child speech, kid speaking;Crying, sobbing;Generic impact sounds;Mechanisms",base
Z55hpcXVE4M_0,Z55hpcXVE4M,0.0,siren,siren,siren,1,1,v1,0.293,10.000,9.707,Siren,,0,0,,Siren,base
Z578ohN3XPo_12000,Z578ohN3XPo,12.0,scream,scream,,1,0,v1,3.263,4.095,0.832,,Shout,0,0,crowd,"Child speech, kid speaking;Generic impact sounds;Hammer;Hubbub, speech noise, speech babble;Male speech, man speaking;Shout",base
Z63R_DZ6C58_30000,Z63R_DZ6C58,30.0,background,,,0,0,bg,,,,,Music,0,0,,Female singing;Music,base
Z8VEhF6zYFQ_40000,Z8VEhF6zYFQ,40.0,background,,,0,0,bg,,,,,Music,0,0,,Jingle bell;Music,base
ZAY4ptqw4gY_0,ZAY4ptqw4gY,0.0,background,,,0,0,bg,,,,,Music,0,0,,Music;Ringtone,base
ZAZeT-Mcyzs_19000,ZAZeT-Mcyzs,19.0,background,,,0,0,bg,,,,,,0,0,,Rattle;Wind;Wind noise (microphone),base
ZC-YelmRZgc_11000,ZC-YelmRZgc,11.0,dog_bark,dog_bark,dog_bark,1,1,real,2.472,5.253,2.781,,,1,1,,Bark;Dog,base
ZDhUSQ-PJ6M_70000,ZDhUSQ-PJ6M,70.0,background,,,0,0,bg,,,,,,0,0,,Generic impact sounds;Noise;Sewing machine;Tick,base
ZEcHjfnf_xY_40000,ZEcHjfnf_xY,40.0,background,,,0,0,bg,,,,,,0,0,,Mechanical fan,base
ZFKOioQUI1A_30000,ZFKOioQUI1A,30.0,scream,scream,,1,0,v1,7.804,10.000,2.196,,Shout,0,0,speech,"Generic impact sounds;Shout;Speech;Tick;Traffic noise, roadway noise;Whip",base
ZGbYhHsna_w_210000,ZGbYhHsna_w,210.0,scream,scream,,1,0,v1,9.624,10.000,0.376,,Shout,0,0,,Background noise;Breathing;Female singing;Shout;Spray;Surface contact;Tap,base
ZMbZzLMD7Fg_20000,ZMbZzLMD7Fg,20.0,glass,glass,glass,1,1,real,5.197,5.591,0.394,,Music,0,0,,"Background noise;Generic impact sounds;Glass shatter;Gunshot, gunfire;Human voice;Mechanisms;Music",base
ZPgUYceElME_0,ZPgUYceElME,0.0,background,,,0,0,bg,,,,,,0,0,,"Generic impact sounds;Vehicle horn, car horn, honking, toot;Wind",base
ZPor2J2OPd8_20000,ZPor2J2OPd8,20.0,dog_bark,dog_bark,dog_bark,1,1,real,5.260,6.084,0.824,,,1,0,,"Background noise;Bark;Breathing;Female speech, woman speaking;Generic impact sounds;Thump, thud",base
ZQ1-3PnmbSs_30000,ZQ1-3PnmbSs,30.0,siren,siren,siren,1,1,v1,0.000,10.000,10.000,Siren,,0,0,,Siren,base
ZQFZLu-D3bE_500000,ZQFZLu-D3bE,500.0,scream,,scream,0,1,real,0.840,2.874,2.034,,Music;Screaming;Shout,0,0,,"Background noise;Male speech, man speaking;Music;Screaming;Shout;Sound effect;Whack, thwack",base
ZQHk_N7KW_8_30000,ZQHk_N7KW_8,30.0,dog_bark,dog_bark,dog_bark,1,1,v1,0.378,0.961,0.583,,,1,1,,Bark;Dog;Generic impact sounds;Mechanisms;Wind;Yip,base
ZRSONKUlQc8_2000,ZRSONKUlQc8,2.0,glass,glass,glass,1,1,real,2.557,3.662,1.105,,,0,0,,Background noise;Glass shatter;Sound effect;Whispering,base
ZRbYpJDSQWk_10000,ZRbYpJDSQWk,10.0,dog_bark,dog_bark,dog_bark,1,1,v1,1.557,3.021,1.464,,,1,1,,Background noise;Bark;Breathing;Dog;Generic impact sounds,base
ZXaQyPpnC3M_14000,ZXaQyPpnC3M,14.0,background,,,0,0,bg,,,,,,0,0,,Bird;Noise,base
ZXwStDzb0Ew_30000,ZXwStDzb0Ew,30.0,background,,,0,0,bg,,,,,,0,0,,"Conversation;Male speech, man speaking;Mechanisms;Tick;Walk, footsteps",base
ZYa5SoBIXfE_0,ZYa5SoBIXfE,0.0,siren,siren,siren,1,1,real,2.909,10.000,7.091,Siren,,0,0,,"Environmental noise;Siren;Tire squeal, skidding;Train horn",base
ZZicy82xi-I_450000,ZZicy82xi-I,450.0,dog_bark,dog_bark,,1,0,v1,2.625,3.261,0.636,,,0,1,dog_nonbark,Dog;Mechanisms;Yawn,base
Z_JyNgNxFJs_150000,Z_JyNgNxFJs,150.0,background,,,0,0,bg,,,,,,0,0,,"Breathing;Chewing, mastication;Female speech, woman speaking;Generic impact sounds;Human sounds;Mechanical fan;Tick",base
ZaDHcQj07Ik_50000,ZaDHcQj07Ik,50.0,scream,scream,,1,0,v1,5.395,5.976,0.581,,Shout,0,0,,"Generic impact sounds;Groan;Male speech, man speaking;Mechanisms;Shout;Tools;Walk, footsteps",base
ZaXBLAb93Cg_0,ZaXBLAb93Cg,0.0,glass,glass,glass,1,1,real,4.514,5.066,0.552,,Music,0,0,,"Glass shatter;Human voice;Male speech, man speaking;Music;Sound effect",base
Zgze8O30dkg_30000,Zgze8O30dkg,30.0,scream,scream,,1,0,v1,6.762,7.352,0.590,,Shout,0,0,,"Basketball bounce;Conversation;Male speech, man speaking;Shout;Squeak",base
ZhQAdMJtcsQ_30000,ZhQAdMJtcsQ,30.0,dog_bark,dog_bark,dog_bark,1,1,real,9.157,9.559,0.402,,,1,0,,"Bark;Bleat;Female speech, woman speaking;Generic impact sounds;Human voice;Wind noise (microphone)",base
ZiVSFtXqYkI_30000,ZiVSFtXqYkI,30.0,background,,,0,0,bg,,,,,Clapping;Crowd,0,0,crowd,"Background noise;Clapping;Crowd;Male speech, man speaking;Slosh;Whoop",base
Zk435Fd5TMA_210000,Zk435Fd5TMA,210.0,scream,scream,scream,1,1,v1,5.567,5.937,0.370,,Screaming,0,0,,"Background noise;Breathing;Clicking;Female speech, woman speaking;Male speech, man speaking;Screaming;Sound effect;Video game sound",base
ZkY9nnuiXrs_30000,ZkY9nnuiXrs,30.0,siren,siren,siren,1,1,v1,2.918,10.000,7.082,Siren,,0,0,,"Breathing;Cough;Human sounds;Male speech, man speaking;Mechanisms;Siren;Tick",base
Zo4m4VRKPLE_200000,Zo4m4VRKPLE,200.0,background,,,0,0,bg,,,,,,0,0,,Generic impact sounds;Mechanisms;Purr;Tick,base
Zs7bGyfBlFY_10000,Zs7bGyfBlFY,10.0,dog_bark,dog_bark,dog_bark,1,1,real,2.659,2.957,0.298,,,1,0,,"Bark;Child singing;Conversation;Growling;Male speech, man speaking;Mechanisms;Television",base
ZvrYha-5jqY_20000,ZvrYha-5jqY,20.0,dog_bark,dog_bark,dog_bark,1,1,v1,2.980,3.170,0.190,,,1,0,,"Bark;Bicycle, tricycle;Child speech, kid speaking;Environmental noise;Generic impact sounds;Male speech, man speaking;Motor vehicle (road)",base
ZwfFTYNrrlg_190000,ZwfFTYNrrlg,190.0,siren,siren,siren,1,1,real,0.000,10.000,10.000,Siren,,0,0,,Emergency vehicle;Siren,base
ZyyHdr3zzCE_400000,ZyyHdr3zzCE,400.0,background,,,0,0,bg,,,,,Laughter,0,0,laughter,"Female speech, woman speaking;Groan;Gunshot, gunfire;Laughter;Machine gun;Male speech, man speaking;Mechanisms;Video game sound",base
_-SZcJ5AcSc_30000,_-SZcJ5AcSc,30.0,dog_bark,dog_bark,dog_bark,1,1,real,3.041,4.196,1.155,,,1,0,,"Background noise;Bark;Female speech, woman speaking",base
_10I-XUMOoA_30000,_10I-XUMOoA,30.0,dog_bark,dog_bark,dog_bark,1,1,v1,3.943,5.282,1.339,,,1,1,,Bark;Dog;Generic impact sounds;Television,base
_574DmI8cwc_150000,_574DmI8cwc,150.0,glass,glass,glass,1,1,v1,2.528,4.307,1.779,,,0,0,,"Clicking;Conversation;Generic impact sounds;Glass shatter;Male speech, man speaking;Mechanisms",base
_9TFhtv33HI_510000,_9TFhtv33HI,510.0,siren,siren,siren,1,1,v1,0.213,10.000,9.787,Siren,,0,0,,"Conversation;Female speech, woman speaking;Generic impact sounds;Male speech, man speaking;Siren;Surface contact;Vehicle",base
_9jSjT7_Jk0_30000,_9jSjT7_Jk0,30.0,background,,,0,0,bg,,,,,,0,0,speech,"Background noise;Generic impact sounds;Male speech, man speaking;Speech;Squeal",base
_AZNNxLQt1o_10000,_AZNNxLQt1o,10.0,dog_bark,dog_bark,dog_bark,1,1,v1,5.363,5.810,0.447,,,1,0,,"Animal;Bark;Conversation;Coo;Female speech, woman speaking;Male speech, man speaking;Mechanisms;Tick",base
_CGL2EJHjnw_160000,_CGL2EJHjnw,160.0,background,,,0,0,bg,,,,,,0,0,,"Clicking;Generic impact sounds;Human voice;Power saw, circular saw, table saw;Surface contact",base
_FYsarL1s8U_330000,_FYsarL1s8U,330.0,background,,,0,0,bg,,,,,,0,0,,Background noise;Generic impact sounds;Telephone,base
_HI3iBcjSTY_100000,_HI3iBcjSTY,100.0,background,,,0,0,bg,,,,,,0,0,,"Male speech, man speaking;Mechanical fan;Wind noise (microphone)",base
_Helz5tv43o_30000,_Helz5tv43o,30.0,background,,,0,0,bg,,,,,Music,0,0,,Background noise;Choir;Music;Tick,base
_IKDpwWBL1Q_330000,_IKDpwWBL1Q,330.0,scream,,scream,0,1,real,3.748,5.299,1.551,,Music;Screaming,0,0,alarm,"Alarm;Fusillade;Generic impact sounds;Gunshot, gunfire;Male speech, man speaking;Music;Screaming;Video game sound;Walk, footsteps",base
_JVCx2eKrcI_100000,_JVCx2eKrcI,100.0,background,,,0,0,bg,,,,,,0,0,,Clickety-clack;Train,base
_K527DTN324_30000,_K527DTN324,30.0,siren,,siren,0,1,real,6.913,10.000,3.087,"Fire engine, fire truck (siren)",,0,0,,"Air horn, truck horn;Fire engine, fire truck (siren);Truck",base
_Lp3GC-zxCA_30000,_Lp3GC-zxCA,30.0,background,,,0,0,bg,,,,,,0,0,,"Bird;Male speech, man speaking;Wind noise (microphone)",base
_LwBb_IsG5g_30000,_LwBb_IsG5g,30.0,scream,scream,scream,1,1,real,7.407,9.274,1.867,,Screaming,0,0,,"Background noise;Gasp;Human voice;Screaming;Wail, moan",base
_MZN-wd30Aw_440000,_MZN-wd30Aw,440.0,background,,,0,0,bg,,,,,,0,0,,"Background noise;Basketball bounce;Breathing;Generic impact sounds;Male speech, man speaking",base
_NDbOte9tZY_50000,_NDbOte9tZY,50.0,background,,,0,0,bg,,,,,Giggle,0,0,,"Background noise;Child speech, kid speaking;Giggle;Male speech, man speaking",base
_NMg4AgqA4g_11000,_NMg4AgqA4g,11.0,dog_bark,dog_bark,,1,0,v1,7.313,7.807,0.494,,,0,1,dog_nonbark,Dog;Howl;Human voice;Mechanisms;Pant (dog),base
_O-IJMaaUzk_170000,_O-IJMaaUzk,170.0,siren,,siren,0,1,real,0.008,10.000,9.992,"Fire engine, fire truck (siren)",,0,0,,"Female speech, woman speaking;Fire engine, fire truck (siren);Generic impact sounds;Idling;Male speech, man speaking;Tap",base
_PdAlY9N0as_29000,_PdAlY9N0as,29.0,background,,,0,0,bg,,,,,Music,0,0,,Music;Shuffle,base
_RSS5-XpW8Q_0,_RSS5-XpW8Q,0.0,background,,,0,0,bg,,,,,Cheering,0,0,crowd,"Cheering;Hubbub, speech noise, speech babble;Tick;Whistling",base
_SWEqT-a_KQ_210000,_SWEqT-a_KQ,210.0,siren,,siren,0,1,real,0.000,10.000,10.000,Civil defense siren,,0,0,,Civil defense siren;Wind;Wind noise (microphone),base
_TQOGMVs0C0_21000,_TQOGMVs0C0,21.0,siren,siren,siren,1,1,v1,0.000,9.465,9.465,Siren,,0,0,,Siren,base
_U7rWEsqHKs_300000,_U7rWEsqHKs,300.0,scream,scream,,1,0,v1,6.877,8.022,1.145,,Shout,0,0,,"Artillery fire;Male speech, man speaking;Shout;Tap;Whispering",base
_UyP10NBybA_0,_UyP10NBybA,0.0,dog_bark,dog_bark,,1,0,v1,7.040,10.000,2.960,,,0,1,dog_nonbark,Dog;Mechanisms,base
_V7kXsnnwKI_14000,_V7kXsnnwKI,14.0,glass,glass,glass,1,1,real,3.807,6.173,2.366,,,0,0,,Explosion;Generic impact sounds;Glass shatter;Sound effect,base
_WLSxaduG4Q_30000,_WLSxaduG4Q,30.0,background,,,0,0,bg,,,,,,0,0,,"Breathing;Caterwaul;Female speech, woman speaking;Generic impact sounds;Mechanisms",base
_ag5I7XMGwc_20000,_ag5I7XMGwc,20.0,background,,,0,0,bg,,,,,Music,0,0,,"Busy signal;Conversation;Female speech, woman speaking;Generic impact sounds;Human voice;Male speech, man speaking;Music;Telephone dialing, DTMF",base
_cVdHTXPrjs_30000,_cVdHTXPrjs,30.0,background,,,0,0,bg,,,,,,0,0,,Alarm clock,base
_ccKK4deUv4_70000,_ccKK4deUv4,70.0,glass,glass,glass,1,1,real,5.900,7.261,1.361,,Music,0,0,,"Generic impact sounds;Glass shatter;Male speech, man speaking;Mechanisms;Music",base
_ceH9WCxneM_180000,_ceH9WCxneM,180.0,background,,,0,0,bg,,,,,,0,0,,"Dishes, pots, and pans;Male speech, man speaking;Mechanisms;Stir",base
_dcKpGeFHUg_100000,_dcKpGeFHUg,100.0,dog_bark,dog_bark,,1,0,v1,2.566,3.266,0.700,,Laughter,0,1,dog_nonbark;laughter,"Background noise;Breathing;Dog;Female speech, woman speaking;Laughter",base
_hMJSLg00MQ_320000,_hMJSLg00MQ,320.0,background,,,0,0,bg,,,,,Music,0,0,,Chorus effect;Music,base
_iQcKJGAYu8_40000,_iQcKJGAYu8,40.0,background,,,0,0,bg,,,,,,0,0,,Clickety-clack;Generic impact sounds;Tick;Train,base
_juU9h9ktS4_30000,_juU9h9ktS4,30.0,background,,,0,0,bg,,,,,,0,0,,"Background noise;Breathing;Generic impact sounds;Male speech, man speaking;Surface contact;Telephone bell ringing;Thump, thud;Tick",base
_jvYYX007Oc_30000,_jvYYX007Oc,30.0,scream,scream,,1,0,v1,6.238,7.780,1.542,,Shout,0,0,,Breathing;Mechanisms;Shout,base
_qklAOZX1EA_30000,_qklAOZX1EA,30.0,background,,,0,0,bg,,,,,Music,0,0,,Human sounds;Music;Sound effect;Video game sound,base
_qp7s4y4_io_10000,_qp7s4y4_io,10.0,dog_bark,dog_bark,dog_bark,1,1,real,2.756,3.055,0.299,,,1,0,,"Background noise;Bark;Caw;Chirp, tweet;Engine starting;Generic impact sounds;Mechanisms;Thump, thud",base
_rknDhfHMdg_0,_rknDhfHMdg,0.0,background,,,0,0,bg,,,,,,0,0,,"Bird flight, flapping wings;Bird vocalization, bird call, bird song;Generic impact sounds;Pigeon, dove;Tap;Wind",base
_w2CcXBmkK0_1000,_w2CcXBmkK0,1.0,background,,,0,0,bg,,,,,Giggle,0,0,,Explosion;Fire;Giggle;Sound effect,base
_yJHk260i-w_190000,_yJHk260i-w,190.0,scream,scream,,1,0,v1,2.283,6.433,4.150,,Shout,0,0,,"Male speech, man speaking;Mechanisms;Rain on surface;Shout;Thunderstorm;Tick",base
_ySR95oDBh4_18000,_ySR95oDBh4,18.0,siren,,siren,0,1,real,0.000,9.854,9.854,Civil defense siren,,0,0,,Civil defense siren;Clicking;Surface contact,base
a-Wa8ixFaYM_40000,a-Wa8ixFaYM,40.0,dog_bark,dog_bark,dog_bark,1,1,real,6.411,7.213,0.802,,,1,0,,"Background noise;Bark;Generic impact sounds;Scrape;Walk, footsteps",base
a1prpXskZLo_10000,a1prpXskZLo,10.0,dog_bark,dog_bark,,1,0,v1,8.430,10.000,1.570,,,0,1,dog_nonbark,Animal;Background noise;Dog;Generic impact sounds;Growling;Pant (dog),base
a33Jk-vkHzI_110000,a33Jk-vkHzI,110.0,scream,,scream,0,1,real,3.904,6.732,2.828,,Music;Screaming,0,0,crowd,"Female singing;Hubbub, speech noise, speech babble;Music;Screaming;Whoop",base
a539A4spIg4_30000,a539A4spIg4,30.0,siren,siren,siren,1,1,real,0.000,6.732,6.732,Siren,,0,0,,Medium engine (mid frequency);Siren;Wind,base
a5Bg2ChYz4w_160000,a5Bg2ChYz4w,160.0,dog_bark,dog_bark,dog_bark,1,1,real,5.756,10.000,4.244,,,1,0,,"Bark;Cowbell;Male speech, man speaking;Wind noise (microphone)",base
a5a4UvjazJI_0,a5a4UvjazJI,0.0,siren,siren,siren,1,1,v1,0.397,10.000,9.603,Siren,,0,0,,"Background noise;Female speech, woman speaking;Generic impact sounds;Male speech, man speaking;Siren;Surface contact",base
a9YRxHw5GBY_30000,a9YRxHw5GBY,30.0,background,,,0,0,bg,,,,,,0,0,,Mechanisms;Tick;Typewriter,base
aA3ud8IBU8w_40000,aA3ud8IBU8w,40.0,dog_bark,dog_bark,,1,0,v1,1.524,2.922,1.398,,,0,1,dog_nonbark,Background noise;Dog;Growling;Surface contact;Tap;Wind noise (microphone),base
aANNPOBlm-w_30000,aANNPOBlm-w,30.0,background,,,0,0,bg,,,,,,0,0,,Background noise;Breathing;Whistling,base
aDOvhO6hodo_0,aDOvhO6hodo,0.0,background,,,0,0,bg,,,,,Music,0,0,speech,Music;Speech;Tick;Wind chime,base
aDpN70rcIn0_40000,aDpN70rcIn0,40.0,dog_bark,dog_bark,dog_bark,1,1,real,2.261,5.818,3.557,,,1,0,,Background noise;Bark;Pig,base
aJDz-QwrBUI_180000,aJDz-QwrBUI,180.0,background,,,0,0,bg,,,,,,0,0,,Generic impact sounds;Mechanisms;Whir,base
aJEJoDEM8j4_150000,aJEJoDEM8j4,150.0,background,,,0,0,bg,,,,,,0,0,,"Coin (dropping);Generic impact sounds;Male speech, man speaking;Mechanisms;Tick;Water",base
aJWifLTNYz0_170000,aJWifLTNYz0,170.0,glass,glass,glass,1,1,v1,8.156,10.000,1.844,,Crowd;Shout,0,0,crowd,"Background noise;Crowd;Glass shatter;Noise;Shout;Slap, smack;Speech synthesizer;Thump, thud",base
aJm5QDhteMA_90000,aJm5QDhteMA,90.0,glass,glass,glass,1,1,real,0.000,1.798,1.798,,Music,0,0,,"Beep, bleep;Generic impact sounds;Glass shatter;Music;Speech synthesizer;Static",base
aMeC0LnqHNQ_30000,aMeC0LnqHNQ,30.0,dog_bark,dog_bark,dog_bark,1,1,v1,8.381,8.714,0.333,,Laughter,1,1,laughter,"Background noise;Bark;Dog;Generic impact sounds;Goat;Laughter;Male speech, man speaking",base
aPHp7BSnVl4_0,aPHp7BSnVl4,0.0,background,,,0,0,bg,,,,,,0,0,,"Accelerating, revving, vroom;Car;Generic impact sounds",base
aPypIBYv-7A_30000,aPypIBYv-7A,30.0,background,,,0,0,bg,,,,,Music,0,0,,Mechanisms;Music;Tap dance,base
aRZCpRjB3Gc_360000,aRZCpRjB3Gc,360.0,background,,,0,0,bg,,,,,,0,0,,"Breathing;Female speech, woman speaking;Gasp;Generic impact sounds;Walk, footsteps;Water",base
aRtRDSCzMtc_50000,aRtRDSCzMtc,50.0,background,,,0,0,bg,,,,,,0,0,,"Bird;Bird vocalization, bird call, bird song;Chirp, tweet",base
aSeTrPBfRSY_400000,aSeTrPBfRSY,400.0,background,,,0,0,bg,,,,,Music,0,0,,Hair dryer;Music,base
aUpcJRI1NyE_430000,aUpcJRI1NyE,430.0,background,,,0,0,bg,,,,,,0,0,,"Stream, river;Waterfall;Wind",base
aVPZm16V3D4_130000,aVPZm16V3D4,130.0,scream,scream,,1,0,v1,1.872,2.863,0.991,,Shout,0,0,,"Camera;Male speech, man speaking;Noise;Shout;Sound effect;Tick",base
aVerzZNW59g_30000,aVerzZNW59g,30.0,background,,,0,0,bg,,,,,,0,0,,"Child speech, kid speaking;Rain on surface",base
aVl27PIpD2Y_30000,aVl27PIpD2Y,30.0,background,,,0,0,bg,,,,,Music,0,0,,"Beep, bleep;Female speech, woman speaking;Heart sounds, heartbeat;Male speech, man speaking;Music;Tick",base
aZZNob1cm_s_20000,aZZNob1cm_s,20.0,scream,scream,scream,1,1,real,8.252,9.213,0.961,,Screaming,0,0,,Generic impact sounds;Howl (wind);Mechanical fan;Screaming;Sound effect;Wind noise (microphone),base
a_mdhaQPQ3w_60000,a_mdhaQPQ3w,60.0,siren,,siren,0,1,real,8.866,10.000,1.134,Police car (siren),,0,0,,Background noise;Police car (siren),base
aaHQvF9vZjo_30000,aaHQvF9vZjo,30.0,siren,,siren,0,1,real,0.000,10.000,10.000,Police car (siren),,0,0,,"Human voice;Male speech, man speaking;Police car (siren);Video game sound",base
aaiQ1YYV49U_16000,aaiQ1YYV49U,16.0,siren,,siren,0,1,real,0.000,9.008,9.008,Civil defense siren,,0,0,,Animal;Civil defense siren;Howl,base
ab7Mg_E9Lgc_30000,ab7Mg_E9Lgc,30.0,background,,,0,0,bg,,,,,Music,0,0,,Music,base
acCXxD5SyJs_150000,acCXxD5SyJs,150.0,background,,,0,0,bg,,,,,,0,0,,"Gasp;Male speech, man speaking;Mechanisms",base
adb8gCSmNac_200000,adb8gCSmNac,200.0,glass,glass,glass,1,1,v1,2.718,3.704,0.986,,,0,0,,"Generic impact sounds;Glass shatter;Gunshot, gunfire;Human sounds;Male speech, man speaking;Video game sound",base
aemciv8kSR8_70000,aemciv8kSR8,70.0,scream,scream,,1,0,v1,0.000,1.243,1.243,,Shout,0,0,speech;crying,"Breathing;Crying, sobbing;Female speech, woman speaking;Gasp;Generic impact sounds;Human sounds;Mechanisms;Shout;Speech;Tick",base
ahIsowp1HjA_20000,ahIsowp1HjA,20.0,background,,,0,0,bg,,,,,,0,0,crying,"Baby laughter;Breathing;Crying, sobbing;Gasp;Hiccup;Male speech, man speaking;Mechanisms;Television",base
ahKDdsWVcsk_30000,ahKDdsWVcsk,30.0,dog_bark,dog_bark,dog_bark,1,1,real,1.386,2.004,0.618,,,1,0,,Bark;Generic impact sounds;Growling;Human voice;Mechanisms;Tick,base
akXSpj4rIJM_30000,akXSpj4rIJM,30.0,background,,,0,0,bg,,,,,Music,0,0,,Music,base
akjMQB5tOc8_320000,akjMQB5tOc8,320.0,background,,,0,0,bg,,,,,Clapping;Laughter;Music,0,0,laughter,Clapping;Human voice;Laughter;Music,base
altyiJeciMU_16000,altyiJeciMU,16.0,background,,,0,0,bg,,,,,,0,0,,"Beep, bleep;Insect;Video game sound;Walk, footsteps",base
amVK2sguBOc_20000,amVK2sguBOc,20.0,glass,glass,glass,1,1,v1,7.551,9.225,1.674,,Music;Singing,0,0,,"Breaking;Glass shatter;Male speech, man speaking;Music;Singing",base
any_BkjpB4A_360000,any_BkjpB4A,360.0,background,,,0,0,bg,,,,,,0,0,,"Male speech, man speaking;Mechanisms;Tap",base
aoNt0dlHj3A_10000,aoNt0dlHj3A,10.0,dog_bark,dog_bark,dog_bark,1,1,real,9.883,10.000,0.117,,,1,0,,"Animal;Bark;Breathing;Generic impact sounds;Male speech, man speaking;Motor vehicle (road);Whimper (dog)",base
arGohi2laNg_1000,arGohi2laNg,1.0,scream,,scream,0,1,real,0.960,4.185,3.225,,Laughter;Screaming,0,0,laughter,"Beep, bleep;Explosion;Laughter;Male speech, man speaking;Screaming",base
arevYmB0qGg_30000,arevYmB0qGg,30.0,background,,,0,0,bg,,,,,,0,0,,Bell;Train;Train horn,base
attAx_iqrPk_0,attAx_iqrPk,0.0,dog_bark,dog_bark,dog_bark,1,1,v1,2.386,3.059,0.673,,,1,0,,Background noise;Bark;Generic impact sounds;Growling,base
au-p1qd6oFs_10000,au-p1qd6oFs,10.0,dog_bark,dog_bark,dog_bark,1,1,v1,7.986,8.266,0.280,,Laughter;Music,1,0,laughter,"Background noise;Bark;Breathing;Female singing;Female speech, woman speaking;Laughter;Music",base
aucxMR5phu4_60000,aucxMR5phu4,60.0,background,,,0,0,bg,,,,,Music,0,0,,Female singing;Music;Tick,base
axRUQGQeBkE_10000,axRUQGQeBkE,10.0,glass,glass,glass,1,1,real,5.896,7.832,1.936,,,0,0,,"Background noise;Breathing;Glass shatter;Male speech, man speaking;Surface contact;Tick",base
azGkKV6Qn58_170000,azGkKV6Qn58,170.0,background,,,0,0,bg,,,,,,0,0,,"Bicycle, tricycle;Breathing;Conversation;Male speech, man speaking;Wind noise (microphone)",base
azs9TzisMew_20000,azs9TzisMew,20.0,siren,siren,siren,1,1,v1,3.535,5.520,1.985,Siren,,0,0,,Mechanisms;Mouse;Siren;Tap,base
b-3TGASoG04_6000,b-3TGASoG04,6.0,background,,,0,0,bg,,,,,,0,0,,Foghorn;Ship;Wind noise (microphone),base
b1X9HsotKag_160000,b1X9HsotKag,160.0,background,,,0,0,bg,,,,,Applause;Cheering,0,0,crowd,"Applause;Background noise;Cheering;Male speech, man speaking;Single-lens reflex camera;Sound effect;Tick;Whoop",base
b4ZbmYukpd4_14000,b4ZbmYukpd4,14.0,siren,siren,siren,1,1,v1,0.000,9.380,9.380,Siren,,0,0,,Siren,base
b6B96XkfKL8_30000,b6B96XkfKL8,30.0,background,,,0,0,bg,,,,,Music,0,0,,"Bird vocalization, bird call, bird song;Croak;Male speech, man speaking;Music;Water",base
b86e1SHl4X0_140000,b86e1SHl4X0,140.0,background,,,0,0,bg,,,,,Music,0,0,,Breathing;Female singing;Music,base
b9R1LprZs6E_40000,b9R1LprZs6E,40.0,background,,,0,0,bg,,,,,,0,0,,"Generic impact sounds;Mechanisms;Sanding;Scrape;Thump, thud",base
b9heYYJ4PUE_30000,b9heYYJ4PUE,30.0,glass,glass,glass,1,1,v1,5.836,6.908,1.072,,,0,0,,"Generic impact sounds;Glass shatter;Male speech, man speaking;Mechanisms",base
bAQlZWSRWZ0_260000,bAQlZWSRWZ0,260.0,dog_bark,dog_bark,,1,0,v1,2.533,3.284,0.751,,,0,1,dog_nonbark,Dog;Noise,base
bAl-i0g7rUM_0,bAl-i0g7rUM,0.0,glass,glass,glass,1,1,v1,5.431,7.027,1.596,,,0,0,,Glass shatter,base
bBM1FprsYqc_30000,bBM1FprsYqc,30.0,background,,,0,0,bg,,,,,,0,0,,"Conversation;Generic impact sounds;Male speech, man speaking;Mechanisms;Mouse;Tick",base
bBnRVr0Ane8_0,bBnRVr0Ane8,0.0,glass,glass,glass,1,1,v1,7.431,8.738,1.307,,Music,0,0,,"Generic impact sounds;Glass shatter;Male speech, man speaking;Music",base
bEDOTWdjLBA_30000,bEDOTWdjLBA,30.0,siren,siren,siren,1,1,v1,0.000,6.626,6.626,Siren,,0,0,crowd,"Background noise;Bicycle, tricycle;Hubbub, speech noise, speech babble;Male speech, man speaking;Mechanisms;Siren;Tick",base
bF3Di1GjhWg_30000,bF3Di1GjhWg,30.0,dog_bark,dog_bark,dog_bark,1,1,v1,8.634,9.257,0.623,,,1,0,,"Animal;Background noise;Bark;Bird vocalization, bird call, bird song;Human voice;Surface contact",base
bGP2roGkxTk_30000,bGP2roGkxTk,30.0,siren,siren,siren,1,1,real,8.724,10.000,1.276,Siren,,0,0,,Clicking;Generic impact sounds;Reverberation;Siren;Surface contact;Wind,base
bHfPVlZDGi8_280000,bHfPVlZDGi8,280.0,glass,glass,glass,1,1,v1,2.385,4.056,1.671,,,0,0,,"Background noise;Breaking;Breathing;Conversation;Generic impact sounds;Glass shatter;Male speech, man speaking;Video game sound;Whack, thwack",base
bIU0X1v4SF0_60000,bIU0X1v4SF0,60.0,siren,siren,siren,1,1,v1,0.000,4.482,4.482,Siren,,0,0,crowd,"Battle cry;Emergency vehicle;Hubbub, speech noise, speech babble;Siren;Traffic noise, roadway noise",base
bJdzaXTBdvU_130000,bJdzaXTBdvU,130.0,scream,scream,,1,0,v1,2.588,3.890,1.302,,Shout,0,0,,"Boing;Breathing;Child speech, kid speaking;Conversation;Male speech, man speaking;Mechanisms;Shout;Sound effect;Tick",base
bK1r1Ya1IyE_8000,bK1r1Ya1IyE,8.0,background,,,0,0,bg,,,,,Cheering;Clapping;Crowd,0,0,crowd,Cheering;Clapping;Crowd;Generic impact sounds;Squeal,base
bKWc8u79cfg_570000,bKWc8u79cfg,570.0,background,,,0,0,bg,,,,,,0,0,,Cowbell;Moo;Wind;Wind noise (microphone),base
bL9nA0tL3GY_160000,bL9nA0tL3GY,160.0,background,,,0,0,bg,,,,,Music,0,0,,"Background noise;Breathing;Male singing;Male speech, man speaking;Music",base
bMP3qOSuk-A_120000,bMP3qOSuk-A,120.0,scream,scream,siren,1,1,v1,0.000,0.720,0.720,"Fire engine, fire truck (siren)",Shout,0,0,,"Explosion;Fire engine, fire truck (siren);Human voice;Male speech, man speaking;Shout;Tick;Wind;Wind noise (microphone)",base
bN3ipVSpvIo_0,bN3ipVSpvIo,0.0,glass,glass,glass,1,1,real,0.000,7.052,7.052,,,0,0,,Glass shatter,base
bNsie1YiF9o_240000,bNsie1YiF9o,240.0,scream,,scream,0,1,real,6.311,9.298,2.987,,Music;Screaming,0,0,,Music;Screaming,base
bPcU2e209io_0,bPcU2e209io,0.0,scream,,scream,0,1,real,8.449,10.000,1.551,,Music;Screaming,0,0,,"Chirp, tweet;Mechanisms;Music;Screaming;Sound effect;Tap;Tick",base
bQ22UR8T81s_190000,bQ22UR8T81s,190.0,background,,,0,0,bg,,,,,Music,0,0,,Music;Sound effect,base
bT2Wz3uVWB8_140000,bT2Wz3uVWB8,140.0,background,,,0,0,bg,,,,,,0,0,,"Conversation;Male speech, man speaking;Mechanisms;Telephone;Telephone bell ringing",base
bTLrBsAy-cE_30000,bTLrBsAy-cE,30.0,background,,,0,0,bg,,,,,Music,0,0,,"Creak;Male speech, man speaking;Mechanisms;Music;Purr",base
bUWowdixo9s_20000,bUWowdixo9s,20.0,scream,,scream,0,1,real,1.533,10.000,8.467,,Crowd;Music;Screaming;Shout,0,0,crowd,"Brief tone;Crowd;Generic impact sounds;Male speech, man speaking;Music;Screaming;Shout;Tick;Whistling",base
bV5VbEBECeM_20000,bV5VbEBECeM,20.0,dog_bark,dog_bark,dog_bark,1,1,v1,6.780,7.617,0.837,,,1,1,,Background noise;Bark;Dog;Generic impact sounds;Growling;Squeak;Tick,base
bXSvCQ9BR68_0,bXSvCQ9BR68,0.0,background,,,0,0,bg,,,,,,0,0,,"Generic impact sounds;Mechanisms;Surface contact;Water tap, faucet",base
b_AZZlJlFXQ_20000,b_AZZlJlFXQ,20.0,scream,scream,,1,0,v1,3.052,4.254,1.202,,Shout,0,0,,"Conversation;Male speech, man speaking;Run;Shout;Wind",base
balbL1tffug_180000,balbL1tffug,180.0,scream,scream,,1,0,v1,7.933,9.204,1.271,,Shout,0,0,crying,"Crying, sobbing;Male speech, man speaking;Shout;Sound effect",base
bbxp9tV1Qr0_320000,bbxp9tV1Qr0,320.0,background,,,0,0,bg,,,,,Music,0,0,,Music;Speech synthesizer;Video game sound,base
bccPl4il_Oc_0,bccPl4il_Oc,0.0,scream,scream,scream,1,1,v1,7.230,8.053,0.823,,Screaming,0,0,,"Accelerating, revving, vroom;Conversation;Female speech, woman speaking;Male speech, man speaking;Medium engine (mid frequency);Screaming;Splash, splatter;Wind;Wind noise (microphone)",base
bjm_ZVKLJIA_10000,bjm_ZVKLJIA,10.0,siren,siren,siren,1,1,v1,0.000,8.016,8.016,Siren,,0,0,,Background noise;Generic impact sounds;Siren;Tap,base
bkqywe-Y-8k_450000,bkqywe-Y-8k,450.0,scream,scream,scream,1,1,real,0.000,1.921,1.921,,Screaming,0,0,,Grunt;Screaming;Sound effect;Video game sound,base
blWnJ5ZOOig_30000,blWnJ5ZOOig,30.0,background,,,0,0,bg,,,,,Crowd;Music,0,0,speech;crowd,"Crowd;Female speech, woman speaking;Generic impact sounds;Human sounds;Human voice;Music;Speech",base
bnpWd90vruo_30000,bnpWd90vruo,30.0,background,,,0,0,bg,,,,,,0,0,,"Male speech, man speaking;Mechanisms;Tick;Tick-tock",base
bnqLlneSoD4_19000,bnqLlneSoD4,19.0,siren,siren,siren,1,1,v1,0.000,9.166,9.166,Siren,,0,0,,"Chirp, tweet;Generic impact sounds;Siren",base
bslYQNUAYL4_30000,bslYQNUAYL4,30.0,dog_bark,dog_bark,,1,0,v1,2.588,3.571,0.983,,Giggle,0,1,dog_nonbark,"Dog;Female speech, woman speaking;Giggle;Mechanisms;Walk, footsteps",base
bueE2wQwDWI_40000,bueE2wQwDWI,40.0,glass,glass,glass,1,1,v1,7.251,9.015,1.764,,Music,0,0,,Glass shatter;Howl (wind);Music;Sound effect,base
bvB3iktW40U_480000,bvB3iktW40U,480.0,dog_bark,dog_bark,dog_bark,1,1,v1,2.413,3.647,1.234,,,1,1,,"Animal;Bark;Breathing;Dog;Generic impact sounds;Male speech, man speaking;Mechanisms;Squeal",base
bwKRFTPmkPU_420000,bwKRFTPmkPU,420.0,background,,,0,0,bg,,,,,,0,0,,"Generic impact sounds;Male speech, man speaking;Mechanisms;Ratchet, pawl;Tap",base
c0lCWYckP2o_20000,c0lCWYckP2o,20.0,scream,,scream,0,1,real,9.055,10.000,0.945,,Laughter;Screaming,0,0,laughter,"Beep, bleep;Human sounds;Laughter;Mechanisms;Run;Screaming;Tick;Wind",base
c1DG4wCnIv0_80000,c1DG4wCnIv0,80.0,dog_bark,dog_bark,dog_bark,1,1,real,9.185,9.348,0.163,,,1,0,,"Bark;Conversation;Female speech, woman speaking;Lawn mower;Male speech, man speaking;Mechanisms;Tick",base
c305KQcjqUU_14000,c305KQcjqUU,14.0,siren,siren,siren,1,1,real,0.000,6.289,6.289,Siren,,0,0,,Generic impact sounds;Mechanisms;Siren,base
c39j2py5_0M_30000,c39j2py5_0M,30.0,background,,,0,0,bg,,,,,Music,0,0,,Child singing;Generic impact sounds;Music;Scrape,base
c4OODeH8FWQ_100000,c4OODeH8FWQ,100.0,background,,,0,0,bg,,,,,Music;Singing,0,0,speech,Helicopter;Music;Singing;Speech,base
c6VeS5oS0zo_110000,c6VeS5oS0zo,110.0,glass,glass,glass,1,1,real,8.859,10.000,1.141,,Music,0,0,,"Background noise;Conversation;Generic impact sounds;Glass shatter;Human sounds;Male speech, man speaking;Music;Tick",base
c8GGXQMKU9A_10000,c8GGXQMKU9A,10.0,dog_bark,dog_bark,dog_bark,1,1,v1,6.650,6.787,0.137,,Music,1,0,,"Bark;Growling;Male speech, man speaking;Music;Sound effect",base
c8YKxp3GNPI_60000,c8YKxp3GNPI,60.0,glass,glass,glass,1,1,v1,4.930,5.936,1.006,,Music;Shout,0,0,,"Beep, bleep;Female speech, woman speaking;Glass shatter;Music;Shout;Speech synthesizer;Tick;Whack, thwack",base
cACtcvtTabs_30000,cACtcvtTabs,30.0,background,,,0,0,bg,,,,,Crowd;Giggle,0,0,crowd,"Crowd;Giggle;Male speech, man speaking",base
cB4UJBjaBMg_10000,cB4UJBjaBMg,10.0,background,,,0,0,bg,,,,,Clapping,0,0,,"Clapping;Ice cream truck, ice cream van;Male speech, man speaking",base
cBUcW0sPg5k_10000,cBUcW0sPg5k,10.0,glass,glass,glass,1,1,real,1.674,3.186,1.512,,,0,0,,Glass shatter,base
cCsjd4zdjAs_30000,cCsjd4zdjAs,30.0,scream,,scream,0,1,real,6.548,8.716,2.168,,Laughter;Music;Screaming,0,0,laughter,"Generic impact sounds;Laughter;Male speech, man speaking;Music;Pour;Screaming;Splash, splatter",base
cE1CjGavnvY_70000,cE1CjGavnvY,70.0,dog_bark,dog_bark,dog_bark,1,1,real,3.631,7.077,3.446,,,1,0,,"Bark;Child speech, kid speaking",base
cESIAosnTSA_210000,cESIAosnTSA,210.0,dog_bark,dog_bark,,1,0,v1,7.525,7.814,0.289,,,0,1,dog_nonbark,"Background noise;Breathing;Dog;Generic impact sounds;Human sounds;Male speech, man speaking;Squeak;Tick",base
cH9xrg70cUU_0,cH9xrg70cUU,0.0,glass,glass,glass,1,1,real,5.508,6.614,1.106,,,0,0,,"Background noise;Breathing;Glass shatter;Male speech, man speaking",base
cHd9v-qJh6U_150000,cHd9v-qJh6U,150.0,glass,glass,glass,1,1,v1,7.551,8.709,1.158,,,0,0,,"Beep, bleep;Generic impact sounds;Glass shatter;Gunshot, gunfire;Walk, footsteps",base
cHeGLAxKh9M_30000,cHeGLAxKh9M,30.0,background,,,0,0,bg,,,,,,0,0,crowd,"Bird flight, flapping wings;Coo;Hubbub, speech noise, speech babble",base
cOhH369x8mA_100000,cOhH369x8mA,100.0,siren,siren,siren,1,1,v1,0.000,10.000,10.000,"Fire engine, fire truck (siren);Siren",,0,0,,"Crackle;Fire engine, fire truck (siren);Human voice;Siren",base
cPl46FjBPds_28000,cPl46FjBPds,28.0,background,,,0,0,bg,,,,,,0,0,,Mechanisms,base
cQG6kdQ9iHc_10000,cQG6kdQ9iHc,10.0,siren,siren,siren,1,1,v1,0.000,10.000,10.000,Siren,,0,0,,Siren;Wind;Wind noise (microphone),base
cQbpcLTDJBw_50000,cQbpcLTDJBw,50.0,siren,siren,siren,1,1,v1,5.303,6.938,1.635,Siren,,0,0,crowd,"Background noise;Hubbub, speech noise, speech babble;Male speech, man speaking;Siren",base
cQxSs00Wn0Y_160000,cQxSs00Wn0Y,160.0,background,,,0,0,bg,,,,,,0,0,,"Generic impact sounds;Male speech, man speaking;Mechanisms;Sawing",base
cRJI_mkNDYE_0,cRJI_mkNDYE,0.0,background,,,0,0,bg,,,,,,0,0,,Breathing;Choir;Mechanisms;Tick,base
cRTxQwcuYS0_60000,cRTxQwcuYS0,60.0,dog_bark,dog_bark,,1,0,v1,6.285,8.045,1.760,,,0,1,dog_nonbark,"Bird vocalization, bird call, bird song;Buzz;Caw;Dog;Snort;Wind",base
cSEymgh6P3c_230000,cSEymgh6P3c,230.0,background,,,0,0,bg,,,,,,0,0,,"Female speech, woman speaking;Human voice;Oink;Pig;Rustle",base
cTWR7ueuBNg_0,cTWR7ueuBNg,0.0,glass,glass,glass,1,1,v1,4.857,5.885,1.028,,,0,0,,"Background noise;Glass shatter;Human voice;Tick;Whack, thwack",base
cWXXkIpZ2G8_140000,cWXXkIpZ2G8,140.0,glass,glass,glass,1,1,v1,4.546,7.033,2.487,,Music,0,0,,"Bang;Female speech, woman speaking;Glass shatter;Mechanisms;Music",base
cXMA5Mgtnf0_30000,cXMA5Mgtnf0,30.0,background,,,0,0,bg,,,,,,0,0,,Helicopter,base
cXybz3kZM-Q_30000,cXybz3kZM-Q,30.0,background,,,0,0,bg,,,,,Music,0,0,,"Breathing;Generic impact sounds;Male speech, man speaking;Mechanisms;Music;Sound effect;Surface contact;Tick;Video game sound;Water",base
cYKw7jZJCkQ_60000,cYKw7jZJCkQ,60.0,background,,,0,0,bg,,,,,,0,0,speech,"Breathing;Child speech, kid speaking;Mechanisms;Speech;Surface contact;Tap",base
c_-FdoreowE_40000,c_-FdoreowE,40.0,background,,,0,0,bg,,,,,Music,0,0,,"Beep, bleep;Female speech, woman speaking;Generic impact sounds;Male speech, man speaking;Motor vehicle (road);Music;Vehicle horn, car horn, honking, toot",base
cbUAr_ROlkg_30000,cbUAr_ROlkg,30.0,siren,siren,siren,1,1,v1,5.698,10.000,4.302,Siren,,0,0,,Mechanisms;Siren,base
cblvSlTyiqQ_6000,cblvSlTyiqQ,6.0,siren,siren,siren,1,1,real,0.000,9.552,9.552,Siren,,0,0,,Siren;Wind,base
cevMW0fT2UQ_30000,cevMW0fT2UQ,30.0,dog_bark,dog_bark,dog_bark,1,1,real,3.572,3.814,0.242,,,1,0,,Bark;Generic impact sounds;Howl;Human sounds;Television,base
cfTKU2_5vVY_10000,cfTKU2_5vVY,10.0,scream,,scream,0,1,real,2.454,3.142,0.688,,Crowd;Screaming,0,0,crowd,"Background noise;Crowd;Female speech, woman speaking;Male speech, man speaking;Screaming",base
cmr1BocGsTk_10000,cmr1BocGsTk,10.0,siren,siren,siren,1,1,v1,0.000,10.000,10.000,Siren,,0,0,,"Background noise;Beep, bleep;Clicking;Human voice;Siren;Surface contact;Television",base
cnazeuZnDkI_300000,cnazeuZnDkI,300.0,background,,,0,0,bg,,,,,,0,0,,Electronic tuner,base
cr9iwbl14k4_10000,cr9iwbl14k4,10.0,scream,scream,,1,0,v1,4.609,5.403,0.794,,Shout,0,0,,"Child speech, kid speaking;Generic impact sounds;Male speech, man speaking;Shout;Splash, splatter;Stream, river;Whoop",base
cs79Bludopc_260000,cs79Bludopc,260.0,background,,,0,0,bg,,,,,,0,0,,"Breathing;Male speech, man speaking;Vacuum cleaner",base
ctfKr5HIcFc_40000,ctfKr5HIcFc,40.0,siren,siren,siren,1,1,real,0.000,3.094,3.094,Siren,,0,0,,Generic impact sounds;Mechanisms;Siren;Tick,base
cvhjTNqaKDY_280000,cvhjTNqaKDY,280.0,glass,glass,glass,1,1,real,1.045,2.532,1.487,,Music;Shout,0,0,,"Child speech, kid speaking;Explosion;Glass shatter;Gunshot, gunfire;Male speech, man speaking;Mechanisms;Music;Shout",base
cvomqOkHdpM_0,cvomqOkHdpM,0.0,background,,,0,0,bg,,,,,,0,0,crying,"Background noise;Breathing;Crying, sobbing;Female speech, woman speaking;Hiccup",base
d-1zfgzgBgc_14000,d-1zfgzgBgc,14.0,dog_bark,dog_bark,dog_bark,1,1,real,0.260,0.516,0.256,,,1,0,crying,"Background noise;Bark;Breathing;Crying, sobbing;Human sounds;Human voice;Tick",base
d-TAWMV5KXY_250000,d-TAWMV5KXY,250.0,background,,,0,0,bg,,,,,Music,0,0,,Music;Noise;Ringtone,base
d-w9LjzLqIg_100000,d-w9LjzLqIg,100.0,background,,,0,0,bg,,,,,Music,0,0,crowd,"Accelerating, revving, vroom;Car;Hubbub, speech noise, speech babble;Music;Tire squeal, skidding",base
d0EeB3mI4Js_30000,d0EeB3mI4Js,30.0,background,,,0,0,bg,,,,,,0,0,,"Background noise;Breathing;Clicking;Generic impact sounds;Male speech, man speaking",base
d0WSNEcdfeo_150000,d0WSNEcdfeo,150.0,background,,,0,0,bg,,,,,Music,0,0,,Background noise;Bell;Male singing;Music,base
d1NOIDuvQwI_30000,d1NOIDuvQwI,30.0,background,,,0,0,bg,,,,,,0,0,,"Breathing;Door;Generic impact sounds;Groan;Human voice;Male speech, man speaking;Mechanisms;Surface contact;Tap;Tick;Walk, footsteps",base
d1WQTeT1-B8_490000,d1WQTeT1-B8,490.0,glass,glass,glass,1,1,v1,9.187,10.000,0.813,,Music,0,0,,"Glass shatter;Gunshot, gunfire;Male speech, man speaking;Music;Video game sound;Wail, moan;Walk, footsteps",base
d3g5wiDUrLE_30000,d3g5wiDUrLE,30.0,siren,siren,siren,1,1,v1,0.000,9.528,9.528,Siren,,0,0,,Generic impact sounds;Noise;Siren;Tap,base
d7GVZ3uDPvw_13000,d7GVZ3uDPvw,13.0,siren,siren,siren,1,1,v1,1.191,7.420,6.229,Siren,,0,0,,Medium engine (mid frequency);Siren;Tap,base
d7mRUf758Og_240000,d7mRUf758Og,240.0,background,,,0,0,bg,,,,,,0,0,,"Blender, food processor;Male speech, man speaking;Mechanisms;Tick",base
d8JMnxcjU9I_30000,d8JMnxcjU9I,30.0,background,,,0,0,bg,,,,,,0,0,,"Human sounds;Male speech, man speaking;Mechanisms;Shuffle;Surface contact",base
d9cIpD5G0IU_90000,d9cIpD5G0IU,90.0,dog_bark,dog_bark,dog_bark,1,1,real,7.257,8.203,0.946,,,1,0,glass_nonshatter,"Bark;Glass chink, clink;Mechanisms;Squish",base
dAVgQ0ZKLbE_60000,dAVgQ0ZKLbE,60.0,background,,,0,0,bg,,,,,Music,0,0,,Music,base
dAepTxzUYFQ_10000,dAepTxzUYFQ,10.0,dog_bark,dog_bark,dog_bark,1,1,v1,4.552,9.225,4.673,,Music,1,1,,"Bark;Dog;Female speech, woman speaking;Generic impact sounds;Mechanisms;Music;Tick",base
dCS01fUZY8k_250000,dCS01fUZY8k,250.0,siren,siren,siren,1,1,v1,0.000,10.000,10.000,Siren,,0,0,,Chop;Motor vehicle (road);Siren;Squeal;Wind,base
dF2-G9qrnZ0_5000,dF2-G9qrnZ0,5.0,scream,scream,,1,0,v1,4.754,5.265,0.511,,Shout,0,0,,"Background noise;Conversation;Female speech, woman speaking;Firecracker;Male speech, man speaking;Shout",base
dF5dtcPG4p8_30000,dF5dtcPG4p8,30.0,background,,,0,0,bg,,,,,,0,0,,"Bleat;Caw;Female speech, woman speaking;Generic impact sounds;Male speech, man speaking;Mechanisms;Tick",base
dFnqNFyf4TM_20000,dFnqNFyf4TM,20.0,background,,,0,0,bg,,,,,,0,0,,Vehicle,base
dHP8Pgn47xw_120000,dHP8Pgn47xw,120.0,glass,glass,glass,1,1,real,3.150,6.094,2.944,,Music,0,0,,"Glass shatter;Human voice;Motorcycle;Music;Sound effect;Tire squeal, skidding",base
dJGHX5h5fYQ_140000,dJGHX5h5fYQ,140.0,siren,siren,siren,1,1,real,0.000,4.665,4.665,Siren,,0,0,,Arrow;Generic impact sounds;Siren;Wind,base
dKC3i7D5U-k_30000,dKC3i7D5U-k,30.0,background,,,0,0,bg,,,,,,0,0,,"Breathing;Female speech, woman speaking;Mechanisms",base
dL-63jqfADQ_50000,dL-63jqfADQ,50.0,background,,,0,0,bg,,,,,Laughter,0,0,crowd;laughter,"Child speech, kid speaking;Conversation;Hubbub, speech noise, speech babble;Laughter;Tick",base
dL_SszKd_mo_40000,dL_SszKd_mo,40.0,background,,,0,0,bg,,,,,,0,0,,"Animal;Cluck;Crowing, cock-a-doodle-doo;Generic impact sounds;Tick;Wind;Wind noise (microphone)",base
dNFEVqa-ttQ_30000,dNFEVqa-ttQ,30.0,siren,siren,siren,1,1,v1,0.000,5.513,5.513,Siren,Laughter,0,0,laughter,"Conversation;Emergency vehicle;Laughter;Male speech, man speaking;Siren;Wind noise (microphone)",base
dPharkXmrlQ_80000,dPharkXmrlQ,80.0,background,,,0,0,bg,,,,,Laughter,0,0,speech;laughter,"Burping, eructation;Generic impact sounds;Human sounds;Human voice;Laughter;Mechanisms;Speech",base
dRfevj4IP5I_200000,dRfevj4IP5I,200.0,background,,,0,0,bg,,,,,Music,0,0,,"Blender, food processor;Generic impact sounds;Male singing;Music",base
dUldGtmTy38_40000,dUldGtmTy38,40.0,scream,scream,,1,0,v1,5.388,7.043,1.655,,Shout,0,0,,"Ice cream truck, ice cream van;Shout;Wind",base
dWtGrDlu4FM_70000,dWtGrDlu4FM,70.0,background,,,0,0,bg,,,,,Music,0,0,,"Clicking;Generic impact sounds;Male speech, man speaking;Music;Noise",base
dXJ7_HBnNI8_30000,dXJ7_HBnNI8,30.0,glass,glass,glass,1,1,v1,9.092,10.000,0.908,,,0,0,,"Glass shatter;Groan;Gunshot, gunfire;Male speech, man speaking;Sound effect;Video game sound;Walk, footsteps",base
dXcaeiFexpA_560000,dXcaeiFexpA,560.0,scream,scream,,1,0,v1,7.334,8.056,0.722,,Shout,0,0,,"Generic impact sounds;Gunshot, gunfire;Machine gun;Male singing;Male speech, man speaking;Mechanisms;Shout",base
dXpQ1FOJpHg_40000,dXpQ1FOJpHg,40.0,siren,siren,siren,1,1,v1,0.000,10.000,10.000,Siren,,0,0,,Emergency vehicle;Siren,base
ddUS4K1-v48_10000,ddUS4K1-v48,10.0,background,,,0,0,bg,,,,,Laughter,0,0,laughter,"Babbling;Background noise;Gasp;Laughter;Male speech, man speaking",base
ddv-DpHyrk0_210000,ddv-DpHyrk0,210.0,background,,,0,0,bg,,,,,,0,0,,Alarm clock;Generic impact sounds;Mechanisms,base
dfEEJZwE7q8_30000,dfEEJZwE7q8,30.0,glass,glass,glass,1,1,v1,0.000,5.243,5.243,,,0,0,,"Generic impact sounds;Glass shatter;Gunshot, gunfire;Video game sound;Walk, footsteps",base
diiFL4xtqhM_20000,diiFL4xtqhM,20.0,siren,,siren,0,1,real,0.315,5.606,5.291,Police car (siren),,0,0,,"Car passing by;Chirp, tweet;Clicking;Conversation;Generic impact sounds;Human voice;Male singing;Male speech, man speaking;Police car (siren);Tap;Traffic noise, roadway noise;Vehicle horn, car horn, honking, toot",base
djgQcHzGhC4_230000,djgQcHzGhC4,230.0,background,,,0,0,bg,,,,,Music,0,0,,Music,base
djvw4to99H0_10000,djvw4to99H0,10.0,background,,,0,0,bg,,,,,,0,0,,"Breathing;Female speech, woman speaking;Mechanisms;Plop",base
djxxx1tbwC4_30000,djxxx1tbwC4,30.0,background,,,0,0,bg,,,,,Music,0,0,,Human voice;Male singing;Music,base
dlb98-JFDag_210000,dlb98-JFDag,210.0,background,,,0,0,bg,,,,,Music,0,0,,Music;Rapping;Sine wave;Tick,base
dmfhLtncAO0_30000,dmfhLtncAO0,30.0,background,,,0,0,bg,,,,,Music,0,0,,Male singing;Music,base
dotj6ynxpMg_390000,dotj6ynxpMg,390.0,background,,,0,0,bg,,,,,,0,0,,"Grunt;Male speech, man speaking",base
dsMp2580SUw_30000,dsMp2580SUw,30.0,background,,,0,0,bg,,,,,,0,0,,"Motorboat, speedboat;Wind;Wind noise (microphone)",base
duYb-MON4Lc_70000,duYb-MON4Lc,70.0,glass,glass,glass,1,1,v1,6.426,7.765,1.339,,Music;Shout,0,0,,"Generic impact sounds;Glass shatter;Groan;Gunshot, gunfire;Music;Shout",base
dz8ocLvZbww_10000,dz8ocLvZbww,10.0,background,,,0,0,bg,,,,,,0,0,,"Male speech, man speaking;Sanding",base
dzg3beV7Jz4_200000,dzg3beV7Jz4,200.0,background,,,0,0,bg,,,,,Music,0,0,,Male singing;Music,base
e1_wbMvQ9Ug_30000,e1_wbMvQ9Ug,30.0,siren,,siren,0,1,real,1.420,10.000,8.580,Ambulance (siren),,0,0,,"Ambulance (siren);Tick;Traffic noise, roadway noise;Wind",base
e4QwJbAAegY_440000,e4QwJbAAegY,440.0,background,,,0,0,bg,,,,,,0,0,,"Background noise;Breathing;Generic impact sounds;Male speech, man speaking;Pour",base
e4fJJ8D8WJw_30000,e4fJJ8D8WJw,30.0,siren,,siren,0,1,real,0.000,10.000,10.000,Civil defense siren,,0,0,,Civil defense siren;Motor vehicle (road),base
e57je4YO9cM_230000,e57je4YO9cM,230.0,background,,,0,0,bg,,,,,Music,0,0,,Music,base
e5ttSYXvblM_50000,e5ttSYXvblM,50.0,scream,,scream,0,1,real,3.999,5.974,1.975,,Laughter;Music;Screaming,0,0,laughter,"Breathing;Conversation;Female speech, woman speaking;Gasp;Laughter;Male speech, man speaking;Music;Screaming",base
e7MOT56XmP4_30000,e7MOT56XmP4,30.0,background,,,0,0,bg,,,,,,0,0,,"Bird vocalization, bird call, bird song;Chewing, mastication;Surface contact;Wind",base
e7QgNUPKYfo_30000,e7QgNUPKYfo,30.0,scream,,scream,0,1,real,7.243,9.201,1.958,,Cheering;Crowd;Music;Screaming,0,0,crowd,Cheering;Crowd;Male singing;Music;Screaming,base
e7d6FHi67gc_0,e7d6FHi67gc,0.0,glass,glass,glass,1,1,real,6.117,6.788,0.671,,Music,0,0,,"Clip-clop;Generic impact sounds;Glass shatter;Gunshot, gunfire;Male speech, man speaking;Music;Video game sound",base
e90rd071P-E_20000,e90rd071P-E,20.0,dog_bark,dog_bark,,1,0,v1,0.000,0.439,0.439,,,0,1,dog_nonbark,"Clicking;Dog;Female speech, woman speaking;Human voice;Pant (dog);Rustle;Whispering",base
e9hfjW_erxA_280000,e9hfjW_erxA,280.0,background,,,0,0,bg,,,,,,0,0,,"Generic impact sounds;Male speech, man speaking;Mechanisms;Tick",base
eEjpb1U3k8E_0,eEjpb1U3k8E,0.0,background,,,0,0,bg,,,,,,0,0,,"Background noise;Breathing;Generic impact sounds;Human voice;Male speech, man speaking",base
eF6YoD6xTPE_490000,eF6YoD6xTPE,490.0,scream,scream,scream,1,1,v1,0.000,1.227,1.227,,Screaming,0,0,crowd,"Female speech, woman speaking;Hubbub, speech noise, speech babble;Screaming;Whoop",base
eHBu2wMaDPk_30000,eHBu2wMaDPk,30.0,scream,scream,scream,1,1,v1,4.515,6.923,2.408,,Screaming,0,0,,"Background noise;Breathing;Grunt;Male speech, man speaking;Screaming",base
eHWMBVDhSHI_0,eHWMBVDhSHI,0.0,glass,glass,glass,1,1,v1,3.624,6.938,3.314,,,0,0,,Glass shatter,base
eIQq68U3Zvg_430000,eIQq68U3Zvg,430.0,background,,,0,0,bg,,,,,,0,0,,"Blender, food processor;Child speech, kid speaking;Female speech, woman speaking;Generic impact sounds;Male speech, man speaking;Sizzle",base
eJTbCrnaoqU_30000,eJTbCrnaoqU,30.0,siren,siren,siren,1,1,v1,0.000,10.000,10.000,Siren,,0,0,,Siren,base
eK_Dga20zwg_20000,eK_Dga20zwg,20.0,siren,siren,siren,1,1,real,0.378,3.449,3.071,Siren,,0,0,,Generic impact sounds;Howl;Mechanisms;Siren,base
eM2SmH3695g_30000,eM2SmH3695g,30.0,background,,,0,0,bg,,,,,Music,0,0,,Music,base
eMynTV9Mau8_50000,eMynTV9Mau8,50.0,background,,,0,0,bg,,,,,Music,0,0,,Generic impact sounds;Music,base
eNOPtm1VHzQ_50000,eNOPtm1VHzQ,50.0,scream,,scream,0,1,real,9.396,9.867,0.471,,Laughter;Screaming,0,0,laughter,"Conversation;Female speech, woman speaking;Laughter;Motorboat, speedboat;Screaming;Surface contact;Tick",base
eO-2WVUoI7g_30000,eO-2WVUoI7g,30.0,siren,siren,siren,1,1,real,0.015,10.000,9.985,Siren,,0,0,,Siren,base
eSAlF0obAE4_30000,eSAlF0obAE4,30.0,background,,,0,0,bg,,,,,,0,0,,"Bell;Breathing;Clicking;Male speech, man speaking;Mechanisms;Surface contact",base
eYsma86CqcU_20000,eYsma86CqcU,20.0,background,,,0,0,bg,,,,,,0,0,speech,"Human sounds;Propeller, airscrew;Speech",base
eZ1_uiv5x7w_30000,eZ1_uiv5x7w,30.0,siren,siren,siren,1,1,v1,0.000,6.550,6.550,Siren,Crowd;Laughter,0,0,crowd;laughter,"Crowd;Female speech, woman speaking;Laughter;Male speech, man speaking;Run;Siren;Wind noise (microphone)",base
e_T_EkRDOcs_0,e_T_EkRDOcs,0.0,scream,scream,scream,1,1,v1,0.086,1.453,1.367,,Screaming,0,0,,Explosion;Mechanisms;Screaming,base
ec53TiUI8N4_30000,ec53TiUI8N4,30.0,dog_bark,dog_bark,dog_bark,1,1,v1,8.540,9.609,1.069,,,1,0,,"Background noise;Bark;Breathing;Child speech, kid speaking;Conversation;Female speech, woman speaking;Generic impact sounds;Telephone bell ringing;Walk, footsteps",base
ecdp6PSmOQQ_30000,ecdp6PSmOQQ,30.0,dog_bark,dog_bark,,1,0,v1,8.335,10.000,1.665,,,0,1,dog_nonbark,Background noise;Dog;Human sounds,base
ehQRq5QE2xE_14000,ehQRq5QE2xE,14.0,siren,siren,siren,1,1,v1,0.000,8.478,8.478,Siren,,0,0,speech,"Accelerating, revving, vroom;Motor vehicle (road);Siren;Speech;Thump, thud",base
ekCzMX9vEyk_190000,ekCzMX9vEyk,190.0,background,,,0,0,bg,,,,,,0,0,,Biting;Breathing;Human sounds;Mechanisms;Whispering,base
el963KjdiUE_20000,el963KjdiUE,20.0,glass,glass,glass,1,1,real,4.321,5.894,1.573,,,0,0,,Breaking;Glass shatter,base
emm6kvx08f8_420000,emm6kvx08f8,420.0,background,,,0,0,bg,,,,,,0,0,,Background noise;Breathing;Generic impact sounds,base
eoDQJEAX9K0_40000,eoDQJEAX9K0,40.0,background,,,0,0,bg,,,,,Music,0,0,,"Female speech, woman speaking;Music",base
eqcSeroYAmg_320000,eqcSeroYAmg,320.0,background,,,0,0,bg,,,,,,0,0,,Background noise,base
eqwWD5hK8So_60000,eqwWD5hK8So,60.0,siren,,siren,0,1,real,2.712,10.000,7.288,"Fire engine, fire truck (siren)",,0,0,,"Fire engine, fire truck (siren);Sound effect",base
eqxr6uhK_ZI_30000,eqxr6uhK_ZI,30.0,siren,siren,siren,1,1,v1,0.000,10.000,10.000,Siren,,0,0,,Siren;Train horn;Wind,base
er1QGjWAZQM_0,er1QGjWAZQM,0.0,scream,scream,scream,1,1,real,3.204,5.689,2.485,,Screaming,0,0,,"Clicking;Generic impact sounds;Male speech, man speaking;Mechanisms;Screaming",base
erE30STNQNo_0,erE30STNQNo,0.0,dog_bark,dog_bark,dog_bark,1,1,real,9.937,10.000,0.063,,,1,0,,"Background noise;Bark;Female speech, woman speaking;Growling;Human voice",base
ess4QaigWlM_30000,ess4QaigWlM,30.0,background,,,0,0,bg,,,,,,0,0,,"Caw;Chirp, tweet;Generic impact sounds;Wind",base
evZUXhR_ko0_0,evZUXhR_ko0,0.0,scream,,scream,0,1,real,9.171,9.521,0.350,,Music;Screaming,0,0,,"Background noise;Child speech, kid speaking;Conversation;Female speech, woman speaking;Generic impact sounds;Human voice;Male speech, man speaking;Music;Screaming;Splash, splatter;Surface contact",base
exFWe7vQxOM_30000,exFWe7vQxOM,30.0,background,,,0,0,bg,,,,,,0,0,,Breathing;Mechanisms;Stomach rumble,base
eyUcCcM4Jzc_320000,eyUcCcM4Jzc,320.0,siren,,siren,0,1,real,0.000,10.000,10.000,Ambulance (siren),,0,0,,Ambulance (siren),base
eykvth4HdUw_430000,eykvth4HdUw,430.0,background,,,0,0,bg,,,,,,0,0,,Train;Train horn;Wind noise (microphone),base
f-Yf1BZXlnE_30000,f-Yf1BZXlnE,30.0,dog_bark,dog_bark,dog_bark,1,1,v1,8.074,8.558,0.484,,Music,1,0,,Bark;Howl;Music,base
f-gsp8s6W5M_16000,f-gsp8s6W5M,16.0,siren,,siren,0,1,real,0.000,10.000,10.000,Civil defense siren,,0,0,,Civil defense siren;Cricket;Surface contact;Tick,base
f0tGKNfWYH0_0,f0tGKNfWYH0,0.0,background,,,0,0,bg,,,,,Music,0,0,,Music;Sound effect,base
f6MzPRTurKs_90000,f6MzPRTurKs,90.0,glass,glass,glass,1,1,v1,7.825,10.000,2.175,,,0,0,,"Background noise;Glass chink, clink;Glass shatter;Plop;Sound effect",base
f8X9CRdUouY_30000,f8X9CRdUouY,30.0,background,,,0,0,bg,,,,,,0,0,,Background noise;Children shouting,base
f99-cBscO9Q_30000,f99-cBscO9Q,30.0,glass,glass,glass,1,1,real,2.886,3.823,0.937,,Music,0,0,,"Glass shatter;Male speech, man speaking;Music;Sound effect",base
fAk2vdk9s7A_80000,fAk2vdk9s7A,80.0,background,,,0,0,bg,,,,,Laughter,0,0,laughter,"Breathing;Female speech, woman speaking;Human sounds;Laughter;Male speech, man speaking;Mechanisms;Tick",base
fCSdVnS-88M_320000,fCSdVnS-88M,320.0,glass,glass,glass,1,1,v1,5.835,7.299,1.464,,,0,0,,"Beep, bleep;Clicking;Explosion;Glass shatter;Human sounds;Sound effect;Subway, metro, underground;Tap;Train wheels squealing",base
fDpuftFhpQI_0,fDpuftFhpQI,0.0,glass,glass,glass,1,1,v1,2.805,3.827,1.022,,,0,0,,"Generic impact sounds;Glass chink, clink;Glass shatter;Mechanisms;Rustle;Surface contact;Tick;Walk, footsteps;Wind noise (microphone)",base
fEFBJjVl3OA_290000,fEFBJjVl3OA,290.0,siren,,siren,0,1,real,0.008,10.000,9.992,Police car (siren),,0,0,,"Male speech, man speaking;Police car (siren)",base
fIOCjahNeX4_20000,fIOCjahNeX4,20.0,background,,,0,0,bg,,,,,,0,0,,Helicopter;Tick,base
fJ3t7QJSb5g_440000,fJ3t7QJSb5g,440.0,glass,glass,glass,1,1,v1,0.768,4.622,3.854,,,0,0,,"Baby cry, infant cry;Background noise;Female speech, woman speaking;Generic impact sounds;Glass shatter",base
fJuRuJYo0UQ_30000,fJuRuJYo0UQ,30.0,siren,siren,siren,1,1,real,0.000,10.000,10.000,Siren,,0,0,,Generic impact sounds;Siren,base
fK07CyxnhQQ_30000,fK07CyxnhQQ,30.0,siren,siren,siren,1,1,real,5.467,10.000,4.533,Siren,,0,0,,"Explosion;Male speech, man speaking;Siren;Traffic noise, roadway noise;Vehicle horn, car horn, honking, toot",base
fLjUFNZHJm4_570000,fLjUFNZHJm4,570.0,background,,,0,0,bg,,,,,,0,0,,"Bird vocalization, bird call, bird song;Buzz;Generic impact sounds;Wind;Wind noise (microphone)",base
fMjZSAv_Ec4_340000,fMjZSAv_Ec4,340.0,background,,,0,0,bg,,,,,,0,0,crowd,"Basketball bounce;Generic impact sounds;Hubbub, speech noise, speech babble",base
fPtKcWIGTBg_13000,fPtKcWIGTBg,13.0,background,,,0,0,bg,,,,,Music,0,0,,"Breathing;Male speech, man speaking;Mechanisms;Meow;Music;Television",base
fQCcw7cqBxk_290000,fQCcw7cqBxk,290.0,background,,,0,0,bg,,,,,,0,0,,"Breathing;Female speech, woman speaking;Generic impact sounds;Mechanisms",base
fQRP4NdK5sg_360000,fQRP4NdK5sg,360.0,background,,,0,0,bg,,,,,,0,0,,Filing (rasp);Mechanisms,base
fRJwStp0Dlg_90000,fRJwStp0Dlg,90.0,siren,siren,siren,1,1,v1,0.000,10.000,10.000,Siren,,0,0,,"Generic impact sounds;Siren;Vehicle;Vehicle horn, car horn, honking, toot",base
fSilzq77oTE_30000,fSilzq77oTE,30.0,scream,,scream,0,1,real,5.937,6.311,0.374,,Music;Screaming,0,0,,Animal;Music;Screaming;Sound effect;Video game sound,base
fUNvkt-eelE_20000,fUNvkt-eelE,20.0,dog_bark,dog_bark,dog_bark,1,1,real,5.613,6.712,1.099,,,1,0,,"Bark;Generic impact sounds;Power windows, electric windows;Rain",base
fVxcaUv0jPE_70000,fVxcaUv0jPE,70.0,dog_bark,dog_bark,dog_bark,1,1,v1,0.441,0.724,0.283,,,1,0,,"Background noise;Bark;Bird vocalization, bird call, bird song;Breathing;Female speech, woman speaking;Motor vehicle (road);Pant;Wind noise (microphone)",base
fZpo0Y14UwU_30000,fZpo0Y14UwU,30.0,dog_bark,dog_bark,dog_bark,1,1,v1,8.629,9.890,1.261,,Laughter,1,1,laughter,"Bark;Dog;Female speech, woman speaking;Generic impact sounds;Human voice;Laughter;Male speech, man speaking;Mechanisms;Scrape;Tick",base
fiIxQzrDy3Y_30000,fiIxQzrDy3Y,30.0,background,,,0,0,bg,,,,,,0,0,,Background noise;Rain;Thunder,base
fmTUlvbfSSU_30000,fmTUlvbfSSU,30.0,background,,,0,0,bg,,,,,,0,0,,"Accelerating, revving, vroom;Medium engine (mid frequency);Wind",base
fmXtDdk3_ms_90000,fmXtDdk3_ms,90.0,background,,,0,0,bg,,,,,,0,0,,"Background noise;Bleat;Male speech, man speaking",base
fr8RSzPxwag_270000,fr8RSzPxwag,270.0,dog_bark,dog_bark,dog_bark,1,1,v1,9.543,9.866,0.323,,Music,1,0,,"Bark;Electric shaver, electric razor;Generic impact sounds;Human sounds;Male speech, man speaking;Music;Rapping;Surface contact",base
frK63glA498_0,frK63glA498,0.0,glass,glass,glass,1,1,real,1.467,4.663,3.196,,Music,0,0,,"Glass shatter;Male speech, man speaking;Music;Sound effect;Tap",base
fsaCfxi_VAs_30000,fsaCfxi_VAs,30.0,siren,siren,siren,1,1,real,0.000,10.000,10.000,Siren,,0,0,,Siren,base
ftoihzm5KVA_10000,ftoihzm5KVA,10.0,background,,,0,0,bg,,,,,,0,0,,"Breathing;Generic impact sounds;Male speech, man speaking;Mechanisms;Walk, footsteps",base
ftzaKYLfDs0_30000,ftzaKYLfDs0,30.0,background,,,0,0,bg,,,,,,0,0,,Video game sound,base
fuclLr8MNlQ_30000,fuclLr8MNlQ,30.0,dog_bark,dog_bark,dog_bark,1,1,real,1.063,1.228,0.165,,Music,1,0,,"Bark;Male speech, man speaking;Music",base
fvMk_0S04mY_15000,fvMk_0S04mY,15.0,siren,siren,siren,1,1,real,0.000,4.240,4.240,Siren,Clapping,0,0,,"Child speech, kid speaking;Clapping;Dishes, pots, and pans;Female speech, woman speaking;Generic impact sounds;Mechanisms;Siren;Slam;Walk, footsteps",base
fw23YtCcY7I_70000,fw23YtCcY7I,70.0,siren,siren,siren,1,1,v1,0.008,5.449,5.441,Siren,,0,0,,"Male speech, man speaking;Siren",base
fyTnrZ5upts_21000,fyTnrZ5upts,21.0,siren,,siren,0,1,real,0.000,9.025,9.025,Police car (siren),,0,0,,"Accelerating, revving, vroom;Police car (siren);Video game sound",base
fyfU4lxanSs_30000,fyfU4lxanSs,30.0,siren,siren,siren,1,1,v1,0.000,10.000,10.000,Siren,,0,0,,Background noise;Breathing;Crackle;Generic impact sounds;Siren;Surface contact,base
g1fH_cGfv04_30000,g1fH_cGfv04,30.0,dog_bark,dog_bark,dog_bark,1,1,real,0.000,5.000,5.000,,,1,0,,"Background noise;Bark;Bird vocalization, bird call, bird song;Generic impact sounds;Male speech, man speaking;Tick",base
g2DqlqY5i3k_530000,g2DqlqY5i3k,530.0,scream,,scream,0,1,real,0.000,3.866,3.866,,Music;Screaming,0,0,,Breathing;Female singing;Music;Screaming;Tick,base
g3n3aXKoTiU_50000,g3n3aXKoTiU,50.0,background,,,0,0,bg,,,,,,0,0,,Breathing;Chant,base
g4UK7TpsXIE_30000,g4UK7TpsXIE,30.0,scream,,scream,0,1,real,1.550,2.175,0.625,,Music;Screaming,0,0,,"Baby cry, infant cry;Breathing;Child speech, kid speaking;Music;Screaming",base
g59HUlg1ff8_30000,g59HUlg1ff8,30.0,background,,,0,0,bg,,,,,,0,0,,Generic impact sounds;Human sounds;Human voice;Humming;Mechanisms;Oink;Surface contact,base
g6YQBXj29Mo_30000,g6YQBXj29Mo,30.0,siren,siren,siren,1,1,v1,0.000,4.504,4.504,Siren,,0,0,alarm,Alarm;Mechanisms;Siren;Tick,base
g7-irDAyGZA_20000,g7-irDAyGZA,20.0,siren,siren,siren,1,1,v1,0.000,9.128,9.128,Siren,,0,0,,Emergency vehicle;Generic impact sounds;Siren;Tick;Wind;Wind noise (microphone),base
g7aDa_qL9JQ_50000,g7aDa_qL9JQ,50.0,scream,,scream,0,1,real,5.596,7.557,1.961,,Music;Screaming,0,0,,"Chop;Male speech, man speaking;Music;Screaming",base
g9yc_ETm8zE_28000,g9yc_ETm8zE,28.0,siren,siren,siren,1,1,v1,0.000,2.148,2.148,Siren,,0,0,,"Chirp, tweet;Motor vehicle (road);Siren;Tick",base
gC5vroaMJCQ_30000,gC5vroaMJCQ,30.0,siren,siren,siren,1,1,v1,5.496,8.884,3.388,Siren,,0,0,,Generic impact sounds;Mechanisms;Siren,base
gEvHYYYsJLw_50000,gEvHYYYsJLw,50.0,background,,,0,0,bg,,,,,,0,0,,"Background noise;Chirp, tweet;Generic impact sounds;Thump, thud;Tick",base
gFSuQ43kM50_30000,gFSuQ43kM50,30.0,background,,,0,0,bg,,,,,Music,0,0,,Male singing;Music,base
gFhwdq4rw5Y_150000,gFhwdq4rw5Y,150.0,background,,,0,0,bg,,,,,,0,0,,"Fixed-wing aircraft, airplane",base
gJNYHdCWHpc_30000,gJNYHdCWHpc,30.0,siren,,siren,0,1,real,0.000,10.000,10.000,Police car (siren),,0,0,,Police car (siren);Video game sound,base
gKPe1JfNFv4_510000,gKPe1JfNFv4,510.0,background,,,0,0,bg,,,,,Music,0,0,,"Male speech, man speaking;Mechanisms;Music",base
gLBiho_FllM_10000,gLBiho_FllM,10.0,background,,,0,0,bg,,,,,,0,0,,Background noise;Yodeling,base
gLZFpwXGNvQ_100000,gLZFpwXGNvQ,100.0,dog_bark,dog_bark,dog_bark,1,1,v1,8.048,8.828,0.780,,,1,0,,"Bark;Child speech, kid speaking;Human voice;Mechanisms;Splash, splatter;Water",base
gLgNvqM4dOE_10000,gLgNvqM4dOE,10.0,background,,,0,0,bg,,,,,,0,0,,"Generic impact sounds;Toilet flush;Water tap, faucet",base
gLm2Q3-qdMs_230000,gLm2Q3-qdMs,230.0,background,,,0,0,bg,,,,,,0,0,,Engine,base
gM9vCBW07Vs_70000,gM9vCBW07Vs,70.0,siren,siren,siren,1,1,real,0.000,3.182,3.182,Siren,Clapping;Music,0,0,,"Background noise;Clapping;Female speech, woman speaking;Human voice;Music;Siren;Slap, smack;Television;Tick",base
gOGAPHo5SXU_50000,gOGAPHo5SXU,50.0,glass,glass,glass,1,1,real,5.483,7.975,2.492,,Music,0,0,,"Female speech, woman speaking;Glass shatter;Male speech, man speaking;Music;Sound effect;Water",base
gOQ4HLzcMkY_100000,gOQ4HLzcMkY,100.0,dog_bark,dog_bark,dog_bark,1,1,real,9.898,10.000,0.102,,Music;Singing,1,0,,"Bark;Child speech, kid speaking;Mechanisms;Music;Singing",base
gOeHpqNGrq4_110000,gOeHpqNGrq4,110.0,glass,glass,glass,1,1,real,4.153,4.941,0.788,,Music,0,0,,Generic impact sounds;Glass shatter;Mechanisms;Music;Scrape;Surface contact,base
gQ9_hKo9ETA_10000,gQ9_hKo9ETA,10.0,dog_bark,dog_bark,dog_bark,1,1,real,2.231,2.686,0.455,,,1,0,alarm,"Alarm;Background noise;Bark;Bird vocalization, bird call, bird song;Child speech, kid speaking;Human voice;Male speech, man speaking",base
gQsl8aPtBBo_0,gQsl8aPtBBo,0.0,siren,siren,siren,1,1,v1,1.556,7.530,5.974,Siren,,0,0,,Mechanisms;Siren,base
gR8sdfr89oU_12000,gR8sdfr89oU,12.0,siren,,siren,0,1,real,0.000,9.316,9.316,"Fire engine, fire truck (siren)",,0,0,,"Accelerating, revving, vroom;Fire engine, fire truck (siren);Tick",base
gRHdl6SfwuQ_190000,gRHdl6SfwuQ,190.0,background,,,0,0,bg,,,,,,0,0,,"Background noise;Breathing;Computer keyboard;Female speech, woman speaking;Generic impact sounds",base
gRZ72AXj3Ic_0,gRZ72AXj3Ic,0.0,dog_bark,dog_bark,dog_bark,1,1,real,0.000,5.048,5.048,,,1,1,,Bark;Dog;Generic impact sounds;Mechanisms,base
gRsmhnHJI9Q_0,gRsmhnHJI9Q,0.0,glass,glass,glass,1,1,v1,1.964,2.392,0.428,,,0,0,,Explosion;Glass shatter,base
gTLSLg66pOc_200000,gTLSLg66pOc,200.0,background,,,0,0,bg,,,,,Music,0,0,,"Female singing;Female speech, woman speaking;Male speech, man speaking;Music",base
gYRRRA04GAQ_23000,gYRRRA04GAQ,23.0,background,,,0,0,bg,,,,,,0,0,,"Slap, smack",base
gbytNSp2eU0_30000,gbytNSp2eU0,30.0,background,,,0,0,bg,,,,,Music,0,0,,Breathing;Female singing;Music,base
gcvPEVCw-lE_130000,gcvPEVCw-lE,130.0,scream,scream,,1,0,v1,4.977,6.074,1.097,,Shout,0,0,,"Background noise;Conversation;Female speech, woman speaking;Heart sounds, heartbeat;Human voice;Male speech, man speaking;Shout;Sound effect",base
geoQyh2lrcw_0,geoQyh2lrcw,0.0,background,,,0,0,bg,,,,,Music,0,0,,Music;Noise,base
gfJczlCjz78_50000,gfJczlCjz78,50.0,background,,,0,0,bg,,,,,,0,0,,"Male speech, man speaking",base
gfYDQQUcjro_400000,gfYDQQUcjro,400.0,background,,,0,0,bg,,,,,,0,0,,"Hiss;Male speech, man speaking;Rustle",base
ggKldoybz68_30000,ggKldoybz68,30.0,background,,,0,0,bg,,,,,,0,0,,"Generic impact sounds;Male speech, man speaking;Waves, surf;Wind noise (microphone)",base
ggxORMUm8fQ_0,ggxORMUm8fQ,0.0,background,,,0,0,bg,,,,,,0,0,,Mechanisms;Squeal;Tick,base
ghRkSa5fGgM_0,ghRkSa5fGgM,0.0,background,,,0,0,bg,,,,,Cheering,0,0,crowd,"Car;Cheering;Generic impact sounds;Hubbub, speech noise, speech babble;Male speech, man speaking;Whistling;Whoop",base
ghlLClg8Jjw_30000,ghlLClg8Jjw,30.0,siren,,siren,0,1,real,0.000,10.000,10.000,Civil defense siren,,0,0,,Background noise;Civil defense siren,base
giTy20ktsFU_10000,giTy20ktsFU,10.0,dog_bark,dog_bark,,1,0,v1,6.074,7.113,1.039,,,0,1,dog_nonbark,"Alarm clock;Dog;Female speech, woman speaking;Male speech, man speaking;Tap;Television",base
gjfhnAxAg0k_80000,gjfhnAxAg0k,80.0,glass,glass,glass,1,1,v1,2.776,5.258,2.482,,Music,0,0,,"Glass shatter;Male speech, man speaking;Music;Sound effect;Tick",base
gjkXTvABqys_0,gjkXTvABqys,0.0,glass,glass,glass,1,1,real,5.315,6.021,0.706,,Music,0,0,,"Child speech, kid speaking;Generic impact sounds;Glass shatter;Mechanisms;Music;Tick",base
gk_g6BGPgUE_0,gk_g6BGPgUE,0.0,dog_bark,dog_bark,dog_bark,1,1,v1,3.368,4.338,0.970,,Music,1,1,,Background noise;Bark;Dog;Music;Tap,base
gl6k24UCoXo_30000,gl6k24UCoXo,30.0,background,,,0,0,bg,,,,,Music,0,0,,Female singing;Music,base
gn3_aUfG9_c_15000,gn3_aUfG9_c,15.0,dog_bark,dog_bark,dog_bark,1,1,real,7.829,8.458,0.629,,Laughter,1,0,laughter,"Bark;Breathing;Female speech, woman speaking;Generic impact sounds;Growling;Human sounds;Laughter;Mechanisms;Sniff;Surface contact;Tap",base
gpeyO6LtN_g_100000,gpeyO6LtN_g,100.0,dog_bark,dog_bark,,1,0,v1,3.775,4.392,0.617,,,0,1,dog_nonbark,"Bird vocalization, bird call, bird song;Breathing;Dog;Female speech, woman speaking;Human voice;Mechanisms;Surface contact;Tap;Tick;Whispering",base
grlUiog7-iQ_30000,grlUiog7-iQ,30.0,background,,,0,0,bg,,,,,Clapping;Laughter;Music,0,0,laughter,"Clapping;Gasp;Laughter;Male singing;Male speech, man speaking;Music;Squeak;Tap",base
gxk5sJFWHZQ_30000,gxk5sJFWHZQ,30.0,scream,scream,,1,0,v1,5.282,6.361,1.079,,Shout,0,0,,"Artillery fire;Generic impact sounds;Male speech, man speaking;Shout;Wind",base
gyF_tG0M9cM_10000,gyF_tG0M9cM,10.0,scream,scream,scream,1,1,v1,2.478,3.191,0.713,,Screaming,0,0,,"Generic impact sounds;Human sounds;Male speech, man speaking;Mechanisms;Screaming;Sneeze;Sound effect",base
gzB2yQfd2Js_10000,gzB2yQfd2Js,10.0,scream,,scream,0,1,real,5.188,6.908,1.720,,Music;Screaming,0,0,,Male singing;Music;Screaming,base
h45h743hiNY_0,h45h743hiNY,0.0,glass,glass,glass,1,1,v1,7.402,7.863,0.461,,,0,0,,"Conversation;Generic impact sounds;Glass shatter;Male speech, man speaking;Mechanisms",base
h5Su36IXzJI_17000,h5Su36IXzJI,17.0,scream,,scream,0,1,real,4.509,5.187,0.678,,Music;Screaming,0,0,,Female singing;Music;Screaming,base
h6D6XP_F5PY_210000,h6D6XP_F5PY,210.0,siren,siren,siren,1,1,v1,0.000,10.000,10.000,Siren,,0,0,,"Chirp, tweet;Siren",base
h8gPaOfvf9M_10000,h8gPaOfvf9M,10.0,glass,glass,glass,1,1,real,6.131,8.218,2.087,,,0,0,,"Beep, bleep;Explosion;Glass shatter;Wind",base
h9FgW_BqWAo_530000,h9FgW_BqWAo,530.0,dog_bark,dog_bark,dog_bark,1,1,real,0.221,8.231,8.010,,,1,0,,"Background noise;Bark;Generic impact sounds;Male speech, man speaking",base
hBRegBDAwIo_230000,hBRegBDAwIo,230.0,background,,,0,0,bg,,,,,Music,0,0,,"Generic impact sounds;Male speech, man speaking;Music;Pant (dog);Tick",base
hCMHPb9retQ_0,hCMHPb9retQ,0.0,background,,,0,0,bg,,,,,,0,0,,"Bee, wasp, etc.;Breathing;Chirp, tweet;Female speech, woman speaking;Microphone;Rustle;Sound effect;Tick;Wind",base
hCi1UfJmchk_40000,hCi1UfJmchk,40.0,background,,,0,0,bg,,,,,,0,0,,"Background noise;Female speech, woman speaking;Generic impact sounds;Snoring",base
hF_j32qcc8A_30000,hF_j32qcc8A,30.0,scream,scream,,1,0,v1,6.038,8.173,2.135,,Shout,0,0,,"Generic impact sounds;Human sounds;Male speech, man speaking;Mechanisms;Shout;Tap",base
hFt0PTXUohA_30000,hFt0PTXUohA,30.0,dog_bark,dog_bark,dog_bark,1,1,real,1.711,8.196,6.485,,,1,0,speech,"Background noise;Bark;Bird vocalization, bird call, bird song;Camera;Generic impact sounds;Gunshot, gunfire;Speech;Tick;Wind noise (microphone)",base
hGNgYWayRzY_10000,hGNgYWayRzY,10.0,glass,glass,glass,1,1,v1,5.704,7.518,1.814,,Music,0,0,,Generic impact sounds;Glass shatter;Music,base
hI9FHIwNP7M_0,hI9FHIwNP7M,0.0,glass,glass,glass,1,1,v1,2.269,2.720,0.451,,,0,0,,Glass shatter,base
hLFJcW6RVAM_30000,hLFJcW6RVAM,30.0,scream,,scream,0,1,real,7.583,10.000,2.417,,Music;Screaming,0,0,,Grunt;Music;Screaming;Sound effect;Thunderstorm,base
hLGUCY0OHEw_0,hLGUCY0OHEw,0.0,glass,glass,glass,1,1,real,1.652,3.295,1.643,,Laughter;Music,0,0,laughter,"Glass shatter;Gunshot, gunfire;Laughter;Male singing;Male speech, man speaking;Music",base
hMCauyiBpjY_0,hMCauyiBpjY,0.0,background,,,0,0,bg,,,,,,0,0,,"Beep, bleep;Breathing;Generic impact sounds;Male speech, man speaking",base
hO34ffXP-dQ_30000,hO34ffXP-dQ,30.0,dog_bark,dog_bark,dog_bark,1,1,real,4.251,6.045,1.794,,,1,0,,"Bark;Beep, bleep;Fire;Generic impact sounds;Heavy engine (low frequency);Human sounds",base
hOqTY9pqnMc_30000,hOqTY9pqnMc,30.0,scream,scream,,1,0,v1,9.646,10.000,0.354,,Shout,0,0,crowd,"Clicking;Female speech, woman speaking;Hubbub, speech noise, speech babble;Male speech, man speaking;Shout;Wind noise (microphone)",base
hQL9iS_Kcac_30000,hQL9iS_Kcac,30.0,siren,siren,siren,1,1,v1,0.000,10.000,10.000,Siren,,0,0,,"Breathing;Generic impact sounds;Run;Siren;Throat clearing;Video game sound;Walk, footsteps",base
hToWZ9dkozg_30000,hToWZ9dkozg,30.0,siren,siren,siren,1,1,v1,0.000,4.659,4.659,Siren,,0,0,,Explosion;Siren,base
hZ0t74SbFkk_30000,hZ0t74SbFkk,30.0,dog_bark,dog_bark,dog_bark,1,1,v1,9.395,9.618,0.223,,,1,0,,"Bark;Car;Male speech, man speaking;Rustle;Tap;Vehicle horn, car horn, honking, toot;Wind",base
hZ1De3WpU9U_30000,hZ1De3WpU9U,30.0,scream,,scream,0,1,real,1.753,8.779,7.026,,Laughter;Screaming,0,0,laughter,"Background noise;Conversation;Female speech, woman speaking;Grunt;Laughter;Male speech, man speaking;Screaming;Splash, splatter",base
hZ61BXvw4SY_30000,hZ61BXvw4SY,30.0,background,,,0,0,bg,,,,,,0,0,,"Female speech, woman speaking;Generic impact sounds;Mechanisms;Squeal",base
hZFC7k-u6DE_160000,hZFC7k-u6DE,160.0,scream,scream,scream,1,1,real,0.820,1.566,0.746,,Screaming;Shout,0,0,,"Emergency vehicle;Male speech, man speaking;Screaming;Shout;Traffic noise, roadway noise;Vehicle horn, car horn, honking, toot",base
hZzgERKfXqE_30000,hZzgERKfXqE,30.0,glass,glass,glass,1,1,v1,3.935,10.000,6.065,,,0,0,,"Glass shatter;Male speech, man speaking;Mechanisms;Tap;Vehicle",base
h_vl8uFzOPA_8000,h_vl8uFzOPA,8.0,glass,glass,glass,1,1,v1,2.259,3.362,1.103,,,0,0,,Generic impact sounds;Glass shatter,base
hcrOPgDfiPA_24000,hcrOPgDfiPA,24.0,background,,,0,0,bg,,,,,,0,0,,"Background noise;Bicycle, tricycle;Human voice",base
heZ2mlaDgMk_30000,heZ2mlaDgMk,30.0,siren,,siren,0,1,real,8.152,10.000,1.848,Ambulance (siren),,0,0,,"Accelerating, revving, vroom;Ambulance (siren);Heavy engine (low frequency);Rustle",base
hiC55W_LMn8_20000,hiC55W_LMn8,20.0,background,,,0,0,bg,,,,,,0,0,,Background noise;Echo;Whale vocalization,base
hk6kS4p5c5k_7000,hk6kS4p5c5k,7.0,siren,siren,siren,1,1,v1,6.271,7.101,0.830,Siren,Music,0,0,,"Conversation;Female speech, woman speaking;Generic impact sounds;Human voice;Male speech, man speaking;Mechanisms;Music;Siren;Surface contact;Television;Tick",base
hkewPg39qZw_70000,hkewPg39qZw,70.0,glass,glass,glass,1,1,v1,0.095,0.688,0.593,,Laughter;Shout,0,0,laughter,"Bird vocalization, bird call, bird song;Breathing;Child speech, kid speaking;Conversation;Glass shatter;Laughter;Motor vehicle (road);Shout;Tick;Walk, footsteps;Wind",base
hn7edohtu0w_0,hn7edohtu0w,0.0,glass,glass,glass,1,1,v1,4.915,6.803,1.888,,,0,0,,"Breathing;Child speech, kid speaking;Generic impact sounds;Glass shatter;Mechanisms;Wind;Wind noise (microphone)",base
hsDdZeTcYF8_0,hsDdZeTcYF8,0.0,dog_bark,dog_bark,dog_bark,1,1,real,8.088,8.844,0.756,,,1,0,,"Bark;Bird vocalization, bird call, bird song;Breathing;Burping, eructation;Generic impact sounds;Human sounds;Tick;Wind",base
ht3XqylLvIA_26000,ht3XqylLvIA,26.0,scream,scream,scream,1,1,real,4.283,5.364,1.081,,Screaming;Shout,0,0,,"Child speech, kid speaking;Human voice;Screaming;Shout;Splash, splatter;Water;Wind noise (microphone)",base
hud5lhoFWEM_170000,hud5lhoFWEM,170.0,dog_bark,dog_bark,dog_bark,1,1,real,0.700,1.673,0.973,,,1,0,,"Bark;Breathing;Generic impact sounds;Male speech, man speaking;Scrape",base
hxL__HLyZas_0,hxL__HLyZas,0.0,background,,,0,0,bg,,,,,Music,0,0,,Mechanisms;Music;Tick,base
hzPUv9bWw2s_1000,hzPUv9bWw2s,1.0,scream,scream,scream,1,1,real,0.000,9.101,9.101,,Screaming,0,0,,Screaming,base
i-9JI2yHjVo_100000,i-9JI2yHjVo,100.0,glass,glass,glass,1,1,v1,8.608,10.000,1.392,,Laughter,0,0,laughter,"Breathing;Conversation;Generic impact sounds;Glass shatter;Laughter;Male speech, man speaking;Walk, footsteps;Wind noise (microphone)",base
i13am552ZUI_20000,i13am552ZUI,20.0,background,,,0,0,bg,,,,,Music,0,0,,Choir;Music,base
i3_y5a1U5nA_160000,i3_y5a1U5nA,160.0,scream,scream,,1,0,v1,7.323,10.000,2.677,,Shout,0,0,,"Battle cry;Shout;Traffic noise, roadway noise;Vehicle horn, car horn, honking, toot;Whistling",base
i3y_LpbS_b8_6000,i3y_LpbS_b8,6.0,dog_bark,dog_bark,dog_bark,1,1,v1,4.455,5.740,1.285,,,1,0,,"Bark;Bird vocalization, bird call, bird song;Generic impact sounds;Mechanisms;Walk, footsteps",base
i6eXA2ziMzg_0,i6eXA2ziMzg,0.0,glass,glass,glass,1,1,real,2.371,3.117,0.746,,Laughter,0,0,laughter,"Glass shatter;Laughter;Male speech, man speaking;Slap, smack;Sound effect",base
i6vdycYq3SI_30000,i6vdycYq3SI,30.0,background,,,0,0,bg,,,,,,0,0,,"Breathing;Generic impact sounds;Male speech, man speaking;Mechanisms",base
iCp9Mq55Wg0_0,iCp9Mq55Wg0,0.0,background,,,0,0,bg,,,,,,0,0,,Fire alarm;Generic impact sounds;Mechanisms;Surface contact;Tick,base
iDUvX7bZqUs_70000,iDUvX7bZqUs,70.0,background,,,0,0,bg,,,,,Clapping;Laughter,0,0,crowd;laughter,"Bus;Child speech, kid speaking;Clapping;Conversation;Female singing;Female speech, woman speaking;Generic impact sounds;Hubbub, speech noise, speech babble;Laughter;Male speech, man speaking;Whoop",base
iElngvakC80_240000,iElngvakC80,240.0,glass,glass,glass,1,1,v1,7.040,8.681,1.641,,Music,0,0,,"Breaking;Generic impact sounds;Glass;Glass shatter;Male speech, man speaking;Music;Sound effect",base
iGdo9e62A9s_30000,iGdo9e62A9s,30.0,scream,scream,scream,1,1,v1,0.921,1.717,0.796,,Screaming,0,0,,Human sounds;Screaming;Sound effect;Speech synthesizer;Video game sound,base
iH86UuVUa1E_30000,iH86UuVUa1E,30.0,siren,,siren,0,1,real,0.000,10.000,10.000,Police car (siren),,0,0,speech,"Female speech, woman speaking;Generic impact sounds;Police car (siren);Speech;Traffic noise, roadway noise;Vehicle horn, car horn, honking, toot",base
iHJoLgjAZPE_40000,iHJoLgjAZPE,40.0,background,,,0,0,bg,,,,,Laughter,0,0,laughter,"Background noise;Breathing;Conversation;Cough;Laughter;Male speech, man speaking",base
iJr8AC0sPPM_10000,iJr8AC0sPPM,10.0,background,,,0,0,bg,,,,,,0,0,,Basketball bounce;Hands;Mechanisms,base
iL9BXVduNZA_230000,iL9BXVduNZA,230.0,background,,,0,0,bg,,,,,Music,0,0,,"Dishes, pots, and pans;Male speech, man speaking;Music;Sizzle",base
iO5rH9_-cak_0,iO5rH9_-cak,0.0,background,,,0,0,bg,,,,,Crowd;Music,0,0,crowd,Crowd;Music,base
iOPVoYxRBdk_180000,iOPVoYxRBdk,180.0,dog_bark,dog_bark,dog_bark,1,1,real,6.829,7.178,0.349,,,1,0,,"Background noise;Bark;Female speech, woman speaking;Generic impact sounds",base
iPi3-sqNytM_100000,iPi3-sqNytM,100.0,background,,,0,0,bg,,,,,Music,0,0,,Music,base
iQwwip0eajo_150000,iQwwip0eajo,150.0,scream,scream,,1,0,v1,2.984,3.378,0.394,,Shout,0,0,,Clickety-clack;Human sounds;Human voice;Rail transport;Shout;Television;Train whistle,base
iR6h8QUQHCs_20000,iR6h8QUQHCs,20.0,scream,scream,scream,1,1,v1,7.474,8.083,0.609,,Screaming,0,0,,Babbling;Baby laughter;Breathing;Human sounds;Human voice;Mechanisms;Screaming;Tap,base
iRxaPHHvyIk_50000,iRxaPHHvyIk,50.0,siren,,siren,0,1,real,0.000,10.000,10.000,Ambulance (siren),,0,0,,"Ambulance (siren);Vehicle horn, car horn, honking, toot",base
iSmKrIA_CfU_310000,iSmKrIA_CfU,310.0,background,,,0,0,bg,,,,,,0,0,,Generic impact sounds;Mechanisms;Rattle;Surface contact,base
iUQcj6_DhgU_20000,iUQcj6_DhgU,20.0,scream,,scream,0,1,real,0.347,3.044,2.697,,Crowd;Music;Screaming,0,0,crowd,Crowd;Male singing;Music;Screaming,base
iezE3cmRFCk_30000,iezE3cmRFCk,30.0,background,,,0,0,bg,,,,,Music,0,0,,"Breathing;Female speech, woman speaking;Music",base
ifV1iADad0w_1000,ifV1iADad0w,1.0,scream,scream,,1,0,v1,7.595,9.043,1.448,,Shout,0,0,,"Background noise;Basketball bounce;Generic impact sounds;Male speech, man speaking;Mechanisms;Shout;Walk, footsteps",base
ih3zV0nmS2s_30000,ih3zV0nmS2s,30.0,glass,glass,glass,1,1,v1,0.000,8.118,8.118,,,0,0,,Breaking;Glass shatter;Mechanisms,base
ik9weln0Hcg_100000,ik9weln0Hcg,100.0,dog_bark,dog_bark,dog_bark,1,1,real,4.063,4.868,0.805,,,1,1,,"Bark;Conversation;Dog;Female speech, woman speaking;Male speech, man speaking;Motor vehicle (road);Tick;Wind;Wind noise (microphone)",base
ikOQDRdb2DY_330000,ikOQDRdb2DY,330.0,background,,,0,0,bg,,,,,,0,0,,Bus;Door;Generic impact sounds;Squeal,base
ilynOETO0OA_410000,ilynOETO0OA,410.0,background,,,0,0,bg,,,,,Music,0,0,,Music,base
inQXXfsiFbM_320000,inQXXfsiFbM,320.0,background,,,0,0,bg,,,,,Music,0,0,,"Generic impact sounds;Howl (wind);Male speech, man speaking;Music;Sound effect;Television;Tick;Walk, footsteps",base
inn8nNrMuWo_30000,inn8nNrMuWo,30.0,background,,,0,0,bg,,,,,Laughter,0,0,laughter,"Background noise;Child speech, kid speaking;Female speech, woman speaking;Laughter",base
iobl3n3QevY_20000,iobl3n3QevY,20.0,dog_bark,dog_bark,dog_bark,1,1,real,1.142,2.827,1.685,,,1,1,,"Bark;Brief tone;Dog;Generic impact sounds;Hands;Male speech, man speaking;Mechanisms;Surface contact;Tap;Yip",base
ipJeSkKl7Tw_30000,ipJeSkKl7Tw,30.0,background,,,0,0,bg,,,,,Music,0,0,,Background noise;Music;Sound effect,base
itMXy8ic_ZQ_140000,itMXy8ic_ZQ,140.0,background,,,0,0,bg,,,,,Music,0,0,,"Child speech, kid speaking;Generic impact sounds;Male singing;Mechanisms;Music;Surface contact",base
ivabwSu7d50_30000,ivabwSu7d50,30.0,siren,siren,siren,1,1,v1,2.808,10.000,7.192,Siren,Music,0,0,,Music;Rapping;Siren,base
iw6yE2MF_3I_30000,iw6yE2MF_3I,30.0,background,,,0,0,bg,,,,,Laughter,0,0,laughter,"Breathing;Female speech, woman speaking;Generic impact sounds;Human sounds;Laughter;Mechanisms;Squeak",base
ixY9YJ3E-h4_270000,ixY9YJ3E-h4,270.0,dog_bark,dog_bark,dog_bark,1,1,v1,5.726,6.652,0.926,,,1,0,,Animal;Bark;Bleat;Generic impact sounds;Moo;Tap,base
j1Zez4y_xdk_30000,j1Zez4y_xdk,30.0,siren,siren,siren,1,1,v1,0.000,3.883,3.883,Siren,,0,0,,Emergency vehicle;Siren,base
j3MjMkXiNxs_6000,j3MjMkXiNxs,6.0,siren,siren,siren,1,1,v1,5.955,8.602,2.647,Siren,Music,0,0,,Music;Siren,base
j4j1Yx95hAM_80000,j4j1Yx95hAM,80.0,scream,,scream,0,1,real,2.482,3.793,1.311,,Laughter;Screaming,0,0,laughter,"Female speech, woman speaking;Generic impact sounds;Hiccup;Human voice;Laughter;Mechanisms;Screaming;Wind;Wind noise (microphone)",base
j58kZa3yyqo_20000,j58kZa3yyqo,20.0,background,,,0,0,bg,,,,,Music,0,0,,Breathing;Generic impact sounds;Mechanisms;Music;Sound effect;Surface contact,base
j6l4-br6JRc_50000,j6l4-br6JRc,50.0,dog_bark,dog_bark,dog_bark,1,1,v1,2.014,3.318,1.304,,,1,0,,"Background noise;Bark;Bird vocalization, bird call, bird song;Conversation;Female speech, woman speaking;Generic impact sounds;Growling",base
j8D_T2NxdIk_260000,j8D_T2NxdIk,260.0,background,,,0,0,bg,,,,,Laughter,0,0,laughter,"Background noise;Breathing;Female speech, woman speaking;Generic impact sounds;Laughter;Squeak;Tick",base
jF2rfqpmR6I_30000,jF2rfqpmR6I,30.0,scream,scream,,1,0,v1,9.516,10.000,0.484,,Shout,0,0,,"Background noise;Bouncing;Breathing;Generic impact sounds;Male speech, man speaking;Shout",base
jFxEu6wQnRw_30000,jFxEu6wQnRw,30.0,background,,,0,0,bg,,,,,,0,0,,"Background noise;Female speech, woman speaking;Surface contact;Tap;Writing",base
jGYEuwDEdXU_0,jGYEuwDEdXU,0.0,glass,glass,glass,1,1,real,1.206,2.320,1.114,,Music,0,0,,Glass shatter;Male singing;Music,base
jH--oZ0utJQ_25000,jH--oZ0utJQ,25.0,siren,siren,siren,1,1,real,0.410,7.930,7.520,Siren,,0,0,,Background noise;Human voice;Siren;Surface contact,base
jH7m4UJQ7hQ_0,jH7m4UJQ7hQ,0.0,glass,glass,glass,1,1,real,4.677,6.189,1.512,,,0,0,,"Animal;Car alarm;Generic impact sounds;Glass shatter;Surface contact;Walk, footsteps",base
jI0kOfMx1Bg_0,jI0kOfMx1Bg,0.0,background,,,0,0,bg,,,,,Laughter,0,0,laughter,"Background noise;Child speech, kid speaking;Firecracker;Laughter",base
jMgpv1BgDq0_50000,jMgpv1BgDq0,50.0,scream,,scream,0,1,real,3.082,4.189,1.107,,Clapping;Crowd;Music;Screaming;Shout,0,0,crowd,Child singing;Clapping;Crowd;Distortion;Music;Screaming;Shout,base
jO-PZRnY04A_22000,jO-PZRnY04A,22.0,siren,,siren,0,1,real,0.000,9.393,9.393,Police car (siren),,0,0,,Police car (siren);Sound effect;Video game sound,base
jOcLl3ZRz38_30000,jOcLl3ZRz38,30.0,siren,,siren,0,1,real,0.000,10.000,10.000,Civil defense siren,,0,0,,Civil defense siren,base
jP6-7ewhGIE_30000,jP6-7ewhGIE,30.0,background,,,0,0,bg,,,,,,0,0,,"Animal;Generic impact sounds;Human sounds;Male speech, man speaking;Video game sound",base
jRo8q8EpoMo_30000,jRo8q8EpoMo,30.0,background,,,0,0,bg,,,,,,0,0,,"Breathing;Generic impact sounds;Male speech, man speaking;Mechanisms;Tick",base
jTqaOXMmYJo_20000,jTqaOXMmYJo,20.0,siren,siren,siren,1,1,v1,0.000,10.000,10.000,Siren,,0,0,,Generic impact sounds;Mechanisms;Siren,base
jUCJ_LtWUO4_0,jUCJ_LtWUO4,0.0,glass,glass,glass,1,1,real,4.423,7.990,3.567,,,0,0,,"Car alarm;Generic impact sounds;Glass shatter;Walk, footsteps;Wind",base
jUEHNtm0EhM_10000,jUEHNtm0EhM,10.0,glass,glass,glass,1,1,real,1.718,2.416,0.698,,,0,0,,"Female speech, woman speaking;Generic impact sounds;Glass shatter;Male speech, man speaking;Mechanisms",base
jVvNy0CeA-w_170000,jVvNy0CeA-w,170.0,background,,,0,0,bg,,,,,Music,0,0,,"Animal;Gunshot, gunfire;Human sounds;Male speech, man speaking;Music;Sound effect;Video game sound",base
jWQa7SEze0Q_30000,jWQa7SEze0Q,30.0,background,,,0,0,bg,,,,,,0,0,crowd,"Cat;Hubbub, speech noise, speech babble",base
jX7Gfl2qcdg_4000,jX7Gfl2qcdg,4.0,background,,,0,0,bg,,,,,,0,0,,Background noise;Fire alarm,base
jXphabEsyZQ_60000,jXphabEsyZQ,60.0,scream,,scream,0,1,real,1.891,2.377,0.486,,Cheering;Crowd;Music;Screaming,0,0,crowd,"Cheering;Crowd;Male speech, man speaking;Music;Screaming;Whoop",base
jbuFWGSjrn4_120000,jbuFWGSjrn4,120.0,background,,,0,0,bg,,,,,,0,0,,"Blender, food processor",base
jj6FsxAQxs8_2000,jj6FsxAQxs8,2.0,background,,,0,0,bg,,,,,,0,0,,Whimper (dog),base
jnNAUOvNdEE_0,jnNAUOvNdEE,0.0,background,,,0,0,bg,,,,,Music,0,0,,Music,base
jpZGvviJazk_30000,jpZGvviJazk,30.0,scream,scream,,1,0,v1,7.157,8.142,0.985,,Shout,0,0,,"Background noise;Breathing;Child speech, kid speaking;Female speech, woman speaking;Generic impact sounds;Human voice;Male speech, man speaking;Shout;Thump, thud",base
jptViz0JTa0_70000,jptViz0JTa0,70.0,dog_bark,dog_bark,dog_bark,1,1,v1,1.690,2.138,0.448,,,1,1,,"Bark;Dog;Generic impact sounds;Male speech, man speaking;Mechanisms",base
jrQ5heBPzgg_40000,jrQ5heBPzgg,40.0,background,,,0,0,bg,,,,,,0,0,,Fill (with liquid);Generic impact sounds;Mechanisms;Surface contact,base
jyAVwXhbR5g_30000,jyAVwXhbR5g,30.0,background,,,0,0,bg,,,,,Laughter,0,0,laughter,"Baby laughter;Female speech, woman speaking;Human voice;Laughter;Male speech, man speaking;Mechanisms;Surface contact;Television;Tick",base
k6U-cncJCII_10000,k6U-cncJCII,10.0,background,,,0,0,bg,,,,,Music,0,0,,Music,base
k9wFjCXAAiU_430000,k9wFjCXAAiU,430.0,dog_bark,dog_bark,dog_bark,1,1,real,9.040,9.373,0.333,,,1,0,,"Bark;Helicopter;Human voice;Male speech, man speaking;Motor vehicle (road);Wind",base
kBAmFNiWFlU_30000,kBAmFNiWFlU,30.0,scream,scream,,1,0,v1,9.189,9.488,0.299,,Shout,0,0,,"Artillery fire;Conversation;Generic impact sounds;Male speech, man speaking;Mechanisms;Shout;Tick;Whoosh, swoosh, swish;Wind noise (microphone)",base
kBNEe7RW0eM_510000,kBNEe7RW0eM,510.0,siren,siren,siren,1,1,v1,5.523,10.000,4.477,Siren,,0,0,,"Male speech, man speaking;Rain;Siren;Thunder;Tick;Video game sound",base
kE45FZIxn1o_9000,kE45FZIxn1o,9.0,siren,,siren,0,1,real,0.000,4.782,4.782,Police car (siren),,0,0,,"Motor vehicle (road);Police car (siren);Vehicle horn, car horn, honking, toot;Wind",base
kEslxnpmr1A_110000,kEslxnpmr1A,110.0,glass,glass,glass,1,1,real,7.990,8.650,0.660,,Crowd;Music,0,0,crowd,Crowd;Glass shatter;Music,base
kFCzn6vjMhk_6000,kFCzn6vjMhk,6.0,background,,,0,0,bg,,,,,,0,0,,Car alarm;Generic impact sounds;Mechanisms,base
kFQvIptIcXM_80000,kFQvIptIcXM,80.0,background,,,0,0,bg,,,,,,0,0,,"Accelerating, revving, vroom;Arrow;Bird vocalization, bird call, bird song;Generic impact sounds;Motor vehicle (road)",base
kHUDPZtsYM8_0,kHUDPZtsYM8,0.0,background,,,0,0,bg,,,,,Laughter;Music,0,0,laughter,"Generic impact sounds;Human sounds;Laughter;Male speech, man speaking;Music;Tick;Traffic noise, roadway noise",base
kHW1ABmnpPw_30000,kHW1ABmnpPw,30.0,background,,,0,0,bg,,,,,,0,0,,"Accelerating, revving, vroom;Medium engine (mid frequency)",base
kJ81RskVL_U_20000,kJ81RskVL_U,20.0,background,,,0,0,bg,,,,,Music,0,0,,Male singing;Music,base
kJGiQULWDOQ_30000,kJGiQULWDOQ,30.0,dog_bark,dog_bark,dog_bark,1,1,real,2.935,4.138,1.203,,,1,0,,Animal;Background noise;Bark;Bleat;Pant (dog);Tick,base
kKg25feREo0_30000,kKg25feREo0,30.0,siren,siren,siren,1,1,v1,0.000,10.000,10.000,Siren,,0,0,,Generic impact sounds;Siren,base
kNXFR2vrOVM_30000,kNXFR2vrOVM,30.0,background,,,0,0,bg,,,,,Music,0,0,,Music;Rapping,base
kP-TVabjuMw_0,kP-TVabjuMw,0.0,background,,,0,0,bg,,,,,,0,0,,"Heart sounds, heartbeat;Hum;Plop;Sound effect;Writing",base
kQQfVX3_jpg_30000,kQQfVX3_jpg,30.0,glass,glass,glass,1,1,real,1.927,3.408,1.481,,Music,0,0,,"Breathing;Generic impact sounds;Glass shatter;Male speech, man speaking;Mechanisms;Music",base
kQaA1Ou6FSs_30000,kQaA1Ou6FSs,30.0,background,,,0,0,bg,,,,,Music,0,0,,Croak;Female singing;Male singing;Music,base
kR2f1XYlWms_0,kR2f1XYlWms,0.0,background,,,0,0,bg,,,,,Music,0,0,,Female singing;Gasp;Music,base
kS87p59ekTQ_50000,kS87p59ekTQ,50.0,background,,,0,0,bg,,,,,,0,0,,"Slosh;Stream, river;Wind noise (microphone)",base
kUWqRzeP3bA_30000,kUWqRzeP3bA,30.0,background,,,0,0,bg,,,,,Music,0,0,,Music;Rapping,base
kVPtZuRakb8_220000,kVPtZuRakb8,220.0,background,,,0,0,bg,,,,,Music,0,0,,Music,base
kWCAg-6GvCU_20000,kWCAg-6GvCU,20.0,glass,glass,glass,1,1,v1,4.734,5.543,0.809,,,0,0,,"Background noise;Glass shatter;Male speech, man speaking;Motor vehicle (road);Sound effect;Whack, thwack",base
k_Z0PcD8Z94_60000,k_Z0PcD8Z94,60.0,dog_bark,dog_bark,dog_bark,1,1,real,7.339,8.031,0.692,,,1,0,,Babbling;Baby laughter;Bark;Growling;Mechanisms,base
kgFrPSW4AZQ_30000,kgFrPSW4AZQ,30.0,background,,,0,0,bg,,,,,,0,0,,Engine,base
kha_lBy8AgE_30000,kha_lBy8AgE,30.0,background,,,0,0,bg,,,,,Music,0,0,,Music,base
kjsUeDTJgCk_20000,kjsUeDTJgCk,20.0,background,,,0,0,bg,,,,,Clapping;Music,0,0,,Clapping;Fireworks;Music,base
kk9DM5ZbcAA_30000,kk9DM5ZbcAA,30.0,background,,,0,0,bg,,,,,Laughter,0,0,laughter,"Conversation;Laughter;Male speech, man speaking;Sound effect",base
kn0FT7Msebc_10000,kn0FT7Msebc,10.0,scream,scream,,1,0,v1,2.039,3.282,1.243,,Shout,0,0,,Machine gun;Mechanisms;Shout,base
kpZa1WcM5bA_20000,kpZa1WcM5bA,20.0,background,,,0,0,bg,,,,,Music,0,0,,Background noise;Music,base
kq4qKWkowPk_30000,kq4qKWkowPk,30.0,background,,,0,0,bg,,,,,,0,0,,Breathing;Duck call (hunting tool);Mechanisms,base
kqgkewEyfQY_20000,kqgkewEyfQY,20.0,dog_bark,dog_bark,dog_bark,1,1,real,7.447,7.825,0.378,,,1,1,,"Bark;Dog;Generic impact sounds;Howl;Male speech, man speaking;Mechanisms",base
ktpzhQcW1Ok_30000,ktpzhQcW1Ok,30.0,dog_bark,dog_bark,dog_bark,1,1,real,8.268,9.575,1.307,,,1,0,,"Bark;Conversation;Female speech, woman speaking;Generic impact sounds;Male speech, man speaking;Mechanisms;Mouse;Tick",base
kvRx-I-gyAo_150000,kvRx-I-gyAo,150.0,background,,,0,0,bg,,,,,,0,0,,"Drawer open or close;Generic impact sounds;Male speech, man speaking;Mechanisms;Tick",base
ky8wdnchoQY_30000,ky8wdnchoQY,30.0,background,,,0,0,bg,,,,,,0,0,,Background noise;Generic impact sounds;Snake;Tick,base
l0fZzZla4M8_30000,l0fZzZla4M8,30.0,background,,,0,0,bg,,,,,Music,0,0,,Choir;Music,base
l1t_mv7L14s_22000,l1t_mv7L14s,22.0,background,,,0,0,bg,,,,,Music,0,0,,"Gunshot, gunfire;Male speech, man speaking;Music;Video game sound;Wail, moan",base
l2WiFUJZo5Q_40000,l2WiFUJZo5Q,40.0,background,,,0,0,bg,,,,,,0,0,,"Breathing;Stomp, stamp;Thump, thud",base
l2XXuA9pm1Q_30000,l2XXuA9pm1Q,30.0,background,,,0,0,bg,,,,,Music,0,0,,"Bird vocalization, bird call, bird song;Liquid;Music",base
l4Nbl3kN2-U_30000,l4Nbl3kN2-U,30.0,dog_bark,dog_bark,,1,0,v1,2.442,3.466,1.024,,Music,0,1,dog_nonbark,Brief tone;Dog;Drip;Music;Sound effect,base
l4VQB9heh5g_160000,l4VQB9heh5g,160.0,background,,,0,0,bg,,,,,Music,0,0,,"Male speech, man speaking;Music;Sawing",base
l5MCORgLR3Y_20000,l5MCORgLR3Y,20.0,siren,,siren,0,1,real,0.000,10.000,10.000,Civil defense siren,,0,0,,Civil defense siren;Generic impact sounds;Surface contact,base
l5wAEutd0mw_10000,l5wAEutd0mw,10.0,scream,,scream,0,1,real,7.931,8.924,0.993,,Cheering;Music;Screaming,0,0,crowd,Cheering;Male singing;Music;Screaming,base
l8pqYgEImiI_0,l8pqYgEImiI,0.0,background,,,0,0,bg,,,,,,0,0,,Background noise;Ringtone,base
l9WRdcxHE4s_60000,l9WRdcxHE4s,60.0,background,,,0,0,bg,,,,,,0,0,,Speech synthesizer,base
lAC8te4sjHM_10000,lAC8te4sjHM,10.0,siren,,siren,0,1,real,0.000,5.423,5.423,Ambulance (siren),,0,0,,Ambulance (siren);Motor vehicle (road);Truck;Wind noise (microphone),base
lEvoo-56fFc_180000,lEvoo-56fFc,180.0,siren,,siren,0,1,real,0.000,10.000,10.000,Civil defense siren,,0,0,,Civil defense siren,base
lIFTregLud0_30000,lIFTregLud0,30.0,background,,,0,0,bg,,,,,Music,0,0,,Breathing;Female singing;Human voice;Music,base
lKEApT6uvZE_110000,lKEApT6uvZE,110.0,glass,glass,glass,1,1,real,6.388,10.000,3.612,,,0,0,,Background noise;Glass shatter;Sound effect,base
lKZuVE4MO7o_240000,lKZuVE4MO7o,240.0,glass,glass,glass,1,1,v1,3.349,6.977,3.628,,Music,0,0,,Generic impact sounds;Glass shatter;Music,base
lNGt8ArIbsI_0,lNGt8ArIbsI,0.0,scream,scream,,1,0,v1,5.000,6.005,1.005,,Shout,0,0,,"Breathing;Generic impact sounds;Male speech, man speaking;Mechanisms;Shout",base
lPnXVeiRtu0_470000,lPnXVeiRtu0,470.0,glass,glass,glass,1,1,v1,4.988,6.583,1.595,,Music,0,0,,Glass shatter;Music;Rapping,base
lUojaarlq4E_20000,lUojaarlq4E,20.0,background,,,0,0,bg,,,,,,0,0,alarm,Alarm;Generic impact sounds;Mechanisms;Surface contact,base
lWC8g1IEYzY_30000,lWC8g1IEYzY,30.0,siren,siren,siren,1,1,v1,5.404,10.000,4.596,Siren,,0,0,,"Emergency vehicle;Generic impact sounds;Male speech, man speaking;Radio;Siren;Tick",base
l_K9-MFmDFU_50000,l_K9-MFmDFU,50.0,background,,,0,0,bg,,,,,,0,0,,"Bus;Conversation;Female speech, woman speaking;Male speech, man speaking",base
l_mlV0HST60_30000,l_mlV0HST60,30.0,siren,siren,siren,1,1,v1,0.000,10.000,10.000,Siren,,0,0,,Clicking;Siren,base
ldDK1DMW63c_0,ldDK1DMW63c,0.0,siren,siren,siren,1,1,v1,6.569,10.000,3.431,Siren,,0,0,,"Background noise;Beep, bleep;Generic impact sounds;Siren;Surface contact;Tap",base
ldKwndWndDY_200000,ldKwndWndDY,200.0,glass,glass,glass,1,1,v1,5.874,8.969,3.095,,Laughter,0,0,laughter,"Boom;Conversation;Generic impact sounds;Glass shatter;Groan;Laughter;Male speech, man speaking;Video game sound;Wind",base
lfHee7qOCck_0,lfHee7qOCck,0.0,background,,,0,0,bg,,,,,,0,0,,Background noise;Generic impact sounds;Pant;Surface contact,base
lk4PET8IyIk_20000,lk4PET8IyIk,20.0,glass,glass,glass,1,1,real,0.666,3.047,2.381,,,0,0,,"Breaking;Generic impact sounds;Glass shatter;Walk, footsteps;Wind;Wind noise (microphone)",base
lkV6grUamnA_30000,lkV6grUamnA,30.0,scream,,scream,0,1,real,3.586,8.027,4.441,,Clapping;Crowd;Music;Screaming,0,0,speech;crowd,Clapping;Crowd;Generic impact sounds;Music;Noise;Screaming;Speech,base
lmJuJ0DMNbM_30000,lmJuJ0DMNbM,30.0,scream,scream,,1,0,v1,2.604,3.095,0.491,,Shout,0,0,crowd,"Air horn, truck horn;Female speech, woman speaking;Hubbub, speech noise, speech babble;Male speech, man speaking;Shout;Tick;Traffic noise, roadway noise",base
lnbpzQ0Mki8_90000,lnbpzQ0Mki8,90.0,glass,glass,glass,1,1,v1,8.316,9.932,1.616,,,0,0,,"Generic impact sounds;Glass shatter;Male speech, man speaking;Sound effect;Thump, thud;Walk, footsteps",base
lqqhvKtlRA4_40000,lqqhvKtlRA4,40.0,background,,,0,0,bg,,,,,,0,0,,Sine wave,base
m-1qBGoFWEA_10000,m-1qBGoFWEA,10.0,siren,,siren,0,1,real,0.000,10.000,10.000,"Fire engine, fire truck (siren)",,0,0,,"Fire engine, fire truck (siren);Traffic noise, roadway noise;Wind;Wind noise (microphone)",base
m-fVL2HJj4M_20000,m-fVL2HJj4M,20.0,background,,,0,0,bg,,,,,,0,0,,Background noise;Fireworks;Generic impact sounds;Surface contact,base
m1FPMzdE9II_0,m1FPMzdE9II,0.0,glass,glass,glass,1,1,real,1.830,4.693,2.863,,,0,0,,Background noise;Glass shatter;Sound effect;Tick,base
m1gLWJ5G270_30000,m1gLWJ5G270,30.0,dog_bark,dog_bark,dog_bark,1,1,v1,0.225,0.460,0.235,,,1,0,speech,"Bark;Bird vocalization, bird call, bird song;Female speech, woman speaking;Generic impact sounds;Insect;Speech;Tick;Wind;Wind noise (microphone)",base
m27tJQFvgYU_180000,m27tJQFvgYU,180.0,scream,scream,,1,0,v1,2.721,3.330,0.609,,Shout,0,0,,"Background noise;Basketball bounce;Generic impact sounds;Male speech, man speaking;Reverberation;Shout;Squeal;Tick",base
m289GfGiqi4_90000,m289GfGiqi4,90.0,scream,,scream,0,1,real,0.000,1.204,1.204,,Crowd;Music;Screaming,0,0,crowd,Crowd;Male singing;Music;Screaming;Whoop,base
m40-urc_rIs_130000,m40-urc_rIs,130.0,scream,,scream,0,1,real,4.646,7.063,2.417,,Music;Screaming,0,0,,Generic impact sounds;Music;Screaming;Sound effect,base
m50hi3spgZ4_140000,m50hi3spgZ4,140.0,scream,scream,scream,1,1,real,3.394,10.000,6.606,,Screaming,0,0,,"Car;Male speech, man speaking;Screaming;Tire squeal, skidding;Wind noise (microphone)",base
m5XUlzgA490_0,m5XUlzgA490,0.0,dog_bark,dog_bark,dog_bark,1,1,real,9.637,10.000,0.363,,,1,0,,"Bark;Bow-wow;Chirp, tweet;Clicking;Rustle;Surface contact",base
mAiYkTdYDmc_10000,mAiYkTdYDmc,10.0,siren,siren,siren,1,1,v1,0.015,10.000,9.985,Siren,,0,0,,Siren,base
mBw-2OcaDhk_0,mBw-2OcaDhk,0.0,background,,,0,0,bg,,,,,Music,0,0,,"Male singing;Male speech, man speaking;Music;Whistling",base
mEtpdniAnyk_0,mEtpdniAnyk,0.0,glass,glass,glass,1,1,real,7.462,9.278,1.816,,Music,0,0,,"Glass shatter;Male speech, man speaking;Music;Noise",base
mFcc7YI-lys_0,mFcc7YI-lys,0.0,scream,scream,scream,1,1,real,4.846,5.361,0.515,,Screaming,0,0,,"Clip-clop;Female speech, woman speaking;Human voice;Screaming;Tick;Wind;Wind noise (microphone)",base
mG6QALDWI1U_30000,mG6QALDWI1U,30.0,scream,scream,,1,0,v1,4.261,10.000,5.739,,Shout,0,0,,"Child speech, kid speaking;Shout;Slosh;Splash, splatter",base
mITY7I2Fdrg_30000,mITY7I2Fdrg,30.0,background,,,0,0,bg,,,,,Music,0,0,,Music,base
mKeLOPmevJ0_23000,mKeLOPmevJ0,23.0,scream,,scream,0,1,real,1.111,3.375,2.264,,Applause;Crowd;Screaming;Shout,0,0,crowd,"Applause;Background noise;Crowd;Generic impact sounds;Male speech, man speaking;Screaming;Shout;Whoop",base
mQ5vFi8nc2o_90000,mQ5vFi8nc2o,90.0,background,,,0,0,bg,,,,,,0,0,,"Accelerating, revving, vroom;Bus;Engine starting;Male speech, man speaking",base
mQUCE0bparU_0,mQUCE0bparU,0.0,background,,,0,0,bg,,,,,Giggle,0,0,,Fireworks;Giggle;Human sounds,base
mSz0rZGISbg_30000,mSz0rZGISbg,30.0,background,,,0,0,bg,,,,,,0,0,,Background noise;Computer keyboard,base
mUoMW0I-2v8_100000,mUoMW0I-2v8,100.0,background,,,0,0,bg,,,,,,0,0,,"Accelerating, revving, vroom;Engine;Steam whistle",base
mUvBWq2KcP4_30000,mUvBWq2KcP4,30.0,background,,,0,0,bg,,,,,,0,0,,"Chopping (food);Male speech, man speaking",base
mVA20LQ_q0c_30000,mVA20LQ_q0c,30.0,siren,siren,siren,1,1,v1,5.557,10.000,4.443,Siren,Music,0,0,,"Male speech, man speaking;Music;Siren;Whistling",base
mVE49Xvp9NY_30000,mVE49Xvp9NY,30.0,scream,scream,scream,1,1,real,6.200,9.095,2.895,,Screaming;Shout,0,0,,"Human voice;Male speech, man speaking;Mechanisms;Screaming;Shout;Splash, splatter;Wind;Wind noise (microphone)",base
mYvReij8GGk_30000,mYvReij8GGk,30.0,siren,siren,siren,1,1,v1,0.000,10.000,10.000,Siren,,0,0,,Siren;Vehicle,base
mYwlJS_9fTA_40000,mYwlJS_9fTA,40.0,background,,,0,0,bg,,,,,,0,0,,Crushing;Generic impact sounds;Heavy engine (low frequency),base
m_fU6X6vwEg_80000,m_fU6X6vwEg,80.0,background,,,0,0,bg,,,,,,0,0,,Tick;Water;Wind noise (microphone),base
mfaOEO2emfM_0,mfaOEO2emfM,0.0,glass,glass,glass,1,1,real,0.870,6.260,5.390,,Music,0,0,,Generic impact sounds;Glass shatter;Music;Sound effect,base
mhFeUbaq9uc_370000,mhFeUbaq9uc,370.0,scream,,scream,0,1,real,6.114,7.528,1.414,,Crowd;Music;Screaming,0,0,crowd,Crowd;Male singing;Music;Screaming;Tick,base
mjCjss_Ot9g_160000,mjCjss_Ot9g,160.0,background,,,0,0,bg,,,,,,0,0,,Generic impact sounds;Mechanisms;Scrape;Tap;Tick,base
mmlBCGv9tl4_50000,mmlBCGv9tl4,50.0,dog_bark,dog_bark,dog_bark,1,1,real,6.257,7.424,1.167,,,1,1,,Bark;Breathing;Dog;Mechanisms;Sniff;Tap,base
mn6oiVizbBA_480000,mn6oiVizbBA,480.0,scream,scream,,1,0,v1,0.338,1.082,0.744,,Shout,0,0,,"Boat, Water vehicle;Generic impact sounds;Male speech, man speaking;Ocean;Shout;Splash, splatter;Wind noise (microphone)",base
mnfJbQ-KKU4_250000,mnfJbQ-KKU4,250.0,siren,siren,siren,1,1,v1,0.873,5.152,4.279,Siren,,0,0,,"Male speech, man speaking;Mechanisms;Siren;Tick",base
mpB3A6Itq5M_30000,mpB3A6Itq5M,30.0,background,,,0,0,bg,,,,,,0,0,,Generic impact sounds;Mechanisms;Medium engine (mid frequency);Surface contact,base
msvG5ZhcVVA_300000,msvG5ZhcVVA,300.0,dog_bark,dog_bark,dog_bark,1,1,v1,6.764,7.109,0.345,,,1,0,,"Background noise;Bark;Bird;Chirp, tweet;Cricket",base
mtQMdXpsUl4_140000,mtQMdXpsUl4,140.0,scream,,scream,0,1,real,4.694,6.045,1.351,,Laughter;Screaming,0,0,laughter,"Background noise;Beep, bleep;Bird vocalization, bird call, bird song;Human sounds;Laughter;Screaming;Surface contact;Thump, thud",base
mv6AY7lLQ6E_170000,mv6AY7lLQ6E,170.0,scream,scream,scream,1,1,real,2.825,4.430,1.605,,Screaming,0,0,,"Explosion;Generic impact sounds;Gunshot, gunfire;Mechanisms;Screaming;Surface contact;Tick;Video game sound;Walk, footsteps",base
mw1XPXSfWcI_300000,mw1XPXSfWcI,300.0,background,,,0,0,bg,,,,,,0,0,,Background noise;Pulleys,base
mw65G_AKTw4_21000,mw65G_AKTw4,21.0,background,,,0,0,bg,,,,,Music,0,0,crying,"Breathing;Buzz;Crying, sobbing;Female speech, woman speaking;Male speech, man speaking;Music;Sound effect;Whistling",base
mwyKO3Da7N8_30000,mwyKO3Da7N8,30.0,scream,scream,,1,0,v1,9.767,10.000,0.233,,Shout,0,0,speech,"Background noise;Generic impact sounds;Gunshot, gunfire;Mechanisms;Shout;Speech;Tick",base
n-eMAdCZnNI_30000,n-eMAdCZnNI,30.0,scream,scream,,1,0,v1,1.091,3.830,2.739,,Shout,0,0,crowd,"Background noise;Child speech, kid speaking;Hubbub, speech noise, speech babble;Male speech, man speaking;Shout;Water",base
n2JNW0sRTaM_280000,n2JNW0sRTaM,280.0,glass,glass,glass,1,1,v1,7.951,8.987,1.036,,Music,0,0,,"Beep, bleep;Generic impact sounds;Glass shatter;Music;Sine wave;Synthetic singing;Tick;Whispering",base
n3_73WIzItY_80000,n3_73WIzItY,80.0,scream,,scream,0,1,real,0.000,10.000,10.000,,Music;Screaming,0,0,,Music;Screaming,base
n3nXk5I2gGw_30000,n3nXk5I2gGw,30.0,background,,,0,0,bg,,,,,,0,0,,"Breathing;Brief tone;Male speech, man speaking;Mechanisms",base
n5CBi-hbR_s_270000,n5CBi-hbR_s,270.0,background,,,0,0,bg,,,,,,0,0,,"Background noise;Clang;Generic impact sounds;Gunshot, gunfire",base
n9EH8v06Gys_150000,n9EH8v06Gys,150.0,siren,siren,siren,1,1,v1,9.244,9.583,0.339,Siren,,0,0,,"Background noise;Beep, bleep;Car alarm;Generic impact sounds;Keys jangling;Male speech, man speaking;Narration, monologue;Ringtone;Siren",base
nAgZ5PexlT8_50000,nAgZ5PexlT8,50.0,glass,glass,glass,1,1,real,2.807,5.335,2.528,,,0,0,,Breaking;Generic impact sounds;Glass shatter;Mechanisms;Tick,base
nBGn-AqYLbw_0,nBGn-AqYLbw,0.0,glass,glass,glass,1,1,real,7.544,8.373,0.829,,,0,0,,"Background noise;Female speech, woman speaking;Glass shatter;Surface contact;Tap",base
nDfjIxcNlKw_130000,nDfjIxcNlKw,130.0,glass,glass,glass,1,1,v1,4.126,5.283,1.157,,,0,0,,Breathing;Gasp;Generic impact sounds;Glass shatter;Human voice;Tap,base
nF-i1jUXwMA_70000,nF-i1jUXwMA,70.0,dog_bark,dog_bark,dog_bark,1,1,real,7.626,8.257,0.631,,,1,0,,"Bark;Conversation;Male speech, man speaking;Walk, footsteps",base
nF2qiya1Ul4_160000,nF2qiya1Ul4,160.0,background,,,0,0,bg,,,,,Music,0,0,,"Generic impact sounds;Human voice;Male speech, man speaking;Music;Snort;Television",base
nIFbKv1qjfw_20000,nIFbKv1qjfw,20.0,scream,scream,scream,1,1,v1,8.661,9.443,0.782,,Screaming,0,0,,Battle cry;Screaming,base
nLNoayeq0sI_30000,nLNoayeq0sI,30.0,siren,siren,siren,1,1,v1,0.000,10.000,10.000,Siren,,0,0,,Siren,base
nOyVUdqe_Z0_0,nOyVUdqe_Z0,0.0,glass,glass,glass,1,1,real,4.104,5.607,1.503,,,0,0,,Glass shatter;Mechanisms;Sound effect,base
nQq9ABcXUH8_63000,nQq9ABcXUH8,63.0,siren,siren,siren,1,1,v1,0.000,9.343,9.343,Siren,,0,0,,"Male speech, man speaking;Medium engine (mid frequency);Siren;Tick",base
nTcHJMXOI-Y_13000,nTcHJMXOI-Y,13.0,siren,siren,siren,1,1,v1,0.000,9.431,9.431,Siren,,0,0,,Siren,base
nU005RButcc_30000,nU005RButcc,30.0,background,,,0,0,bg,,,,,,0,0,,"Female speech, woman speaking;Generic impact sounds;Paper rustling;Sine wave;Surface contact",base
nUot18EehaE_220000,nUot18EehaE,220.0,background,,,0,0,bg,,,,,Music,0,0,,"Background noise;Generic impact sounds;Male speech, man speaking;Music;Sanding",base
nViMUL09X4Q_50000,nViMUL09X4Q,50.0,glass,glass,glass,1,1,v1,5.441,6.370,0.929,,Music,0,0,,"Cricket;Glass shatter;Human voice;Male speech, man speaking;Music",base
nWzdsntCMg8_260000,nWzdsntCMg8,260.0,background,,,0,0,bg,,,,,,0,0,,"Chirp, tweet;Motorboat, speedboat;Water;Wind",base
nZGcya5tpb4_30000,nZGcya5tpb4,30.0,glass,glass,glass,1,1,real,0.062,0.574,0.512,,Laughter;Shout,0,0,laughter,"Background noise;Bird vocalization, bird call, bird song;Generic impact sounds;Glass shatter;Human voice;Laughter;Mechanisms;Shout;Sound effect",base
nZOOw-ekwgY_0,nZOOw-ekwgY,0.0,scream,scream,,1,0,v1,5.197,6.608,1.411,,Shout,0,0,,"Accelerating, revving, vroom;Background noise;Car;Human voice;Male speech, man speaking;Shout;Tire squeal, skidding",base
n_l5GtAWG-M_150000,n_l5GtAWG-M,150.0,background,,,0,0,bg,,,,,,0,0,,"Accelerating, revving, vroom;Motorcycle",base
nars25uVpKU_1000,nars25uVpKU,1.0,siren,,siren,0,1,real,0.000,8.995,8.995,"Fire engine, fire truck (siren)",,0,0,,"Bell;Fire engine, fire truck (siren)",base
nedF_C5Yyhk_0,nedF_C5Yyhk,0.0,background,,,0,0,bg,,,,,,0,0,,"Bird vocalization, bird call, bird song;Cluck;Wind noise (microphone)",base
nf1IZJj6Q5k_110000,nf1IZJj6Q5k,110.0,dog_bark,dog_bark,dog_bark,1,1,v1,2.370,3.040,0.670,,Laughter,1,0,crying;laughter,"Background noise;Bark;Breathing;Crying, sobbing;Female speech, woman speaking;Generic impact sounds;Human voice;Laughter;Tick",base
nhWybupyrTA_70000,nhWybupyrTA,70.0,scream,scream,scream,1,1,v1,0.000,1.806,1.806,,Screaming,0,0,,"Background noise;Chainsaw;Generic impact sounds;Male speech, man speaking;Screaming;Wail, moan",base
nkw8mvxr0qA_130000,nkw8mvxr0qA,130.0,siren,siren,siren,1,1,v1,0.000,10.000,10.000,Siren,,0,0,,Siren,base
nm0EKgnBPHM_30000,nm0EKgnBPHM,30.0,siren,,siren,0,1,real,1.890,10.000,8.110,"Fire engine, fire truck (siren)",,0,0,,"Air horn, truck horn;Fire engine, fire truck (siren);Heavy engine (low frequency)",base
nnoWqhZjgMc_0,nnoWqhZjgMc,0.0,background,,,0,0,bg,,,,,,0,0,,"Background noise;Conversation;Generic impact sounds;Male speech, man speaking;Telephone bell ringing",base
nnpr360CJEM_1000,nnpr360CJEM,1.0,background,,,0,0,bg,,,,,,0,0,,"Conversation;Female speech, woman speaking;Generic impact sounds;Male speech, man speaking;Motor vehicle (road);Vehicle horn, car horn, honking, toot;Wind noise (microphone)",base
noK3JQqhMAE_16000,noK3JQqhMAE,16.0,background,,,0,0,bg,,,,,,0,0,,Duck call (hunting tool),base
nq19wFnYfBs_40000,nq19wFnYfBs,40.0,glass,glass,glass,1,1,real,8.247,10.000,1.753,,,0,0,,"Glass shatter;Male speech, man speaking;Walk, footsteps;Whack, thwack;Wind",base
ntKq5tXoxqE_30000,ntKq5tXoxqE,30.0,background,,,0,0,bg,,,,,,0,0,crowd,"Hubbub, speech noise, speech babble;Male speech, man speaking",base
nuPLOCaUaVs_27000,nuPLOCaUaVs,27.0,dog_bark,dog_bark,dog_bark,1,1,v1,5.515,5.856,0.341,,,1,0,,Bark;Mechanisms;Typewriter,base
nvQunPWOlSU_21000,nvQunPWOlSU,21.0,background,,,0,0,bg,,,,,,0,0,,Background noise;Female singing;Tap dance,base
o799nvBLsaQ_80000,o799nvBLsaQ,80.0,background,,,0,0,bg,,,,,,0,0,,"Accelerating, revving, vroom;Beep, bleep;Breathing;Car;Car alarm;Generic impact sounds;Human voice;Male speech, man speaking;Tick;Vehicle horn, car horn, honking, toot",base
oD8hKW5iZBA_160000,oD8hKW5iZBA,160.0,dog_bark,dog_bark,dog_bark,1,1,v1,4.466,5.529,1.063,,Giggle,1,1,,"Bark;Breathing;Brief tone;Dog;Female speech, woman speaking;Generic impact sounds;Giggle;Mechanisms;Whistling",base
oDKsZlBtyk8_2000,oDKsZlBtyk8,2.0,dog_bark,dog_bark,dog_bark,1,1,real,3.671,3.983,0.312,,,1,0,,"Bark;Bicycle bell;Bicycle, tricycle;Generic impact sounds;Human voice;Tick;Wind",base
oF-9Fcjs5K0_80000,oF-9Fcjs5K0,80.0,siren,siren,siren,1,1,real,0.000,10.000,10.000,Siren,,0,0,,Mechanisms;Siren;Tick,base
oGx1k-WgZ_8_0,oGx1k-WgZ_8,0.0,background,,,0,0,bg,,,,,,0,0,,"Background noise;Dishes, pots, and pans;Generic impact sounds;Surface contact;Thump, thud;Thunk",base
oHINLpk8A6I_20000,oHINLpk8A6I,20.0,background,,,0,0,bg,,,,,Clapping,0,0,,Background noise;Child singing;Clapping;Tap,base
oLBI92GaP_Y_30000,oLBI92GaP_Y,30.0,scream,scream,,1,0,v1,2.686,3.312,0.626,,Shout,0,0,speech;crowd,"Female speech, woman speaking;Hubbub, speech noise, speech babble;Male speech, man speaking;Shout;Speech;Squeal",base
oLUa_0ZCSSI_30000,oLUa_0ZCSSI,30.0,scream,scream,scream,1,1,v1,4.518,6.009,1.491,,Screaming,0,0,,"Brief tone;Burst, pop;Generic impact sounds;Mechanisms;Screaming",base
oMG7nDppDXI_9000,oMG7nDppDXI,9.0,siren,siren,siren,1,1,v1,0.000,9.442,9.442,"Fire engine, fire truck (siren);Siren",Laughter,0,0,laughter,"Female speech, woman speaking;Fire engine, fire truck (siren);Laughter;Siren;Wind",base
oMGSkrwchIw_310000,oMGSkrwchIw,310.0,siren,,siren,0,1,real,0.000,10.000,10.000,"Fire engine, fire truck (siren)",,0,0,speech;crowd,"Air horn, truck horn;Female speech, woman speaking;Fire;Fire engine, fire truck (siren);Hubbub, speech noise, speech babble;Male speech, man speaking;Speech",base
oNAmQ8moWvA_30000,oNAmQ8moWvA,30.0,siren,,siren,0,1,real,0.000,10.000,10.000,Civil defense siren,,0,0,,Civil defense siren,base
oONvJEjsKiI_0,oONvJEjsKiI,0.0,glass,glass,glass,1,1,v1,4.620,6.951,2.331,,,0,0,,"Breaking;Glass shatter;Sound effect;Typing;White noise, pink noise",base
oPauWVGdBSw_30000,oPauWVGdBSw,30.0,dog_bark,dog_bark,dog_bark,1,1,real,1.200,1.468,0.268,,,1,0,,"Background noise;Bark;Bird flight, flapping wings;Bird vocalization, bird call, bird song;Breathing;Male speech, man speaking;Pigeon, dove",base
oPl3Dow6yqw_40000,oPl3Dow6yqw,40.0,dog_bark,dog_bark,dog_bark,1,1,v1,1.889,2.423,0.534,,Music,1,0,,"Bark;Chirp, tweet;Female speech, woman speaking;Male speech, man speaking;Music;Wind",base
oVazDtjgLbk_400000,oVazDtjgLbk,400.0,background,,,0,0,bg,,,,,Music,0,0,,"Breaking;Breathing;Male speech, man speaking;Motorcycle;Music;Narration, monologue;Speech synthesizer;Tap",base
oYkikrLfReA_120000,oYkikrLfReA,120.0,background,,,0,0,bg,,,,,Music,0,0,,Music,base
oaaripU8UdQ_420000,oaaripU8UdQ,420.0,scream,scream,,1,0,v1,0.615,4.078,3.463,,Shout,0,0,crowd,"Background noise;Hubbub, speech noise, speech babble;Shout;Tick",base
oeOOMQs8kA4_50000,oeOOMQs8kA4,50.0,background,,,0,0,bg,,,,,,0,0,,Clickety-clack;Train;Train horn,base
oeZgG32kHEE_18000,oeZgG32kHEE,18.0,background,,,0,0,bg,,,,,Music,0,0,,Mechanisms;Music;Water,base
ogT5kBYGNaw_30000,ogT5kBYGNaw,30.0,scream,scream,scream,1,1,real,8.475,10.000,1.525,,Screaming,0,0,crowd,"Generic impact sounds;Hubbub, speech noise, speech babble;Screaming;Water",base
ojvYYbfy1bc_20000,ojvYYbfy1bc,20.0,background,,,0,0,bg,,,,,,0,0,crowd,"Chirp, tweet;Hubbub, speech noise, speech babble;Wind noise (microphone)",base
okctONLvNzg_170000,okctONLvNzg,170.0,background,,,0,0,bg,,,,,,0,0,,"Bell;Bleat;Chirp, tweet;Conversation;Generic impact sounds;Male speech, man speaking;Rustle;Tick",base
opXFz6LCMnI_10000,opXFz6LCMnI,10.0,glass,glass,glass,1,1,v1,5.619,7.569,1.950,,,0,0,,Breaking;Generic impact sounds;Glass shatter;Rustle,base
opcmrrf3GAk_40000,opcmrrf3GAk,40.0,background,,,0,0,bg,,,,,,0,0,speech,"Beep, bleep;Bus;Generic impact sounds;Male speech, man speaking;Speech;Tick",base
opnlEgJWg04_50000,opnlEgJWg04,50.0,scream,scream,,1,0,v1,6.230,6.924,0.694,,Shout,0,0,,"Breathing;Female speech, woman speaking;Human sounds;Rodents, rats, mice;Rustle;Shout",base
orq4vquchgg_140000,orq4vquchgg,140.0,scream,scream,,1,0,v1,7.472,8.339,0.867,,Shout,0,0,,Human voice;Shout;Thunder,base
oskXOEqkPeo_30000,oskXOEqkPeo,30.0,background,,,0,0,bg,,,,,,0,0,,"Breathing;Male speech, man speaking",base
otw95PAUtO0_150000,otw95PAUtO0,150.0,scream,scream,,1,0,v1,2.830,3.803,0.973,,Shout,0,0,,"Child speech, kid speaking;Children playing;Shout;Splash, splatter;Tick",base
owSYOSHM_vg_30000,owSYOSHM_vg,30.0,background,,,0,0,bg,,,,,,0,0,,Noise;Sound effect,base
owk2GPiA5jc_70000,owk2GPiA5jc,70.0,background,,,0,0,bg,,,,,,0,0,,"Conversation;Female speech, woman speaking;Generic impact sounds;Gunshot, gunfire;Male speech, man speaking;Sound effect;Video game sound;Whoosh, swoosh, swish",base
oxbCmh0Brj8_0,oxbCmh0Brj8,0.0,background,,,0,0,bg,,,,,Clapping;Crowd,0,0,crowd,"Clapping;Crowd;Female singing;Female speech, woman speaking;Male speech, man speaking;Whistling;Whoop",base
oxvcF7PQy8w_40000,oxvcF7PQy8w,40.0,dog_bark,dog_bark,dog_bark,1,1,v1,5.884,6.297,0.413,,,1,1,,Bark;Dog;Generic impact sounds;Idling;Medium engine (mid frequency);Wind noise (microphone),base
oyZFAeXasyw_0,oyZFAeXasyw,0.0,siren,,siren,0,1,real,1.863,10.000,8.137,Civil defense siren,,0,0,,Civil defense siren;Sound effect,base
oz-PCE41ev0_0,oz-PCE41ev0,0.0,scream,,scream,0,1,real,3.358,3.686,0.328,,Laughter;Screaming,0,0,laughter,"Air horn, truck horn;Background noise;Breathing;Female speech, woman speaking;Generic impact sounds;Human voice;Laughter;Screaming;Tick",base
p-E5jgrOJuc_30000,p-E5jgrOJuc,30.0,background,,,0,0,bg,,,,,,0,0,,"Breathing;Child speech, kid speaking;Generic impact sounds;Mechanisms",base
p-XKdU68RQk_40000,p-XKdU68RQk,40.0,glass,glass,glass,1,1,v1,0.000,7.938,7.938,,Music,0,0,,Generic impact sounds;Glass shatter;Music,base
p0utUERCt6E_30000,p0utUERCt6E,30.0,dog_bark,dog_bark,dog_bark,1,1,real,5.298,5.665,0.367,,,1,0,,"Background noise;Bark;Child speech, kid speaking;Generic impact sounds;Human sounds;Male speech, man speaking",base
p4tl3dacnpg_30000,p4tl3dacnpg,30.0,scream,scream,,1,0,v1,8.029,10.000,1.971,,Shout,0,0,crying,"Breathing;Conversation;Crying, sobbing;Female speech, woman speaking;Generic impact sounds;Motor vehicle (road);Shout;Sniff;Squeal;Wind",base
p6HxBGl_JEU_70000,p6HxBGl_JEU,70.0,glass,glass,glass,1,1,real,3.890,5.241,1.351,,Music,0,0,,"Breathing;Child speech, kid speaking;Chirp, tweet;Glass;Glass shatter;Male speech, man speaking;Music;Noise;Tap;Tick;Walk, footsteps",base
p6TrT_vuwLw_50000,p6TrT_vuwLw,50.0,background,,,0,0,bg,,,,,Music,0,0,,Male singing;Music,base
pAgmtb7qets_30000,pAgmtb7qets,30.0,background,,,0,0,bg,,,,,,0,0,,Generic impact sounds;Steam,base
pHaWiUPa4JY_70000,pHaWiUPa4JY,70.0,scream,,scream,0,1,real,0.150,3.992,3.842,,Clapping;Crowd;Music;Screaming;Shout,0,0,crowd,Clapping;Crowd;Male singing;Music;Screaming;Shout,base
pHpDAdzhNY0_40000,pHpDAdzhNY0,40.0,background,,,0,0,bg,,,,,,0,0,,"Breathing;Generic impact sounds;Male speech, man speaking;Mechanisms;Stir;Surface contact",base
pKLtv2q-7cU_0,pKLtv2q-7cU,0.0,background,,,0,0,bg,,,,,,0,0,,Change ringing (campanology);Generic impact sounds,base
pLx9yqFIkFc_28000,pLx9yqFIkFc,28.0,siren,siren,siren,1,1,real,0.000,9.686,9.686,Siren,Music,0,0,,Music;Siren,base
pMNs3BtS90I_0,pMNs3BtS90I,0.0,scream,scream,,1,0,v1,3.044,4.299,1.255,,Yell,0,0,,"Breathing;Chirp, tweet;Surface contact;Tick;Yell",base
pNPJZOmvMWY_80000,pNPJZOmvMWY,80.0,siren,siren,siren,1,1,v1,1.688,10.000,8.312,Siren,,0,0,,"Female speech, woman speaking;Male speech, man speaking;Motor vehicle (road);Radio;Siren",base
pQRS0a7tYO8_26000,pQRS0a7tYO8,26.0,background,,,0,0,bg,,,,,"Chuckle, chortle",0,0,,"Breathing;Chuckle, chortle;Drip;Generic impact sounds;Mechanisms;Water",base
pTe4gS8geXU_30000,pTe4gS8geXU,30.0,siren,siren,siren,1,1,v1,0.000,10.000,10.000,Siren,,0,0,,"Child speech, kid speaking;Generic impact sounds;Siren;Tick",base
pUwljQl7ZI0_40000,pUwljQl7ZI0,40.0,dog_bark,dog_bark,dog_bark,1,1,real,6.006,6.255,0.249,,,1,0,,"Background noise;Bark;Chirp, tweet;Cricket;Generic impact sounds;Male speech, man speaking;Surface contact",base
pX9ddJ1Y4dg_30000,pX9ddJ1Y4dg,30.0,background,,,0,0,bg,,,,,Music,0,0,alarm,Alarm;Dial tone;Mechanisms;Music;Noise;Tick,base
pZzR7ax64Hk_0,pZzR7ax64Hk,0.0,scream,scream,scream,1,1,v1,5.481,6.726,1.245,,Screaming,0,0,,Babbling;Breathing;Human voice;Mechanisms;Screaming;Television;Tick,base
pbmn80emIm8_100000,pbmn80emIm8,100.0,background,,,0,0,bg,,,,,,0,0,,"Beep, bleep;Gunshot, gunfire;Heart sounds, heartbeat;Human sounds;Male speech, man speaking;Video game sound",base
pe-0_g4Mq5g_50000,pe-0_g4Mq5g,50.0,glass,glass,glass,1,1,real,3.425,5.358,1.933,,Music,0,0,,"Gasp;Glass shatter;Male speech, man speaking;Music;Pant;Ringtone;Sound effect",base
pg85b7sv-0U_0,pg85b7sv-0U,0.0,siren,siren,siren,1,1,v1,3.117,10.000,6.883,Siren,Laughter,0,0,laughter,"Generic impact sounds;Hiccup;Human sounds;Human voice;Laughter;Male speech, man speaking;Siren;Surface contact;Television",base
pgLU01Z6awI_0,pgLU01Z6awI,0.0,scream,,scream,0,1,real,3.898,5.756,1.858,,Clapping;Screaming;Shout,0,0,,"Car;Clapping;Conversation;Female speech, woman speaking;Generic impact sounds;Human voice;Male speech, man speaking;Screaming;Shout",base
phaMRJWVBdA_23000,phaMRJWVBdA,23.0,scream,,scream,0,1,real,2.950,6.132,3.182,,Clapping;Crowd;Screaming;Shout,0,0,crowd,"Clapping;Crowd;Male speech, man speaking;Run;Screaming;Shout",base
piFrwFHjY5A_20000,piFrwFHjY5A,20.0,scream,scream,,1,0,v1,2.175,2.859,0.684,,Shout,0,0,,"Accelerating, revving, vroom;Male speech, man speaking;Motorcycle;Shout",base
pjbp79yGRM8_290000,pjbp79yGRM8,290.0,scream,,scream,0,1,real,1.818,2.835,1.017,,Giggle;Music;Screaming,0,0,,"Female speech, woman speaking;Giggle;Mechanisms;Music;Screaming",base
pnKHT1v0Z5g_10000,pnKHT1v0Z5g,10.0,background,,,0,0,bg,,,,,Crowd,0,0,crowd,Crowd;Train;Whistling,base
pnOROqeU8ck_180000,pnOROqeU8ck,180.0,siren,siren,siren,1,1,real,0.000,8.973,8.973,Siren,,0,0,,"Male speech, man speaking;Siren",base
pnqAtljyefg_190000,pnqAtljyefg,190.0,scream,scream,scream,1,1,real,4.108,5.764,1.656,,Screaming,0,0,,"Background noise;Breathing;Burping, eructation;Female speech, woman speaking;Male speech, man speaking;Screaming;Stomach rumble",base
pop29Df-fnI_190000,pop29Df-fnI,190.0,background,,,0,0,bg,,,,,,0,0,,Background noise;Purr;Whispering,base
ppCjG9gDucQ_50000,ppCjG9gDucQ,50.0,background,,,0,0,bg,,,,,Clapping;Laughter,0,0,laughter,"Child speech, kid speaking;Clapping;Generic impact sounds;Human sounds;Laughter;Scrape",base
pqABYcpbmc4_15000,pqABYcpbmc4,15.0,scream,scream,,1,0,v1,4.720,5.097,0.377,,Shout,0,0,crowd,"Firecracker;Hubbub, speech noise, speech babble;Human voice;Shout;Whistling;Whoop",base
pr1NVYudVis_40000,pr1NVYudVis,40.0,glass,glass,glass,1,1,real,9.169,10.000,0.831,,Laughter;Music;Shout,0,0,laughter,"Background noise;Breathing;Cough;Generic impact sounds;Glass shatter;Laughter;Male speech, man speaking;Music;Shout",base
pt7rENzp_tc_30000,pt7rENzp_tc,30.0,siren,siren,siren,1,1,v1,0.000,10.000,10.000,Siren,,0,0,,Siren,base
pxBP51p61Ek_90000,pxBP51p61Ek,90.0,scream,scream,scream,1,1,real,7.037,9.160,2.123,,Screaming,0,0,,"Breathing;Conversation;Female speech, woman speaking;Human voice;Mechanisms;Screaming;Tick;Whimper (dog)",base
q-P6YlGm4uY_30000,q-P6YlGm4uY,30.0,background,,,0,0,bg,,,,,,0,0,,"Background noise;Cap gun;Generic impact sounds;Male speech, man speaking;Surface contact;Tick",base
q-igr8pT2XY_0,q-igr8pT2XY,0.0,scream,scream,,1,0,v1,5.372,6.012,0.640,,Shout,0,0,,"Child speech, kid speaking;Conversation;Male speech, man speaking;Shout;Splash, splatter;Wind",base
q0R8KXxZOZM_70000,q0R8KXxZOZM,70.0,scream,scream,,1,0,v1,0.000,1.208,1.208,,Shout,0,0,,"Background noise;Breathing;Child speech, kid speaking;Generic impact sounds;Human sounds;Shout",base
q0tUMzOmqUQ_210000,q0tUMzOmqUQ,210.0,background,,,0,0,bg,,,,,Applause;Cheering,0,0,crowd,Applause;Cheering;Choir;Human voice;Whistling,base
q4Pc73ieNw8_10000,q4Pc73ieNw8,10.0,background,,,0,0,bg,,,,,,0,0,,Sound effect,base
q6UIQq9ntAU_0,q6UIQq9ntAU,0.0,glass,glass,glass,1,1,v1,4.290,7.069,2.779,,Music,0,0,,Glass shatter;Music;Sound effect,base
q7D7GAdvIKE_330000,q7D7GAdvIKE,330.0,siren,siren,siren,1,1,v1,0.008,10.000,9.992,Siren,,0,0,,Siren,base
q8QaPwOCpfw_170000,q8QaPwOCpfw,170.0,background,,,0,0,bg,,,,,Music,0,0,,"Gunshot, gunfire;Music;Video game sound;Whack, thwack",base
q8qz6krO0f4_30000,q8qz6krO0f4,30.0,background,,,0,0,bg,,,,,Music,0,0,speech,Car;Motorcycle;Music;Speech;Tick,base
qBL3_U3V5b4_60000,qBL3_U3V5b4,60.0,siren,siren,siren,1,1,v1,8.436,10.000,1.564,Siren,,0,0,,"Conversation;Fire;Male speech, man speaking;Mechanisms;Siren;Whistling;Wind noise (microphone)",base
qClVYXJ6qIs_30000,qClVYXJ6qIs,30.0,background,,,0,0,bg,,,,,Laughter,0,0,laughter,"Breathing;Generic impact sounds;Human voice;Laughter;Male speech, man speaking;Throat clearing",base
qJB0nIP4nyo_30000,qJB0nIP4nyo,30.0,background,,,0,0,bg,,,,,Music,0,0,,Liquid;Music;Sound effect,base
qNLRuF-cxPE_40000,qNLRuF-cxPE,40.0,background,,,0,0,bg,,,,,Music,0,0,,Breathing;Child singing;Human voice;Music;Tick,base
qPL1WveYAZk_0,qPL1WveYAZk,0.0,glass,glass,glass,1,1,real,9.204,10.000,0.796,,Music,0,0,,Glass;Glass shatter;Music;Sound effect,base
qPYRvjY75UE_210000,qPYRvjY75UE,210.0,background,,,0,0,bg,,,,,,0,0,,Background noise;Filing (rasp);Tap,base
qPk2A14ZDmU_90000,qPk2A14ZDmU,90.0,dog_bark,dog_bark,dog_bark,1,1,v1,0.718,1.099,0.381,,Laughter,1,1,laughter,"Background noise;Bark;Breathing;Dog;Female speech, woman speaking;Growling;Laughter",base
qQii2mC0I7w_140000,qQii2mC0I7w,140.0,dog_bark,dog_bark,dog_bark,1,1,v1,4.028,5.600,1.572,,,1,0,speech,"Background noise;Bark;Bird vocalization, bird call, bird song;Generic impact sounds;Speech;Tick;Train whistle",base
qQpMEr5EgYk_120000,qQpMEr5EgYk,120.0,scream,,scream,0,1,real,9.886,10.000,0.114,,Music;Screaming,0,0,,"Background noise;Breathing;Music;Screaming;Thump, thud;Tick;Trickle, dribble",base
qR0wInXT4TI_1000,qR0wInXT4TI,1.0,scream,,scream,0,1,real,6.422,6.816,0.394,,Music;Screaming,0,0,,"Female speech, woman speaking;Human voice;Male speech, man speaking;Music;Screaming;Splash, splatter;Water",base
qR7dTMnkEQc_27000,qR7dTMnkEQc,27.0,dog_bark,dog_bark,,1,0,v1,9.174,9.638,0.464,,,0,1,dog_nonbark,Dog;Mechanisms;Noise;Tick,base
qRAdhj9Lzt8_5000,qRAdhj9Lzt8,5.0,scream,scream,scream,1,1,v1,0.533,4.449,3.916,,Screaming,0,0,,Generic impact sounds;Mechanisms;Screaming,base
qTMJ_z4JeiA_150000,qTMJ_z4JeiA,150.0,background,,,0,0,bg,,,,,Laughter,0,0,laughter,"Bird vocalization, bird call, bird song;Breathing;Child speech, kid speaking;Conversation;Female speech, woman speaking;Laughter;Male speech, man speaking;Wind",base
qUQD1mdcnNg_0,qUQD1mdcnNg,0.0,dog_bark,dog_bark,dog_bark,1,1,real,4.511,5.000,0.489,,,1,0,,"Bark;Bleat;Breathing;Clicking;Crowing, cock-a-doodle-doo;Male speech, man speaking;Meow;Moo;Neigh, whinny;Tick",base
qYA5Y8mID_Y_280000,qYA5Y8mID_Y,280.0,glass,glass,glass,1,1,v1,8.886,10.000,1.114,,Music,0,0,,"Glass shatter;Human voice;Male speech, man speaking;Music;Sound effect;Wail, moan",base
qenyTmD9Zu4_100000,qenyTmD9Zu4,100.0,background,,,0,0,bg,,,,,Music,0,0,,"Door;Drip;Gurgling, bubbling;Human voice;Music;Tap;Toilet flush;Water tap, faucet",base
qeuMJ_YYZ-c_30000,qeuMJ_YYZ-c,30.0,background,,,0,0,bg,,,,,,0,0,,"Background noise;Clicking;Male speech, man speaking",base
qlINEALKH_8_30000,qlINEALKH_8,30.0,dog_bark,dog_bark,dog_bark,1,1,v1,9.543,10.000,0.457,,Music,1,0,,"Bark;Bird vocalization, bird call, bird song;Generic impact sounds;Growling;Music;Pant (dog);Tap;Television",base
qp4Ubx7WOAQ_0,qp4Ubx7WOAQ,0.0,glass,glass,glass,1,1,real,4.638,5.565,0.927,,Music,0,0,,Crackle;Glass shatter;Music;Sound effect,base
qrrEl2PPOB0_20000,qrrEl2PPOB0,20.0,background,,,0,0,bg,,,,,Music,0,0,,Music,base
qsQ_mRrqrTs_0,qsQ_mRrqrTs,0.0,background,,,0,0,bg,,,,,,0,0,,Light engine (high frequency),base
qt4jzFElGu8_10000,qt4jzFElGu8,10.0,scream,scream,scream,1,1,real,0.369,4.071,3.702,,Screaming,0,0,,"Child speech, kid speaking;Generic impact sounds;Male speech, man speaking;Mechanisms;Screaming;Tick",base
qtKiqaRZ9x8_450000,qtKiqaRZ9x8,450.0,background,,,0,0,bg,,,,,Laughter,0,0,laughter,"Background noise;Female speech, woman speaking;Generic impact sounds;Growling;Laughter",base
qu9yLmZQrJ0_40000,qu9yLmZQrJ0,40.0,background,,,0,0,bg,,,,,,0,0,,"Bird vocalization, bird call, bird song;Wind;Wind noise (microphone)",base
qug15z1z2NQ_150000,qug15z1z2NQ,150.0,background,,,0,0,bg,,,,,,0,0,speech,"Beep, bleep;Car;Car alarm;Male speech, man speaking;Speech",base
qxV-hLUA1JY_30000,qxV-hLUA1JY,30.0,background,,,0,0,bg,,,,,,0,0,,"Beep, bleep;Clicking;Generic impact sounds;Human voice;Mechanisms",base
qxundBclaF0_70000,qxundBclaF0,70.0,glass,glass,glass,1,1,v1,7.645,10.000,2.355,,,0,0,,"Chirp, tweet;Female speech, woman speaking;Glass shatter;Human voice;Male speech, man speaking;Sound effect;Television",base
r-I-QjeBBOU_30000,r-I-QjeBBOU,30.0,scream,scream,,1,0,v1,9.439,9.873,0.434,,Shout,0,0,,"Artillery fire;Engine;Generic impact sounds;Male speech, man speaking;Shout",base
r0JzRkmYhmA_30000,r0JzRkmYhmA,30.0,background,,,0,0,bg,,,,,Music,0,0,,"Computer keyboard;Male speech, man speaking;Music;Ratchet, pawl",base
r1Z5_gSxMpA_0,r1Z5_gSxMpA,0.0,scream,scream,,1,0,v1,7.567,10.000,2.433,,Shout,0,0,,Human voice;Mechanisms;Shout,base
r3yk5mg_YuI_30000,r3yk5mg_YuI,30.0,scream,scream,scream,1,1,v1,7.606,8.282,0.676,,Screaming,0,0,speech,Foghorn;Screaming;Speech;Speech synthesizer;Vehicle;Wind,base
r4-_EQymbV4_30000,r4-_EQymbV4,30.0,siren,siren,siren,1,1,v1,1.598,1.882,0.284,Siren,Crowd,0,0,crowd,"Crowd;Generic impact sounds;Male speech, man speaking;Run;Siren",base
r4KgtHVgu-c_0,r4KgtHVgu-c,0.0,scream,scream,,1,0,v1,3.213,3.921,0.708,,Shout,0,0,speech,Generic impact sounds;Human voice;Mechanisms;Shout;Snoring;Speech,base
r9DvXKA8W1c_20000,r9DvXKA8W1c,20.0,background,,,0,0,bg,,,,,,0,0,,Babbling;Background noise;Breathing;Generic impact sounds;Human voice;Sneeze;Tick,base
rAg0n_JJGKc_0,rAg0n_JJGKc,0.0,glass,glass,glass,1,1,real,0.642,2.793,2.151,,Music,0,0,,Glass shatter;Music;Sound effect,base
rBUWlPPHunk_50000,rBUWlPPHunk,50.0,glass,glass,glass,1,1,v1,0.693,1.740,1.047,,Music,0,0,,"Child speech, kid speaking;Glass shatter;Music;Rapping",base
rDa7UMwSnBc_10000,rDa7UMwSnBc,10.0,background,,,0,0,bg,,,,,Cheering;Music,0,0,crowd,"Cheering;Groan;Music;Sound effect;Tap;Thump, thud;Whip;Whoop",base
rDkR5Y7db78_240000,rDkR5Y7db78,240.0,background,,,0,0,bg,,,,,Music;Singing,0,0,,Male singing;Music;Singing,base
rEFj2_YyHFY_100000,rEFj2_YyHFY,100.0,background,,,0,0,bg,,,,,,0,0,,"Conversation;Drill;Generic impact sounds;Male speech, man speaking;Mechanisms;Surface contact;Tick",base
rFxvWIuSr-s_10000,rFxvWIuSr-s,10.0,glass,glass,glass,1,1,real,4.863,5.952,1.089,,,0,0,,Echo;Glass shatter;Speech synthesizer,base
rGJW1rl34sk_22000,rGJW1rl34sk,22.0,background,,,0,0,bg,,,,,Music,0,0,,Music,base
rH6UZNINB1c_580000,rH6UZNINB1c,580.0,scream,scream,,1,0,v1,7.189,9.430,2.241,,Shout,0,0,crowd,"Generic impact sounds;Hubbub, speech noise, speech babble;Male speech, man speaking;Shout;Whoop",base
rJhAvosi1iw_9000,rJhAvosi1iw,9.0,scream,,scream,0,1,real,3.696,4.431,0.735,,Laughter;Screaming,0,0,laughter,"Background noise;Child speech, kid speaking;Laughter;Screaming;Slap, smack;Tick",base
rJqTOsWmxwc_0,rJqTOsWmxwc,0.0,scream,,scream,0,1,real,1.775,4.411,2.636,,Laughter;Music;Screaming,0,0,laughter,Laughter;Male singing;Music;Screaming,base
rLh91hNdwfc_10000,rLh91hNdwfc,10.0,glass,glass,glass,1,1,v1,0.000,2.189,2.189,,,0,0,,Glass shatter,base
rOoVE2UYH0I_30000,rOoVE2UYH0I,30.0,background,,,0,0,bg,,,,,,0,0,crying,"Background noise;Conversation;Crying, sobbing;Female speech, woman speaking;Human voice;Male speech, man speaking;Sound effect",base
rP_VCIctJNo_27000,rP_VCIctJNo,27.0,dog_bark,dog_bark,dog_bark,1,1,real,8.874,9.226,0.352,,,1,0,,"Bark;Crow;Female speech, woman speaking;Generic impact sounds;Noise;Wind;Wind noise (microphone)",base
rYuKiV_lsvg_350000,rYuKiV_lsvg,350.0,background,,,0,0,bg,,,,,,0,0,,Brief tone;Mechanisms,base
rbXqJTKcNFM_30000,rbXqJTKcNFM,30.0,siren,siren,siren,1,1,real,0.000,10.000,10.000,Siren,,0,0,,Clicking;Siren,base
rc1A_q2xpp0_30000,rc1A_q2xpp0,30.0,background,,,0,0,bg,,,,,Cheering;Music,0,0,speech;crowd,"Cheering;Hubbub, speech noise, speech babble;Male speech, man speaking;Music;Speech",base
rhxBy5ek0IQ_50000,rhxBy5ek0IQ,50.0,background,,,0,0,bg,,,,,,0,0,,"Background noise;Generic impact sounds;Gunshot, gunfire;Surface contact",base
riVm7rUhzdE_10000,riVm7rUhzdE,10.0,dog_bark,dog_bark,dog_bark,1,1,v1,5.014,5.303,0.289,,,1,0,,"Background noise;Bark;Chirp, tweet;Generic impact sounds;Pigeon, dove",base
rkFHFLB_Oeo_10000,rkFHFLB_Oeo,10.0,scream,,scream,0,1,real,8.303,10.000,1.697,,Applause;Screaming,0,0,crowd,"Applause;Coo;Female speech, woman speaking;Generic impact sounds;Hubbub, speech noise, speech babble;Human voice;Mechanisms;Screaming;Whoop",base
rk_iOIumShQ_5000,rk_iOIumShQ,5.0,background,,,0,0,bg,,,,,,0,0,alarm,Alarm;Engine knocking;Engine starting,base
rlzTUDvJX4s_10000,rlzTUDvJX4s,10.0,background,,,0,0,bg,,,,,Music,0,0,,Music;Sound effect;Speech synthesizer,base
rm8qeWQGIoM_120000,rm8qeWQGIoM,120.0,siren,siren,siren,1,1,v1,2.921,10.000,7.079,Siren,,0,0,,Generic impact sounds;Mechanisms;Siren,base
rpTLpgjQozU_40000,rpTLpgjQozU,40.0,background,,,0,0,bg,,,,,,0,0,,"Gunshot, gunfire;Male speech, man speaking;Wind",base
rqzqjIEowGk_70000,rqzqjIEowGk,70.0,background,,,0,0,bg,,,,,Music,0,0,,"Accelerating, revving, vroom;Female speech, woman speaking;Heart sounds, heartbeat;Motorcycle;Music;Sound effect;Tick",base
rrzkvNpLgUI_190000,rrzkvNpLgUI,190.0,siren,siren,siren,1,1,v1,7.942,10.000,2.058,Siren,,0,0,,"Beep, bleep;Human sounds;Siren;Traffic noise, roadway noise;Vehicle horn, car horn, honking, toot",base
rzmX8IPoaUc_230000,rzmX8IPoaUc,230.0,glass,glass,glass,1,1,v1,7.698,10.000,2.302,,Music,0,0,,Generic impact sounds;Glass shatter;Male singing;Music,base
s0I9Vgnrlng_120000,s0I9Vgnrlng,120.0,background,,,0,0,bg,,,,,Crowd,0,0,crowd,Battle cry;Crowd,base
s2nAHQ9J6Ik_160000,s2nAHQ9J6Ik,160.0,dog_bark,dog_bark,dog_bark,1,1,real,6.624,8.335,1.711,,,1,1,speech,"Bark;Breathing;Dog;Female speech, woman speaking;Generic impact sounds;Howl;Human sounds;Speech;Tick",base
s3MkmEOedVY_30000,s3MkmEOedVY,30.0,background,,,0,0,bg,,,,,Laughter,0,0,laughter,"Breathing;Chirp, tweet;Laughter;Male speech, man speaking;Rattle;Tick",base
s4wQi-0I2DE_30000,s4wQi-0I2DE,30.0,dog_bark,dog_bark,dog_bark,1,1,v1,9.299,10.000,0.701,,,1,0,,"Background noise;Bark;Female speech, woman speaking",base
s5dnD4r4kfQ_6000,s5dnD4r4kfQ,6.0,siren,siren,siren,1,1,v1,0.000,9.557,9.557,Siren,,0,0,,"Siren;Vehicle horn, car horn, honking, toot",base
s7dXKbsWDGo_150000,s7dXKbsWDGo,150.0,background,,,0,0,bg,,,,,Music,0,0,,Music;Whistling,base
s7s6G5DhXkw_210000,s7s6G5DhXkw,210.0,glass,glass,glass,1,1,real,9.185,10.000,0.815,,Laughter,0,0,laughter,"Breathing;Conversation;Glass shatter;Laughter;Male speech, man speaking;Mechanisms",base
s9cPRWtpZJA_170000,s9cPRWtpZJA,170.0,glass,glass,glass,1,1,v1,6.580,8.095,1.515,,,0,0,,"Background noise;Breathing;Female speech, woman speaking;Generic impact sounds;Glass shatter",base
s9ezgAzdIZ0_150000,s9ezgAzdIZ0,150.0,background,,,0,0,bg,,,,,,0,0,,"Background noise;Breathing;Generic impact sounds;Male speech, man speaking;Scrape",base
sCwWLjjMOyk_210000,sCwWLjjMOyk,210.0,glass,glass,glass,1,1,v1,9.230,10.000,0.770,,Music,0,0,,"Generic impact sounds;Glass shatter;Music;Sound effect;Thump, thud",base
sDZ0-yo1rsM_280000,sDZ0-yo1rsM,280.0,background,,,0,0,bg,,,,,Music,0,0,,Music,base
sEem3RGHZeE_140000,sEem3RGHZeE,140.0,siren,,siren,0,1,real,0.000,7.797,7.797,"Fire engine, fire truck (siren)",,0,0,,"Fire engine, fire truck (siren);Male speech, man speaking;Truck;Vehicle horn, car horn, honking, toot;Wind",base
sEpEhXA-ZL8_230000,sEpEhXA-ZL8,230.0,siren,siren,siren,1,1,v1,6.307,10.000,3.693,Siren,Music,0,0,alarm,Alarm;Generic impact sounds;Mechanisms;Music;Siren;Tick,base
sEs_iBXvEvY_30000,sEs_iBXvEvY,30.0,background,,,0,0,bg,,,,,Music,0,0,speech,Aircraft engine;Music;Speech;Whoop,base
sFTnhUHmrPg_30000,sFTnhUHmrPg,30.0,background,,,0,0,bg,,,,,Music,0,0,,Breathing;Female singing;Music,base
sFcgIOhO6Ls_90000,sFcgIOhO6Ls,90.0,background,,,0,0,bg,,,,,,0,0,speech,Bus;Generic impact sounds;Speech,base
sH33P94VpZQ_50000,sH33P94VpZQ,50.0,dog_bark,dog_bark,dog_bark,1,1,v1,5.460,6.255,0.795,,,1,0,,"Bark;Chirp, tweet;Single-lens reflex camera;Surface contact;Tick;Wind;Wind noise (microphone)",base
sHx5QUpfjVQ_30000,sHx5QUpfjVQ,30.0,background,,,0,0,bg,,,,,Music,0,0,,Male singing;Music,base
sJpqnuPmSsQ_40000,sJpqnuPmSsQ,40.0,background,,,0,0,bg,,,,,,0,0,,"Bird vocalization, bird call, bird song;Breathing;Generic impact sounds;Insect;Male speech, man speaking;Surface contact;Tick",base
sK_GTb3tQe0_30000,sK_GTb3tQe0,30.0,dog_bark,dog_bark,dog_bark,1,1,v1,2.850,3.071,0.221,,,1,0,speech,"Bark;Female speech, woman speaking;Generic impact sounds;Mechanisms;Speech;Surface contact;Tap",base
sL-JTvccWcM_30000,sL-JTvccWcM,30.0,siren,siren,siren,1,1,v1,1.809,4.364,2.555,Siren,,0,0,,"Chirp, tweet;Gasp;Generic impact sounds;Male speech, man speaking;Mechanisms;Siren;Surface contact;Tick",base
sM88lOT4U90_21000,sM88lOT4U90,21.0,background,,,0,0,bg,,,,,Music,0,0,crowd,"Hubbub, speech noise, speech babble;Music",base
sNzzEykQQ24_30000,sNzzEykQQ24,30.0,background,,,0,0,bg,,,,,,0,0,,Human sounds;Mechanisms,base
sOB4OR623eQ_90000,sOB4OR623eQ,90.0,siren,siren,siren,1,1,v1,0.938,1.784,0.846,Siren,,0,0,,Siren;Sound effect,base
sOWVKr43qf4_60000,sOWVKr43qf4,60.0,scream,,scream,0,1,real,0.688,1.126,0.438,,Laughter;Screaming,0,0,laughter,"Background noise;Breathing;Gasp;Generic impact sounds;Human voice;Laughter;Screaming;Tap;Walk, footsteps",base
sPy_cVjF1mA_310000,sPy_cVjF1mA,310.0,dog_bark,dog_bark,dog_bark,1,1,real,9.071,10.000,0.929,,,1,0,,"Animal;Bark;Male speech, man speaking;Surface contact;Tick;Wind;Wind noise (microphone)",base
sRxRz1Bh3AU_30000,sRxRz1Bh3AU,30.0,background,,,0,0,bg,,,,,Music,0,0,,Music;Rain,base
sSe6yAOmkgg_30000,sSe6yAOmkgg,30.0,background,,,0,0,bg,,,,,,0,0,,"Accelerating, revving, vroom;Air brake;Generic impact sounds;Squeal;Truck;Vehicle",base
sTrB-9q4_b8_30000,sTrB-9q4_b8,30.0,background,,,0,0,bg,,,,,,0,0,,"Breathing;Ducks, geese, waterfowl;Tick;Wind noise (microphone)",base
sUVUOiVRLDY_40000,sUVUOiVRLDY,40.0,siren,siren,siren,1,1,v1,3.094,8.352,5.258,Siren,,0,0,speech,"Outside, urban or manmade;Siren;Speech;Tap;Vehicle",base
sWoai5cOWzo_110000,sWoai5cOWzo,110.0,background,,,0,0,bg,,,,,,0,0,,"Background noise;Crumpling, crinkling;Generic impact sounds;Male speech, man speaking;Scrape",base
sXDJvBEzqjs_0,sXDJvBEzqjs,0.0,dog_bark,dog_bark,dog_bark,1,1,v1,8.832,9.276,0.444,,,1,1,,"Background noise;Bark;Bird vocalization, bird call, bird song;Dog;Growling;Run",base
s_9YWQ8UwH8_1000,s_9YWQ8UwH8,1.0,glass,glass,glass,1,1,v1,3.562,4.334,0.772,,,0,0,,Background noise;Clicking;Glass shatter;Sound effect;Whispering,base
s_SLQwB8PlI_7000,s_SLQwB8PlI,7.0,dog_bark,dog_bark,dog_bark,1,1,real,0.651,0.953,0.302,,Giggle,1,0,,"Baby cry, infant cry;Background noise;Bark;Giggle;Moo;Surface contact;Wind;Wind noise (microphone)",base
skqddcxSpUM_0,skqddcxSpUM,0.0,background,,,0,0,bg,,,,,,0,0,,Squawk,base
spzYvKPXFzw_10000,spzYvKPXFzw,10.0,siren,siren,siren,1,1,v1,5.787,7.732,1.945,Siren,,0,0,,Clicking;Mechanisms;Motor vehicle (road);Siren,base
sqKQQIjIjRw_30000,sqKQQIjIjRw,30.0,background,,,0,0,bg,,,,,,0,0,,"Bicycle, tricycle;Male speech, man speaking;Wind;Wind noise (microphone)",base
st3ppMwUDo4_150000,st3ppMwUDo4,150.0,background,,,0,0,bg,,,,,,0,0,,"Background noise;Clicking;Hair dryer;Male speech, man speaking;Surface contact;Whoop",base
stm516sgGA8_30000,stm516sgGA8,30.0,background,,,0,0,bg,,,,,Music,0,0,,"Generic impact sounds;Male speech, man speaking;Mechanisms;Music;Video game sound",base
t3Rrx6Gmlv0_30000,t3Rrx6Gmlv0,30.0,background,,,0,0,bg,,,,,Music,0,0,,Music,base
t42hqo0bI5o_30000,t42hqo0bI5o,30.0,scream,scream,,1,0,v1,5.568,6.547,0.979,,Shout,0,0,crowd,"Female speech, woman speaking;Generic impact sounds;Hubbub, speech noise, speech babble;Male speech, man speaking;Mechanisms;Shout",base
t6RsWR2Wlps_0,t6RsWR2Wlps,0.0,siren,siren,siren,1,1,real,4.030,10.000,5.970,Siren,,0,0,,"Background noise;Beep, bleep;Clicking;Siren",base
t88iE_2UW_Y_0,t88iE_2UW_Y,0.0,background,,,0,0,bg,,,,,,0,0,,Generic impact sounds;Hammer;Mechanisms;Reverberation;Surface contact,base
t8FbbtkY1XY_40000,t8FbbtkY1XY,40.0,background,,,0,0,bg,,,,,,0,0,,Animal;Tick;Wind noise (microphone),base
t8VMU7MyUo8_30000,t8VMU7MyUo8,30.0,background,,,0,0,bg,,,,,Laughter,0,0,laughter,"Laughter;Male speech, man speaking;Noise",base
tABG9n1TgS8_30000,tABG9n1TgS8,30.0,background,,,0,0,bg,,,,,Laughter,0,0,laughter,"Baby cry, infant cry;Background noise;Conversation;Female speech, woman speaking;Laughter;Male speech, man speaking",base
tC9f6uvVKZc_18000,tC9f6uvVKZc,18.0,siren,siren,siren,1,1,v1,0.013,5.489,5.476,Siren,,0,0,,Mechanisms;Siren,base
tCEoFIfLMHA_10000,tCEoFIfLMHA,10.0,background,,,0,0,bg,,,,,,0,0,,Bell;Tick;Train;Train horn;Wind,base
tIGBldaHzi4_70000,tIGBldaHzi4,70.0,background,,,0,0,bg,,,,,,0,0,,"Beep, bleep;Generic impact sounds;Scissors",base
tIf14sMApNA_30000,tIf14sMApNA,30.0,background,,,0,0,bg,,,,,,0,0,,Background noise;Cluck;Generic impact sounds,base
tImhcRHkP5E_27000,tImhcRHkP5E,27.0,dog_bark,dog_bark,dog_bark,1,1,real,3.268,3.763,0.495,,,1,0,,Air conditioning;Bark;Breathing;Car;Generic impact sounds;Growling;Human voice;Sigh,base
tJBWaxCeFKs_30000,tJBWaxCeFKs,30.0,background,,,0,0,bg,,,,,,0,0,,"Child speech, kid speaking;Conversation;Male speech, man speaking;Mechanisms;Tick;Writing",base
tJhSxb8a63w_10000,tJhSxb8a63w,10.0,siren,siren,siren,1,1,v1,0.000,10.000,10.000,Siren,,0,0,,Siren;Tap;Wind,base
tMa6HRAycWg_30000,tMa6HRAycWg,30.0,background,,,0,0,bg,,,,,,0,0,,"Male speech, man speaking;Rain on surface;Thunder",base
tNUnHVIQ4ZU_30000,tNUnHVIQ4ZU,30.0,glass,glass,glass,1,1,real,0.000,1.006,1.006,,,0,0,,"Background noise;Chopping (food);Glass shatter;Male speech, man speaking;Speech synthesizer",base
tNcaPazwrAA_10000,tNcaPazwrAA,10.0,background,,,0,0,bg,,,,,,0,0,,Background noise;Brief tone;Tick;Toilet flush,base
tO_j4tdLRaA_70000,tO_j4tdLRaA,70.0,background,,,0,0,bg,,,,,Clapping;Laughter,0,0,laughter,"Baby laughter;Background noise;Breathing;Clapping;Female speech, woman speaking;Human sounds;Laughter",base
tTOC5mwsNoQ_150000,tTOC5mwsNoQ,150.0,scream,scream,,1,0,v1,3.839,5.282,1.443,,Shout,0,0,,"Background noise;Child singing;Child speech, kid speaking;Shout;Snoring",base
tTqvMYMPXqI_90000,tTqvMYMPXqI,90.0,background,,,0,0,bg,,,,,,0,0,,Generic impact sounds;Motor vehicle (road);Water,base
tVGLRaWdwKE_0,tVGLRaWdwKE,0.0,background,,,0,0,bg,,,,,,0,0,,Background noise;Oink,base
tXDjaLXnYFk_90000,tXDjaLXnYFk,90.0,scream,scream,scream,1,1,v1,0.737,2.069,1.332,,Screaming;Shout,0,0,,"Breathing;Generic impact sounds;Human voice;Male speech, man speaking;Screaming;Shout;Splash, splatter;Vehicle;Water",base
tZL1aGxZjP4_30000,tZL1aGxZjP4,30.0,scream,scream,scream,1,1,real,6.443,7.712,1.269,,Screaming,0,0,crowd,"Choir;Hubbub, speech noise, speech babble;Screaming;Yodeling",base
t_-dwaosJRE_110000,t_-dwaosJRE,110.0,background,,,0,0,bg,,,,,,0,0,,"Car;Male speech, man speaking;Wind noise (microphone)",base
ta2vGgYNBgg_10000,ta2vGgYNBgg,10.0,siren,siren,siren,1,1,v1,6.024,10.000,3.976,Siren,Clapping,0,0,,"Chirp, tweet;Clapping;Generic impact sounds;Male speech, man speaking;Power windows, electric windows;Siren;Tap;Vehicle",base
tal1VpvOZRw_50000,tal1VpvOZRw,50.0,glass,glass,glass,1,1,v1,0.000,6.524,6.524,,,0,0,,Fire;Generic impact sounds;Glass shatter,base
tdRMxc4UWRk_30000,tdRMxc4UWRk,30.0,dog_bark,dog_bark,dog_bark,1,1,real,0.000,0.782,0.782,,,1,0,,"Bark;Conversation;Male speech, man speaking;Whistle",base
tggA9nysM2M_10000,tggA9nysM2M,10.0,dog_bark,dog_bark,dog_bark,1,1,real,6.689,7.336,0.647,,,1,0,,"Bark;Breathing;Clicking;Female speech, woman speaking;Generic impact sounds;Hands;Mechanisms;Surface contact",base
thEJ_4Zxmm0_17000,thEJ_4Zxmm0,17.0,background,,,0,0,bg,,,,,Laughter,0,0,laughter,"Breathing;Car;Car alarm;Human voice;Laughter;Male speech, man speaking",base
thQ3PeqyArg_30000,thQ3PeqyArg,30.0,scream,scream,scream,1,1,real,0.431,2.702,2.271,,Screaming,0,0,glass_nonshatter,"Babbling;Baby laughter;Breathing;Cough;Female speech, woman speaking;Glass chink, clink;Human voice;Male speech, man speaking;Mechanisms;Screaming;Television;Tick",base
thd89eDNI9M_10000,thd89eDNI9M,10.0,siren,siren,siren,1,1,v1,0.000,10.000,10.000,Siren,,0,0,crowd,"Air horn, truck horn;Hubbub, speech noise, speech babble;Siren;Traffic noise, roadway noise",base
thqLLSpfgUg_560000,thqLLSpfgUg,560.0,glass,glass,glass,1,1,real,4.876,6.601,1.725,,,0,0,,"Female speech, woman speaking;Glass shatter;Male speech, man speaking;Video game sound;Walk, footsteps",base
tiTGKI-M8Hc_30000,tiTGKI-M8Hc,30.0,siren,,siren,0,1,real,0.394,3.000,2.606,Police car (siren),,0,0,,"Accelerating, revving, vroom;Car;Police car (siren);Sound effect;Video game sound",base
tkUxSPT6_D8_20000,tkUxSPT6_D8,20.0,background,,,0,0,bg,,,,,,0,0,,"Crowing, cock-a-doodle-doo;Generic impact sounds;Mechanisms;Tick;Wind;Wind noise (microphone)",base
tlP8fLwa8F8_0,tlP8fLwa8F8,0.0,background,,,0,0,bg,,,,,,0,0,,Sound effect,base
tlSuLvSQqmI_11000,tlSuLvSQqmI,11.0,glass,glass,glass,1,1,real,6.515,9.088,2.573,,Music,0,0,,"Explosion;Glass shatter;Human sounds;Male singing;Male speech, man speaking;Music",base
tm7Y2Ufq_lA_380000,tm7Y2Ufq_lA,380.0,dog_bark,dog_bark,dog_bark,1,1,real,2.175,2.437,0.262,,,1,0,,"Bark;Clicking;Conversation;Female speech, woman speaking;Male speech, man speaking;Tap;Video game sound",base
tmK9Pto6QCk_20000,tmK9Pto6QCk,20.0,siren,siren,siren,1,1,v1,7.801,8.959,1.158,Siren,,0,0,,"Male speech, man speaking;Mechanisms;Siren;Tick",base
tms_SONnU-w_30000,tms_SONnU-w,30.0,background,,,0,0,bg,,,,,Music,0,0,,Music,base
tnfxB-rgfno_11000,tnfxB-rgfno,11.0,scream,scream,,1,0,v1,2.159,3.022,0.863,,Shout,0,0,crying,"Background noise;Breathing;Crying, sobbing;Female speech, woman speaking;Generic impact sounds;Male speech, man speaking;Shout",base
to4Fi7Ie9mQ_90000,to4Fi7Ie9mQ,90.0,scream,scream,,1,0,v1,7.898,10.000,2.102,,Shout,0,0,,"Child speech, kid speaking;Generic impact sounds;Mechanisms;Shout;Wind noise (microphone)",base
tpKXZ2fxAxw_30000,tpKXZ2fxAxw,30.0,siren,,siren,0,1,real,1.560,10.000,8.440,Police car (siren),Laughter;Music,0,0,laughter,"Artillery fire;Laughter;Male speech, man speaking;Music;Police car (siren);Video game sound",base
tsEvxS8tidY_230000,tsEvxS8tidY,230.0,glass,glass,glass,1,1,v1,2.535,3.945,1.410,,Music,0,0,,"Background noise;Glass shatter;Male speech, man speaking;Music;Sigh;Surface contact;Tap;Whoosh, swoosh, swish;Zipper (clothing)",base
tvveEhCwLxA_380000,tvveEhCwLxA,380.0,background,,,0,0,bg,,,,,,0,0,,"Clicking;Generic impact sounds;Human voice;Male speech, man speaking;Medium engine (mid frequency);Rattle;Tap",base
twafrHyrW2s_340000,twafrHyrW2s,340.0,background,,,0,0,bg,,,,,Music,0,0,,Music;Sound effect;Speech synthesizer;Video game sound,base
tzAAk-xTCfg_30000,tzAAk-xTCfg,30.0,background,,,0,0,bg,,,,,,0,0,,"Background noise;Breathing;Generic impact sounds;Male speech, man speaking",base
tzlSGaUYaMg_10000,tzlSGaUYaMg,10.0,scream,scream,scream,1,1,v1,3.302,4.181,0.879,,Screaming,0,0,,"Conversation;Door;Female speech, woman speaking;Generic impact sounds;Human voice;Male speech, man speaking;Mechanisms;Screaming;Surface contact;Television",base
tzvkmLvJEJc_380000,tzvkmLvJEJc,380.0,background,,,0,0,bg,,,,,Music,0,0,,"Breathing;Female speech, woman speaking;Music;Tap;Tick;Whispering",base
u-GtA9LKJU0_180000,u-GtA9LKJU0,180.0,scream,scream,scream,1,1,v1,7.646,10.000,2.354,,Screaming,0,0,,"Background noise;Breathing;Child speech, kid speaking;Generic impact sounds;Male speech, man speaking;Screaming;Surface contact;Tap;Television",base
u5MyA3RPp7w_0,u5MyA3RPp7w,0.0,glass,glass,glass,1,1,v1,6.580,7.106,0.526,,,0,0,,"Child speech, kid speaking;Generic impact sounds;Glass shatter;Gush;Mechanisms;Surface contact;Television;Tick;Walk, footsteps",base
u6NHlArU8c4_30000,u6NHlArU8c4,30.0,background,,,0,0,bg,,,,,Music,0,0,,Music;Sound effect,base
u6PayBogI4k_170000,u6PayBogI4k,170.0,dog_bark,dog_bark,,1,0,v1,3.092,3.344,0.252,,,0,1,dog_nonbark,"Breathing;Clicking;Dog;Male speech, man speaking;Mechanisms;Throat clearing",base
u9aCCfI400A_30000,u9aCCfI400A,30.0,background,,,0,0,bg,,,,,,0,0,,"Bird vocalization, bird call, bird song;Generic impact sounds;Howl;Male speech, man speaking;Television;Wind",base
uBCBppnw7OU_30000,uBCBppnw7OU,30.0,background,,,0,0,bg,,,,,,0,0,alarm,Alarm;Buzzer;Mechanisms,base
uCYY_YRVLp4_80000,uCYY_YRVLp4,80.0,background,,,0,0,bg,,,,,,0,0,,"Creak;Generic impact sounds;Male speech, man speaking;Mechanisms;Rub;Surface contact",base
uGvE9PYnY7U_0,uGvE9PYnY7U,0.0,glass,glass,glass,1,1,v1,2.011,3.506,1.495,,Music,0,0,,"Glass shatter;Gunshot, gunfire;Male speech, man speaking;Music;Sound effect",base
uI44_PzWnCA_30000,uI44_PzWnCA,30.0,siren,,siren,0,1,real,6.415,10.000,3.585,Civil defense siren,,0,0,,"Aircraft engine;Bird vocalization, bird call, bird song;Civil defense siren",base
uKebpQMHWVI_30000,uKebpQMHWVI,30.0,background,,,0,0,bg,,,,,,0,0,,Train;Train horn;Train wheels squealing;Wind,base
uNQ3fZYka40_30000,uNQ3fZYka40,30.0,background,,,0,0,bg,,,,,Music,0,0,,Music;Sound effect;Speech synthesizer,base
uNY-rTdh71I_100000,uNY-rTdh71I,100.0,glass,glass,glass,1,1,real,0.000,3.838,3.838,,Music,0,0,,"Background noise;Glass shatter;Male speech, man speaking;Music;Sound effect;Video game sound",base
uO_FKfOSJ00_14000,uO_FKfOSJ00,14.0,background,,,0,0,bg,,,,,,0,0,,"Bird flight, flapping wings;Chicken, rooster;Crowing, cock-a-doodle-doo",base
uSoQyDfL1sk_540000,uSoQyDfL1sk,540.0,glass,glass,glass,1,1,v1,5.094,6.031,0.937,,,0,0,,Generic impact sounds;Glass shatter;Sound effect;Video game sound,base
uUc4kmZfvkw_0,uUc4kmZfvkw,0.0,glass,glass,glass,1,1,v1,2.523,4.556,2.033,,,0,0,,Glass shatter;Sound effect,base
uXAZ18gFWkY_30000,uXAZ18gFWkY,30.0,glass,glass,glass,1,1,real,6.015,7.855,1.840,,Music,0,0,,"Glass shatter;Gunshot, gunfire;Machine gun;Male singing;Music;Sound effect;Tick",base
uXfD_ZeZ4-s_450000,uXfD_ZeZ4-s,450.0,background,,,0,0,bg,,,,,,0,0,,Clickety-clack;Tick;Train;Wind,base
u_85N9h_cGs_50000,u_85N9h_cGs,50.0,background,,,0,0,bg,,,,,,0,0,,"Accelerating, revving, vroom;Car;Generic impact sounds",base
ucU_-j6QOTg_260000,ucU_-j6QOTg,260.0,background,,,0,0,bg,,,,,Music,0,0,,"Female speech, woman speaking;Music",base
ud70fc_P5g0_0,ud70fc_P5g0,0.0,dog_bark,dog_bark,dog_bark,1,1,v1,4.283,5.205,0.922,,,1,1,,"Bark;Conversation;Dog;Female speech, woman speaking;Generic impact sounds;Male speech, man speaking;Mechanisms;Pant (dog);Tick",base
udpROMEELro_19000,udpROMEELro,19.0,scream,,scream,0,1,real,7.007,8.271,1.264,,Music;Screaming,0,0,,Music;Rapping;Screaming,base
ugqziHLmT4s_60000,ugqziHLmT4s,60.0,background,,,0,0,bg,,,,,Music,0,0,,Male singing;Music,base
ugvjfurdUS4_5000,ugvjfurdUS4,5.0,background,,,0,0,bg,,,,,Laughter,0,0,laughter,Explosion;Human sounds;Laughter;Video game sound,base
ulWDHZ-7GO4_540000,ulWDHZ-7GO4,540.0,background,,,0,0,bg,,,,,,0,0,,Bell;Steam;Train,base
um5rR_eaLkw_30000,um5rR_eaLkw,30.0,siren,,siren,0,1,real,4.782,10.000,5.218,Civil defense siren,,0,0,,"Bird vocalization, bird call, bird song;Civil defense siren;Generic impact sounds;Male speech, man speaking;Mechanisms;Wind",base
umWtTi0hdTE_10000,umWtTi0hdTE,10.0,scream,,scream,0,1,real,4.558,10.000,5.442,,Crowd;Screaming,0,0,crowd,"Crowd;Female speech, woman speaking;Screaming",base
uodfGhC512c_8000,uodfGhC512c,8.0,dog_bark,dog_bark,,1,0,v1,1.717,2.382,0.665,,,0,1,dog_nonbark,"Dog;Generic impact sounds;Male speech, man speaking;Mechanisms;Surface contact;Tick",base
usWOzCfshQw_30000,usWOzCfshQw,30.0,background,,,0,0,bg,,,,,,0,0,,"Female speech, woman speaking;Male speech, man speaking;Tick;Wind",base
uscPSf6C_Js_20000,uscPSf6C_Js,20.0,background,,,0,0,bg,,,,,,0,0,,Bird;Creak;Crushing,base
use0XMxJyKw_130000,use0XMxJyKw,130.0,scream,scream,,1,0,v1,3.268,3.928,0.660,,Shout,0,0,,"Basketball bounce;Conversation;Generic impact sounds;Inside, large room or hall;Male speech, man speaking;Run;Shout;Squeal",base
utHFmVL5fH0_30000,utHFmVL5fH0,30.0,background,,,0,0,bg,,,,,Laughter,0,0,laughter,Background noise;Breathing;Laughter,base
uvDIeMy7ycw_0,uvDIeMy7ycw,0.0,background,,,0,0,bg,,,,,Music,0,0,,Generic impact sounds;Mechanisms;Music,base
uvibR1gZ9gs_380000,uvibR1gZ9gs,380.0,background,,,0,0,bg,,,,,,0,0,,"Clickety-clack;Male speech, man speaking;Steam;Train;Train whistle;Whistle",base
uvsx4HdFexM_90000,uvsx4HdFexM,90.0,glass,glass,glass,1,1,v1,9.185,9.835,0.650,,Music,0,0,,Glass shatter;Human voice;Male singing;Music;Sound effect;Video game sound,base
uxjBAs2bbVE_30000,uxjBAs2bbVE,30.0,background,,,0,0,bg,,,,,,0,0,,"Beep, bleep;Breathing;Human voice;Male speech, man speaking;Thump, thud",base
v1JERmZbShc_70000,v1JERmZbShc,70.0,dog_bark,dog_bark,dog_bark,1,1,real,6.017,6.634,0.617,,Laughter,1,0,laughter,"Bark;Brief tone;Female speech, woman speaking;Generic impact sounds;Growling;Laughter;Mechanisms;Tick",base
v4ECjwSzvGk_30000,v4ECjwSzvGk,30.0,background,,,0,0,bg,,,,,Music,0,0,,Generic impact sounds;Mechanisms;Music;Printer,base
v5VjXcVJkKE_0,v5VjXcVJkKE,0.0,scream,scream,,1,0,v1,9.480,10.000,0.520,,Shout,0,0,speech,"Child speech, kid speaking;Female speech, woman speaking;Human sounds;Mechanisms;Shout;Speech;Water",base
v9OxBFVy_C8_100000,v9OxBFVy_C8,100.0,background,,,0,0,bg,,,,,,0,0,,"Background noise;Generic impact sounds;Male speech, man speaking;Sanding;Thump, thud",base
vAld2w4Limw_0,vAld2w4Limw,0.0,glass,glass,glass,1,1,real,1.075,1.988,0.913,,,0,0,,"Glass shatter;Gunshot, gunfire",base
vCSIuGSvPc8_60000,vCSIuGSvPc8,60.0,background,,,0,0,bg,,,,,,0,0,,"Mechanisms;Walk, footsteps",base
vDWMsB-MCmc_10000,vDWMsB-MCmc,10.0,glass,glass,glass,1,1,real,3.725,7.577,3.852,,Laughter,0,0,laughter,Background noise;Glass shatter;Laughter;Sound effect,base
vDwW3dPT78I_0,vDwW3dPT78I,0.0,glass,glass,glass,1,1,v1,0.064,1.046,0.982,,,0,0,,Glass shatter,base
vDxsGue08JI_70000,vDxsGue08JI,70.0,background,,,0,0,bg,,,,,Laughter,0,0,laughter,"Conversation;Female speech, woman speaking;Hiccup;Human sounds;Laughter;Male speech, man speaking;Mechanisms",base
vEXMMRkUnEA_410000,vEXMMRkUnEA,410.0,background,,,0,0,bg,,,,,,0,0,,"Background noise;Female speech, woman speaking;Generic impact sounds;Surface contact",base
vFGn2s3Bdfs_17000,vFGn2s3Bdfs,17.0,scream,,scream,0,1,real,0.959,2.718,1.759,,Music;Screaming,0,0,,"Buzzer;Human voice;Male speech, man speaking;Music;Screaming;Video game sound",base
vFPo7HuxeOM_110000,vFPo7HuxeOM,110.0,background,,,0,0,bg,,,,,,0,0,,Generic impact sounds;Mechanisms;Sewing machine,base
vFbu0dH7f-U_10000,vFbu0dH7f-U,10.0,dog_bark,dog_bark,,1,0,v1,5.019,5.989,0.970,,,0,1,dog_nonbark,"Baby laughter;Background noise;Breathing;Dog;Female speech, woman speaking;Generic impact sounds;Tick",base
vHGamawvufY_30000,vHGamawvufY,30.0,glass,glass,glass,1,1,v1,4.608,8.055,3.447,,,0,0,,Breathing;Generic impact sounds;Glass shatter;Mechanisms,base
vHI4uo4U9bE_19000,vHI4uo4U9bE,19.0,siren,siren,siren,1,1,real,0.000,7.342,7.342,Siren,,0,0,,Generic impact sounds;Noise;Siren,base
vKJUTR5zk9c_230000,vKJUTR5zk9c,230.0,background,,,0,0,bg,,,,,,0,0,,Mechanisms;Rub;Scratch,base
vKvt3FbHNaw_330000,vKvt3FbHNaw,330.0,scream,scream,,1,0,v1,8.540,8.909,0.369,,Shout,0,0,,"Background noise;Child speech, kid speaking;Conversation;Female speech, woman speaking;Generic impact sounds;Male speech, man speaking;Shout",base
vMjgRX1BlAw_30000,vMjgRX1BlAw,30.0,background,,,0,0,bg,,,,,Music,0,0,,Music,base
vNmRBxvib-c_10000,vNmRBxvib-c,10.0,siren,siren,siren,1,1,v1,0.000,10.000,10.000,Siren,,0,0,,Siren,base
vTVKrzxw4RY_420000,vTVKrzxw4RY,420.0,dog_bark,dog_bark,dog_bark,1,1,v1,0.897,1.199,0.302,,,1,0,,Bark;Generic impact sounds;Mechanisms;Squeak;Wind noise (microphone),base
vTsfXMvlo0U_0,vTsfXMvlo0U,0.0,glass,glass,glass,1,1,v1,7.946,9.286,1.340,,,0,0,,Glass shatter;Sound effect;Video game sound,base
vUIIkCzfgqA_0,vUIIkCzfgqA,0.0,siren,siren,siren,1,1,v1,0.000,10.000,10.000,Siren,,0,0,,"Siren;Traffic noise, roadway noise",base
vUQenO8cEZQ_80000,vUQenO8cEZQ,80.0,scream,,scream,0,1,real,0.128,2.784,2.656,,Laughter;Screaming;Shout,0,0,laughter,"Background noise;Breathing;Child speech, kid speaking;Conversation;Female singing;Generic impact sounds;Human voice;Laughter;Screaming;Shout;Surface contact",base
vViupgn6psw_220000,vViupgn6psw,220.0,glass,glass,glass,1,1,real,5.006,5.659,0.653,,,0,0,,"Breaking;Brief tone;Generic impact sounds;Glass shatter;Male speech, man speaking;Mechanisms;Sound effect;Video game sound",base
vYFo082IyiA_30000,vYFo082IyiA,30.0,dog_bark,dog_bark,dog_bark,1,1,real,3.792,5.169,1.377,,,1,1,,"Background noise;Bark;Dog;Generic impact sounds;Growling;Male speech, man speaking;Pant (dog);Tick",base
vZ0-e493IYw_110000,vZ0-e493IYw,110.0,siren,siren,siren,1,1,v1,0.000,10.000,10.000,"Fire engine, fire truck (siren);Siren",,0,0,,"Fire engine, fire truck (siren);Male speech, man speaking;Siren",base
vag1Xpe0Jws_14000,vag1Xpe0Jws,14.0,scream,scream,scream,1,1,v1,5.299,7.406,2.107,,Screaming,0,0,,"Child speech, kid speaking;Human voice;Male speech, man speaking;Screaming;Sound effect;Video game sound;Whoosh, swoosh, swish",base
veaIl7LkIGI_30000,veaIl7LkIGI,30.0,siren,siren,siren,1,1,v1,0.000,7.081,7.081,Siren,Music,0,0,,Music;Siren,base
vf8PbvX86Hs_260000,vf8PbvX86Hs,260.0,siren,siren,siren,1,1,v1,0.000,3.845,3.845,Siren,,0,0,,Siren,base
vfjlKEdQEuw_30000,vfjlKEdQEuw,30.0,dog_bark,dog_bark,dog_bark,1,1,v1,4.443,4.796,0.353,,,1,1,,Background noise;Bark;Dog;Generic impact sounds;Sound effect,base
vibwIs4Xfsc_60000,vibwIs4Xfsc,60.0,siren,,siren,0,1,real,0.000,10.000,10.000,Civil defense siren,,0,0,,Civil defense siren,base
vm6lBOPZrSw_30000,vm6lBOPZrSw,30.0,background,,,0,0,bg,,,,,,0,0,crowd,"Bell;Clicking;Hubbub, speech noise, speech babble;Male speech, man speaking;Mechanisms",base
vmAERbJeSuE_300000,vmAERbJeSuE,300.0,glass,glass,glass,1,1,real,5.835,6.929,1.094,,,0,0,,"Chirp, tweet;Conversation;Dial tone;Female speech, woman speaking;Generic impact sounds;Glass shatter;Human voice",base
vmSii3ZY-E4_30000,vmSii3ZY-E4,30.0,siren,siren,siren,1,1,v1,2.083,10.000,7.917,Siren,,0,0,,"Emergency vehicle;Siren;Vehicle horn, car horn, honking, toot",base
vp8M3cytmVU_10000,vp8M3cytmVU,10.0,dog_bark,dog_bark,dog_bark,1,1,real,6.591,6.756,0.165,,,1,0,,"Background noise;Bark;Chicken, rooster;Cluck;Crowing, cock-a-doodle-doo;Human sounds;Surface contact;Wind;Wind noise (microphone)",base
vu8cssQDzH0_40000,vu8cssQDzH0,40.0,background,,,0,0,bg,,,,,,0,0,,"Chirp, tweet;Medium engine (mid frequency);Tick",base
vvdb2UyJQrs_20000,vvdb2UyJQrs,20.0,background,,,0,0,bg,,,,,Laughter,0,0,laughter,"Babbling;Baby laughter;Breathing;Female speech, woman speaking;Human voice;Humming;Laughter;Mechanisms;Tick",base
vvjTPq9xE88_140000,vvjTPq9xE88,140.0,background,,,0,0,bg,,,,,,0,0,,"Background noise;Male speech, man speaking;Tap;Thump, thud",base
vvuh5Utt8zg_60000,vvuh5Utt8zg,60.0,glass,glass,glass,1,1,v1,1.224,10.000,8.776,,,0,0,,Background noise;Glass shatter;Hammer;Human sounds,base
vywEfeq8h4Q_30000,vywEfeq8h4Q,30.0,scream,scream,scream,1,1,real,4.823,6.841,2.018,,Screaming,0,0,crowd,"Car;Hubbub, speech noise, speech babble;Screaming;Slam",base
w-g_eXlhUGE_27000,w-g_eXlhUGE,27.0,dog_bark,dog_bark,dog_bark,1,1,v1,8.182,8.732,0.550,,Music,1,0,,Bark;Meow;Music,base
w1qHrLlZaPs_10000,w1qHrLlZaPs,10.0,scream,scream,scream,1,1,real,8.901,9.689,0.788,,Screaming,0,0,,"Child speech, kid speaking;Generic impact sounds;Human voice;Male speech, man speaking;Screaming;Splash, splatter;Stream, river;Wind;Wind noise (microphone)",base
w8FzU4PnqqE_30000,w8FzU4PnqqE,30.0,background,,,0,0,bg,,,,,,0,0,,"Motorboat, speedboat",base
wAPpKtwOayk_10000,wAPpKtwOayk,10.0,background,,,0,0,bg,,,,,,0,0,,"Background noise;Breathing;Clicking;Female speech, woman speaking",base
wARxA8vm_ws_50000,wARxA8vm_ws,50.0,siren,siren,siren,1,1,real,0.000,9.252,9.252,Siren,,0,0,,Emergency vehicle;Siren;Wind,base
wB4ZhqE_lHM_180000,wB4ZhqE_lHM,180.0,glass,glass,glass,1,1,real,9.441,10.000,0.559,,Music;Shout,0,0,,"Glass shatter;Gunshot, gunfire;Music;Rapping;Shout",base
wE5_OTgj51E_330000,wE5_OTgj51E,330.0,glass,glass,glass,1,1,real,9.354,10.000,0.646,,Music,0,0,,"Glass shatter;Human sounds;Male speech, man speaking;Music;Sound effect",base
wEnHKl22bwc_10000,wEnHKl22bwc,10.0,scream,scream,scream,1,1,v1,4.646,7.535,2.889,,Screaming,0,0,,"Finger snapping;Groan;Human sounds;Male speech, man speaking;Screaming;Surface contact",base
wFkTGroc5Ss_30000,wFkTGroc5Ss,30.0,background,,,0,0,bg,,,,,Music,0,0,,"Background noise;Male singing;Male speech, man speaking;Music",base
wFqQUm5efkY_30000,wFqQUm5efkY,30.0,background,,,0,0,bg,,,,,Music,0,0,,Music,base
wM3rrHrh5ts_0,wM3rrHrh5ts,0.0,glass,glass,glass,1,1,real,1.213,2.543,1.330,,Music,0,0,,Generic impact sounds;Glass shatter;Male singing;Music;Rapping;Sound effect,base
wMHBhCVv--g_190000,wMHBhCVv--g,190.0,siren,siren,siren,1,1,v1,0.505,6.292,5.787,Siren,Music,0,0,,Male singing;Music;Siren,base
wOqj4_pBX2Y_160000,wOqj4_pBX2Y,160.0,background,,,0,0,bg,,,,,Music,0,0,crying;crowd,"Child speech, kid speaking;Crying, sobbing;Female speech, woman speaking;Hubbub, speech noise, speech babble;Male speech, man speaking;Music",base
wQAwZBS67QQ_10000,wQAwZBS67QQ,10.0,glass,glass,glass,1,1,v1,2.404,5.792,3.388,,,0,0,,Glass shatter,base
wThdAd9cMTA_30000,wThdAd9cMTA,30.0,scream,,scream,0,1,real,0.000,2.147,2.147,,Music;Screaming,0,0,crowd,"Hubbub, speech noise, speech babble;Male speech, man speaking;Music;Screaming",base
wWeE0Ojjewo_10000,wWeE0Ojjewo,10.0,dog_bark,dog_bark,dog_bark,1,1,v1,6.965,7.618,0.653,,,1,1,,Bark;Dog;Growling;Human sounds;Mechanisms;Rattle;Tap,base
wZJLURUn3Mw_60000,wZJLURUn3Mw,60.0,dog_bark,dog_bark,dog_bark,1,1,real,0.000,10.000,10.000,,,1,0,,"Background noise;Bark;Bird vocalization, bird call, bird song;Oink",base
wbVZoGCxsBE_30000,wbVZoGCxsBE,30.0,background,,,0,0,bg,,,,,,0,0,,"Fire;Fire alarm;Male speech, man speaking;Water",base
wb_iq5xdtjM_10000,wb_iq5xdtjM,10.0,siren,,siren,0,1,real,0.000,10.000,10.000,Civil defense siren,Music,0,0,,Civil defense siren;Music;Wind,base
wbqM83kd62Y_250000,wbqM83kd62Y,250.0,background,,,0,0,bg,,,,,,0,0,,"Breathing;Fire alarm;Generic impact sounds;Male speech, man speaking;Tick",base
wcAWofBbMbs_21000,wcAWofBbMbs,21.0,glass,glass,glass,1,1,real,2.710,3.251,0.541,,Music;Shout,0,0,,"Glass shatter;Male speech, man speaking;Music;Shout;Sound effect;Thump, thud",base
wcY3el37jxE_10000,wcY3el37jxE,10.0,background,,,0,0,bg,,,,,Music,0,0,,Background noise;Male singing;Music;Tick,base
wccbK7uvjIY_100000,wccbK7uvjIY,100.0,background,,,0,0,bg,,,,,Laughter,0,0,laughter,"Breathing;Conversation;Female speech, woman speaking;Laughter;Male speech, man speaking;Mechanisms;Slap, smack;Splash, splatter;Water",base
wdHp7Oflx2M_60000,wdHp7Oflx2M,60.0,background,,,0,0,bg,,,,,,0,0,,"Background noise;Cutlery, silverware;Female speech, woman speaking;Generic impact sounds;Water tap, faucet",base
wfIFhBZMIQU_0,wfIFhBZMIQU,0.0,glass,glass,glass,1,1,v1,0.232,7.306,7.074,,,0,0,,"Female speech, woman speaking;Generic impact sounds;Glass chink, clink;Glass shatter;Mechanisms",base
wgJNJdETe4k_20000,wgJNJdETe4k,20.0,background,,,0,0,bg,,,,,,0,0,,Helicopter,base
wjIBTOL-hrw_10000,wjIBTOL-hrw,10.0,background,,,0,0,bg,,,,,,0,0,,Generic impact sounds;Hammer;Mechanisms,base
wlGiRzk8o5w_20000,wlGiRzk8o5w,20.0,dog_bark,dog_bark,dog_bark,1,1,real,1.858,2.118,0.260,,Music,1,0,,"Bark;Generic impact sounds;Growling;Human voice;Male speech, man speaking;Music;Television",base
wlKF7NBp7dQ_30000,wlKF7NBp7dQ,30.0,background,,,0,0,bg,,,,,,0,0,,Background noise;Gears;Generic impact sounds;Knock;Surface contact,base
wp8LknrLKDo_30000,wp8LknrLKDo,30.0,background,,,0,0,bg,,,,,,0,0,,"Background noise;Beep, bleep;Breathing;Conversation;Cough;Creak;Generic impact sounds;Male speech, man speaking;Sound effect;Surface contact;Tap",base
wpeMbxEzNgk_30000,wpeMbxEzNgk,30.0,background,,,0,0,bg,,,,,Clapping;Giggle,0,0,,"Background noise;Bird vocalization, bird call, bird song;Brief tone;Clapping;Generic impact sounds;Giggle;Snort (horse)",base
wqoOX8K8DEU_30000,wqoOX8K8DEU,30.0,siren,,siren,0,1,real,0.000,10.000,10.000,Civil defense siren,,0,0,,Civil defense siren;Wind;Wind noise (microphone),base
wsAXybqOJwA_240000,wsAXybqOJwA,240.0,siren,siren,siren,1,1,real,4.039,8.638,4.599,Siren,,0,0,,"Breathing;Clicking;Generic impact sounds;Mechanisms;Radio;Siren;Telephone dialing, DTMF",base
wwWMqxv5bpM_30000,wwWMqxv5bpM,30.0,siren,siren,siren,1,1,real,0.000,10.000,10.000,Siren,,0,0,,Siren,base
wxGS1hJUz44_210000,wxGS1hJUz44,210.0,glass,glass,glass,1,1,v1,4.302,5.843,1.541,,Music,0,0,,"Background noise;Generic impact sounds;Glass shatter;Heart sounds, heartbeat;Music;Sound effect",base
x17ZXj6jmcY_50000,x17ZXj6jmcY,50.0,background,,,0,0,bg,,,,,Music,0,0,,"Accelerating, revving, vroom;Breathing;Brief tone;Car;Engine starting;Generic impact sounds;Keys jangling;Male singing;Motor vehicle (road);Music;Tick",base
x1zeE5Xnl80_300000,x1zeE5Xnl80,300.0,siren,siren,siren,1,1,v1,6.874,9.866,2.992,Siren,Music,0,0,,"Background noise;Male speech, man speaking;Music;Noise;Siren;Static",base
x2B8lxASR0c_20000,x2B8lxASR0c,20.0,scream,scream,scream,1,1,real,7.414,7.983,0.569,,Screaming,0,0,,Babbling;Baby laughter;Breathing;Human sounds;Human voice;Mechanisms;Screaming;Tap,base
x6WNc2iLJ7o_540000,x6WNc2iLJ7o,540.0,siren,siren,siren,1,1,v1,2.966,7.824,4.858,Siren,,0,0,,Bicycle bell;Mechanisms;Siren,base
x7rR7s-o73s_160000,x7rR7s-o73s,160.0,siren,siren,siren,1,1,real,0.008,10.000,9.992,Siren,,0,0,,Siren;Vehicle,base
x83Moxr67wI_0,x83Moxr67wI,0.0,background,,,0,0,bg,,,,,Music,0,0,,"Clip-clop;Music;Neigh, whinny",base
xAEA_6J2AT0_30000,xAEA_6J2AT0,30.0,scream,scream,,1,0,v1,0.750,1.774,1.024,,Shout,0,0,,"Child speech, kid speaking;Conversation;Male speech, man speaking;Reverberation;Shout;Water;Wind;Wind noise (microphone)",base
xAy926wSvLc_7000,xAy926wSvLc,7.0,background,,,0,0,bg,,,,,,0,0,,Bell;Generic impact sounds;Mechanisms;Tick,base
xBuV492d-u8_5000,xBuV492d-u8,5.0,siren,siren,siren,1,1,v1,0.000,3.989,3.989,Siren,,0,0,,Medium engine (mid frequency);Siren,base
xCUDDVSlyvs_10000,xCUDDVSlyvs,10.0,scream,,scream,0,1,real,1.764,2.677,0.913,,Laughter;Screaming,0,0,crowd;laughter,"Background noise;Children playing;Hubbub, speech noise, speech babble;Laughter;Screaming",base
xDxsPmMOHTo_90000,xDxsPmMOHTo,90.0,background,,,0,0,bg,,,,,Laughter,0,0,crying;laughter,"Background noise;Child speech, kid speaking;Conversation;Crying, sobbing;Human sounds;Laughter;Male speech, man speaking",base
xEl2m3GuaUY_30000,xEl2m3GuaUY,30.0,background,,,0,0,bg,,,,,Music,0,0,,Human voice;Music,base
xFOf5tNiAN0_30000,xFOf5tNiAN0,30.0,scream,scream,,1,0,v1,5.165,5.638,0.473,,Shout,0,0,,"Child speech, kid speaking;Clicking;Female speech, woman speaking;Generic impact sounds;Human voice;Male speech, man speaking;Shout;Wind noise (microphone)",base
xFnZTXHLsoI_30000,xFnZTXHLsoI,30.0,siren,siren,siren,1,1,v1,3.827,5.835,2.008,Siren,,0,0,,Crunch;Generic impact sounds;Siren;Vehicle;Wind;Wind noise (microphone),base
xGqWSur-CZg_0,xGqWSur-CZg,0.0,scream,scream,scream,1,1,v1,1.258,8.794,7.536,,Screaming,0,0,,Mechanisms;Screaming,base
xHBIRXTy-Bw_70000,xHBIRXTy-Bw,70.0,dog_bark,dog_bark,dog_bark,1,1,real,5.418,5.762,0.344,,,1,0,,"Background noise;Bark;Generic impact sounds;Growling;Male speech, man speaking",base
xHTMsmh7keA_28000,xHTMsmh7keA,28.0,siren,siren,siren,1,1,v1,0.000,9.433,9.433,Siren,,0,0,,"Air horn, truck horn;Siren",base
xIS6JwaGxuk_10000,xIS6JwaGxuk,10.0,dog_bark,dog_bark,dog_bark,1,1,real,0.000,0.588,0.588,,,1,0,,"Bark;Female speech, woman speaking;Growling;Male speech, man speaking;Mechanisms",base
xJh-g_3kw-M_50000,xJh-g_3kw-M,50.0,dog_bark,dog_bark,dog_bark,1,1,v1,9.181,9.450,0.269,,Music,1,0,,Bark;Music,base
xJukQ9V7pRk_80000,xJukQ9V7pRk,80.0,glass,glass,glass,1,1,real,5.608,6.453,0.845,,Music,0,0,,"Breaking;Generic impact sounds;Glass shatter;Mechanisms;Music;Sound effect;Video game sound;Walk, footsteps",base
xNJzRz0trB0_4000,xNJzRz0trB0,4.0,dog_bark,dog_bark,dog_bark,1,1,v1,9.466,9.852,0.386,,,1,0,,"Bark;Bird vocalization, bird call, bird song;Female speech, woman speaking;Generic impact sounds;Mechanisms",base
xNbwJL0bc8s_370000,xNbwJL0bc8s,370.0,siren,siren,siren,1,1,v1,0.000,10.000,10.000,Siren,,0,0,speech,Motor vehicle (road);Siren;Speech,base
xNtX3g_67oc_10000,xNtX3g_67oc,10.0,scream,,scream,0,1,real,3.008,7.307,4.299,,Music;Screaming,0,0,,"Generic impact sounds;Music;Pant;Screaming;Tick;Walk, footsteps",base
xNuFlvquTLg_100000,xNuFlvquTLg,100.0,background,,,0,0,bg,,,,,Music,0,0,,Music;Sound effect,base
xOU0LYC_cyM_100000,xOU0LYC_cyM,100.0,background,,,0,0,bg,,,,,,0,0,,Generic impact sounds;Mechanisms;Slosh;Snort,base
xRUD5IdwXMU_80000,xRUD5IdwXMU,80.0,glass,glass,glass,1,1,real,0.273,1.586,1.313,,,0,0,,Background noise;Bicycle bell;Glass shatter;Telephone bell ringing,base
xSPizZkxMfc_190000,xSPizZkxMfc,190.0,dog_bark,dog_bark,dog_bark,1,1,real,9.315,9.607,0.292,,,1,0,,"Background noise;Bark;Bird vocalization, bird call, bird song;Camera;Generic impact sounds;Male speech, man speaking;Thunder;Tick",base
xTTuSGdFQuM_30000,xTTuSGdFQuM,30.0,background,,,0,0,bg,,,,,,0,0,,"Breathing;Male speech, man speaking;Mechanisms",base
xWHmuYg_wWs_150000,xWHmuYg_wWs,150.0,siren,siren,siren,1,1,v1,0.000,3.408,3.408,Siren,,0,0,,"Breathing;Grunt;Male speech, man speaking;Siren;Snoring;Tick",base
xYsifp2mil8_190000,xYsifp2mil8,190.0,background,,,0,0,bg,,,,,Music,0,0,,"Breathing;Electric shaver, electric razor;Female speech, woman speaking;Music",base
xa3rRjJ68_M_290000,xa3rRjJ68_M,290.0,background,,,0,0,bg,,,,,,0,0,,"Background noise;Beep, bleep;Cellphone buzz, vibrating alert;Doorbell;Female speech, woman speaking;Generic impact sounds;Male speech, man speaking;Ringtone;Single-lens reflex camera;Slap, smack;Tick",base
xbDOu0Hvb14_20000,xbDOu0Hvb14,20.0,siren,siren,siren,1,1,real,0.000,9.454,9.454,Siren,Laughter,0,0,laughter,Laughter;Siren,base
xbM0ZoU4Zu0_10000,xbM0ZoU4Zu0,10.0,background,,,0,0,bg,,,,,,0,0,,"Bell;Female speech, woman speaking;Generic impact sounds;Mechanisms;Purr",base
xbuXpLnXM-I_70000,xbuXpLnXM-I,70.0,siren,,siren,0,1,real,0.000,2.331,2.331,Police car (siren),Music,0,0,crowd,"Hubbub, speech noise, speech babble;Human voice;Music;Police car (siren)",base
xc50_T6MVQI_30000,xc50_T6MVQI,30.0,background,,,0,0,bg,,,,,,0,0,,Crow;Generic impact sounds;Mechanisms,base
xcFK51cBJN8_30000,xcFK51cBJN8,30.0,dog_bark,dog_bark,dog_bark,1,1,real,2.524,2.686,0.162,,Music,1,0,,"Bark;Bird vocalization, bird call, bird song;Child speech, kid speaking;Chirp, tweet;Ding-dong;Door;Doorbell;Generic impact sounds;Human voice;Insect;Mechanisms;Music;Sound effect",base
xdSlt-xvt3s_0,xdSlt-xvt3s,0.0,dog_bark,dog_bark,dog_bark,1,1,v1,6.464,7.999,1.535,,,1,1,crowd,"Animal;Bark;Dog;Female speech, woman speaking;Hubbub, speech noise, speech babble;Male speech, man speaking;Tick",base
xdVFGYHrcsQ_30000,xdVFGYHrcsQ,30.0,dog_bark,dog_bark,dog_bark,1,1,real,0.601,1.648,1.047,,,1,0,,"Bark;Beep, bleep;Female speech, woman speaking;Generic impact sounds;Tap;Television",base
xg3DCh02i7w_30000,xg3DCh02i7w,30.0,background,,,0,0,bg,,,,,,0,0,crowd,"Hubbub, speech noise, speech babble;Waves, surf;Wind;Wind noise (microphone)",base
xg8Bbv4Xo0k_60000,xg8Bbv4Xo0k,60.0,background,,,0,0,bg,,,,,Music,0,0,,Generic impact sounds;Mechanisms;Music,base
xlkV7v0I5UA_460000,xlkV7v0I5UA,460.0,background,,,0,0,bg,,,,,Music,0,0,,Music,base
xmhXvD-BCT0_4000,xmhXvD-BCT0,4.0,siren,siren,siren,1,1,v1,0.014,2.133,2.119,Siren,,0,0,,Siren,base
xnBOSgWl724_310000,xnBOSgWl724,310.0,background,,,0,0,bg,,,,,,0,0,,"Background noise;Male speech, man speaking;Sink (filling or washing);Tap",base
xoYR_3ZlSFU_60000,xoYR_3ZlSFU,60.0,siren,siren,siren,1,1,v1,3.717,8.157,4.440,Siren,,0,0,,Mechanisms;Siren;Surface contact,base
xrIuxx-jAWY_30000,xrIuxx-jAWY,30.0,dog_bark,dog_bark,dog_bark,1,1,real,4.059,4.290,0.231,,,1,0,,"Animal;Bark;Bird vocalization, bird call, bird song;Surface contact;Wind;Wind noise (microphone)",base
xuMDGR-zYZU_70000,xuMDGR-zYZU,70.0,scream,scream,scream,1,1,v1,5.936,10.000,4.064,,Screaming,0,0,speech,"Breathing;Gasp;Human voice;Male speech, man speaking;Mechanisms;Screaming;Sound effect;Speech;Tick",base
xukfHCgr26c_110000,xukfHCgr26c,110.0,siren,siren,siren,1,1,v1,0.000,10.000,10.000,Siren,,0,0,,Siren,base
xvPfrkX8fN8_60000,xvPfrkX8fN8,60.0,background,,,0,0,bg,,,,,,0,0,,"Male speech, man speaking;Mechanisms;Sanding;Tick",base
xwBR2YshoVw_160000,xwBR2YshoVw,160.0,background,,,0,0,bg,,,,,,0,0,,"Drawer open or close;Generic impact sounds;Male speech, man speaking;Surface contact;Tools",base
xwVb3n09WaM_1000,xwVb3n09WaM,1.0,siren,,siren,0,1,real,0.007,9.762,9.755,"Fire engine, fire truck (siren)",,0,0,,"Fire engine, fire truck (siren)",base
y2LLmOMuZ1U_30000,y2LLmOMuZ1U,30.0,glass,glass,glass,1,1,real,2.950,3.920,0.970,,,0,0,,"Background noise;Burping, eructation;Ding;Generic impact sounds;Glass shatter;Human voice;Sigh;Telephone bell ringing",base
y2XFnTrO3Z8_30000,y2XFnTrO3Z8,30.0,background,,,0,0,bg,,,,,Clapping;Crowd;Laughter,0,0,crowd;laughter,"Clapping;Crowd;Laughter;Male speech, man speaking;Whoop",base
y4Uvunt5vwg_30000,y4Uvunt5vwg,30.0,background,,,0,0,bg,,,,,,0,0,,"Artillery fire;Conversation;Generic impact sounds;Male speech, man speaking;Run;Wind",base
y5uiOHsfvQU_150000,y5uiOHsfvQU,150.0,background,,,0,0,bg,,,,,Crowd;Music,0,0,crowd,Battle cry;Crowd;Music,base
y7tSr2ULunY_70000,y7tSr2ULunY,70.0,scream,,scream,0,1,real,4.591,5.000,0.409,,Laughter;Screaming,0,0,laughter,"Background noise;Human sounds;Laughter;Male speech, man speaking;Screaming;Sound effect",base
y9POahdljfM_10000,y9POahdljfM,10.0,dog_bark,dog_bark,dog_bark,1,1,real,5.871,7.308,1.437,,,1,1,,Background noise;Bark;Dog;Generic impact sounds,base
y9avl6jUlAg_30000,y9avl6jUlAg,30.0,scream,scream,,1,0,v1,8.478,9.055,0.577,,Shout,0,0,,"Generic impact sounds;Human voice;Male speech, man speaking;Mechanisms;Shout;Tick",base
yBDQhOjlxL8_30000,yBDQhOjlxL8,30.0,background,,,0,0,bg,,,,,Laughter,0,0,laughter,"Conversation;Female speech, woman speaking;Laughter;Male speech, man speaking;Motor vehicle (road);Rain;Wind noise (microphone)",base
yBH_OeD6Cg4_0,yBH_OeD6Cg4,0.0,background,,,0,0,bg,,,,,Music,0,0,,Music;Whistling,base
yBSKOk9TGZ0_30000,yBSKOk9TGZ0,30.0,siren,siren,siren,1,1,real,0.000,3.315,3.315,Siren,,0,0,,Engine;Engine starting;Siren,base
yBtbXwsyd4I_230000,yBtbXwsyd4I,230.0,background,,,0,0,bg,,,,,,0,0,,"Background noise;Breathing;Jackhammer;Male speech, man speaking",base
yC4YJcgfRq0_40000,yC4YJcgfRq0,40.0,glass,glass,glass,1,1,v1,4.189,6.009,1.820,,,0,0,,"Car;Glass shatter;Groan;Male speech, man speaking;Tire squeal, skidding;Walk, footsteps;Wind",base
yD2NHPO8yEE_70000,yD2NHPO8yEE,70.0,dog_bark,dog_bark,dog_bark,1,1,real,8.874,9.102,0.228,,,1,0,,"Bark;Child speech, kid speaking;Mechanical fan;Tap",base
yEjCm1ibicI_240000,yEjCm1ibicI,240.0,background,,,0,0,bg,,,,,Laughter,0,0,laughter,"Child speech, kid speaking;Chirp, tweet;Conversation;Female speech, woman speaking;Generic impact sounds;Human voice;Laughter;Male speech, man speaking;Oink;Rustle",base
yF8hG-Hd5p8_40000,yF8hG-Hd5p8,40.0,dog_bark,dog_bark,,1,0,v1,6.809,7.161,0.352,,Giggle,0,1,dog_nonbark,Breathing;Dog;Giggle;Growling;Mechanisms,base
yHigALKGo-M_30000,yHigALKGo-M,30.0,background,,,0,0,bg,,,,,,0,0,,"Jingle, tinkle;Mechanisms",base
yIoMKim8GFI_30000,yIoMKim8GFI,30.0,background,,,0,0,bg,,,,,,0,0,,Squeal;Truck;Wind;Wind noise (microphone),base
yOI134PGxxM_0,yOI134PGxxM,0.0,siren,,siren,0,1,real,5.896,10.000,4.104,Ambulance (siren),,0,0,,"Ambulance (siren);Male speech, man speaking;Medium engine (mid frequency);Wind;Wind noise (microphone)",base
yOXngRqXQU8_30000,yOXngRqXQU8,30.0,glass,glass,glass,1,1,real,5.516,7.673,2.157,,,0,0,,Background noise;Generic impact sounds;Glass shatter,base
yP9PtC7hGvQ_0,yP9PtC7hGvQ,0.0,glass,glass,glass,1,1,real,5.168,10.000,4.832,,,0,0,,Glass shatter;Rumble;Speech synthesizer;Tick,base
yQUlE3d0IMs_70000,yQUlE3d0IMs,70.0,scream,scream,scream,1,1,v1,5.586,5.984,0.398,,Screaming,0,0,,Basketball bounce;Generic impact sounds;Noise;Screaming,base
yQsK-fKAAws_550000,yQsK-fKAAws,550.0,glass,glass,glass,1,1,real,9.023,10.000,0.977,,,0,0,,"Generic impact sounds;Glass shatter;Gunshot, gunfire;Male speech, man speaking;Tap",base
yS1K5NpoFEU_90000,yS1K5NpoFEU,90.0,background,,,0,0,bg,,,,,,0,0,,"Background noise;Breathing;Chirp, tweet;Clicking;Generic impact sounds;Male speech, man speaking;Surface contact",base
yUIU4a1WU1Y_0,yUIU4a1WU1Y,0.0,glass,glass,glass,1,1,v1,2.789,5.284,2.495,,,0,0,,Glass shatter;Sound effect,base
yUX1Xl8DYdU_30000,yUX1Xl8DYdU,30.0,siren,,siren,0,1,real,4.714,10.000,5.286,Ambulance (siren),,0,0,crowd,"Ambulance (siren);Hubbub, speech noise, speech babble;Traffic noise, roadway noise;Vehicle horn, car horn, honking, toot",base
yVVP8XvWJTo_260000,yVVP8XvWJTo,260.0,background,,,0,0,bg,,,,,Laughter,0,0,laughter,"Child speech, kid speaking;Children playing;Female speech, woman speaking;Generic impact sounds;Laughter;Wind noise (microphone)",base
yY6lgNdnyMU_30000,yY6lgNdnyMU,30.0,scream,,scream,0,1,real,5.211,6.815,1.604,,Giggle;Screaming,0,0,,"Background noise;Breathing;Child speech, kid speaking;Conversation;Generic impact sounds;Giggle;Human voice;Screaming;Surface contact;Tick",base
yYuEK88yXqc_1000,yYuEK88yXqc,1.0,dog_bark,dog_bark,dog_bark,1,1,real,6.041,6.834,0.793,,Laughter,1,0,laughter,"Bark;Doorbell;Female speech, woman speaking;Generic impact sounds;Laughter",base
yZZcPjJ1v2c_30000,yZZcPjJ1v2c,30.0,siren,siren,siren,1,1,v1,0.000,1.013,1.013,Siren,Laughter;Shout,0,0,laughter,"Laughter;Male speech, man speaking;Shout;Siren",base
yazdc0teUOk_21000,yazdc0teUOk,21.0,glass,glass,glass,1,1,v1,7.374,8.049,0.675,,Clapping;Music,0,0,,"Clapping;Female singing;Glass shatter;Male speech, man speaking;Music",base
ycRmbAAeX30_80000,ycRmbAAeX30,80.0,background,,,0,0,bg,,,,,,0,0,,"Chirp, tweet;Ocean;Tick;Wind noise (microphone)",base
ycxaFileSl4_10000,ycxaFileSl4,10.0,glass,glass,glass,1,1,real,7.369,8.976,1.607,,Laughter,0,0,laughter,"Background noise;Conversation;Generic impact sounds;Glass shatter;Laughter;Male speech, man speaking;Thump, thud;Walk, footsteps",base
yfPgylGaJvo_30000,yfPgylGaJvo,30.0,scream,scream,,1,0,v1,7.764,8.863,1.099,,Shout,0,0,crowd,"Hubbub, speech noise, speech babble;Shout;Slap, smack",base
ygTDx1KnhYI_10000,ygTDx1KnhYI,10.0,dog_bark,dog_bark,dog_bark,1,1,v1,4.936,6.049,1.113,,,1,0,,Bark;Generic impact sounds;Tick;Vacuum cleaner,base
yhGraRtv69I_30000,yhGraRtv69I,30.0,background,,,0,0,bg,,,,,Clapping,0,0,,"Breathing;Child singing;Clapping;Finger snapping;Stomp, stamp;Wind",base
yjCLaDEqw5E_100000,yjCLaDEqw5E,100.0,siren,siren,siren,1,1,v1,6.403,8.367,1.964,Siren,,0,0,,"Generic impact sounds;Male speech, man speaking;Mechanisms;Siren;Tick",base
yjJHyAli5P8_10000,yjJHyAli5P8,10.0,siren,siren,siren,1,1,real,0.000,10.000,10.000,Siren,,0,0,,Background noise;Howl;Siren,base
yn7lCJWvaLI_30000,yn7lCJWvaLI,30.0,scream,,scream,0,1,real,5.698,9.102,3.404,,Music;Screaming,0,0,,"Boom;Male singing;Male speech, man speaking;Music;Screaming",base
yoVl4OSIhgA_30000,yoVl4OSIhgA,30.0,background,,,0,0,bg,,,,,Music,0,0,,Male singing;Music;Water,base
yqGKjqYWr3U_0,yqGKjqYWr3U,0.0,glass,glass,glass,1,1,v1,7.991,8.681,0.690,,Music,0,0,,Background noise;Echo;Glass shatter;Music;Speech synthesizer,base
yrYES2UXvwA_30000,yrYES2UXvwA,30.0,siren,siren,siren,1,1,v1,2.199,10.000,7.801,Siren,,0,0,,Generic impact sounds;Siren,base
yroV_0Rq3wc_120000,yroV_0Rq3wc,120.0,dog_bark,dog_bark,dog_bark,1,1,real,0.044,0.455,0.411,,,1,0,,"Bark;Bird vocalization, bird call, bird song;Bleat;Cowbell;Generic impact sounds;Male speech, man speaking;Tick;Wind",base
ysNK5RVF3Zw_0,ysNK5RVF3Zw,0.0,siren,siren,siren,1,1,v1,0.276,7.591,7.315,Siren,,0,0,,Emergency vehicle;Generic impact sounds;Siren,base
z5E-lWN1Tl0_120000,z5E-lWN1Tl0,120.0,background,,,0,0,bg,,,,,Music,0,0,,Effects unit;Music,base
z5g77yA0veM_60000,z5g77yA0veM,60.0,scream,scream,scream,1,1,real,0.000,0.993,0.993,,Screaming,0,0,,Generic impact sounds;Pant;Screaming;Wind,base
z6WyKGhcd5s_30000,z6WyKGhcd5s,30.0,background,,,0,0,bg,,,,,,0,0,,Idling;Medium engine (mid frequency),base
z6aLSiNfWDc_220000,z6aLSiNfWDc,220.0,background,,,0,0,bg,,,,,,0,0,,"Breathing;Conversation;Female speech, woman speaking;Male speech, man speaking;Mechanisms",base
z6yJVF0iKLk_30000,z6yJVF0iKLk,30.0,siren,,siren,0,1,real,0.000,10.000,10.000,"Fire engine, fire truck (siren)",,0,0,,"Fire engine, fire truck (siren);Wind",base
z9cQJf5dgGM_200000,z9cQJf5dgGM,200.0,background,,,0,0,bg,,,,,Music,0,0,crowd,"Hubbub, speech noise, speech babble;Male singing;Male speech, man speaking;Music",base
z9rrmMsTNDg_30000,z9rrmMsTNDg,30.0,background,,,0,0,bg,,,,,,0,0,,"Generic impact sounds;Heart sounds, heartbeat;Mechanisms;Tick",base
zAyMsAFOtKc_13000,zAyMsAFOtKc,13.0,background,,,0,0,bg,,,,,,0,0,speech,"Air horn, truck horn;Mechanisms;Speech",base
zC4lF6x8p_s_30000,zC4lF6x8p_s,30.0,glass,glass,glass,1,1,real,7.674,8.129,0.455,,,0,0,,Glass shatter;Human voice;Sound effect;Video game sound,base
zHOqFSyDRmU_30000,zHOqFSyDRmU,30.0,siren,,siren,0,1,real,0.000,10.000,10.000,"Fire engine, fire truck (siren)",,0,0,,"Air horn, truck horn;Fire engine, fire truck (siren);Squeal;Tick;Wind",base
zI5SOz-vTZ8_30000,zI5SOz-vTZ8,30.0,scream,dog_bark,scream,1,1,real,7.178,8.803,1.625,,Laughter;Screaming,0,1,dog_nonbark;laughter,"Child speech, kid speaking;Conversation;Dog;Female speech, woman speaking;Generic impact sounds;Howl;Laughter;Mechanisms;Screaming;Surface contact;Tick",base
zIM02m3w_w4_20000,zIM02m3w_w4,20.0,glass,glass,glass,1,1,real,3.303,4.230,0.927,,,0,0,,"Background noise;Glass shatter;Male speech, man speaking;Sound effect",base
zIoAaj9Tqhg_10000,zIoAaj9Tqhg,10.0,scream,scream,scream,1,1,v1,0.000,2.671,2.671,,Screaming,0,0,crying,"Breathing;Crying, sobbing;Generic impact sounds;Male speech, man speaking;Mechanisms;Screaming;Tick",base
zLfjZAl2e60_0,zLfjZAl2e60,0.0,background,,,0,0,bg,,,,,,0,0,,"Generic impact sounds;Male speech, man speaking;Mechanisms;Tick;Tools",base
zO4tdW9E8Ck_30000,zO4tdW9E8Ck,30.0,scream,,scream,0,1,real,5.004,6.421,1.417,,Music;Screaming,0,0,crowd,"Hubbub, speech noise, speech babble;Male speech, man speaking;Music;Screaming",base
zQW2ZYcOr0w_240000,zQW2ZYcOr0w,240.0,background,,,0,0,bg,,,,,,0,0,,"Baby cry, infant cry;Background noise;Chirp, tweet;Door;Slam",base
zRtD5RWBEwA_30000,zRtD5RWBEwA,30.0,scream,scream,scream,1,1,v1,2.717,3.488,0.771,,Screaming,0,0,,Background noise;Breathing;Clicking;Human voice;Mosquito;Screaming;Wind noise (microphone),base
zS0vSUSGgMc_30000,zS0vSUSGgMc,30.0,background,,,0,0,bg,,,,,,0,0,,Alarm clock,base
zSIlxb65k1s_550000,zSIlxb65k1s,550.0,background,,,0,0,bg,,,,,,0,0,,"Accelerating, revving, vroom;Heavy engine (low frequency)",base
zSX9-EuBEFw_30000,zSX9-EuBEFw,30.0,background,,,0,0,bg,,,,,,0,0,,"Bicycle, tricycle;Conversation;Male speech, man speaking",base
zUXR5U5muxY_19000,zUXR5U5muxY,19.0,siren,siren,siren,1,1,v1,0.000,5.671,5.671,Siren,,0,0,,"Car;Siren;Vehicle horn, car horn, honking, toot",base
zWSSwgir5z4_3000,zWSSwgir5z4,3.0,glass,glass,glass,1,1,v1,7.692,8.981,1.289,,,0,0,,Glass shatter,base
zWiKEpJydYk_10000,zWiKEpJydYk,10.0,dog_bark,dog_bark,dog_bark,1,1,real,3.779,4.879,1.100,,,1,0,,"Background noise;Bark;Human voice;Male speech, man speaking;Surface contact;Tick",base
zb-QJfhLHPY_20000,zb-QJfhLHPY,20.0,glass,glass,glass,1,1,v1,1.138,2.691,1.553,,,0,0,,"Car;Generic impact sounds;Glass chink, clink;Glass shatter;Male speech, man speaking",base
zduh74eHZAw_30000,zduh74eHZAw,30.0,background,,,0,0,bg,,,,,,0,0,,"Bird flight, flapping wings;Coo;Male speech, man speaking;Mechanisms",base
ziM_plB6PEI_50000,ziM_plB6PEI,50.0,dog_bark,dog_bark,dog_bark,1,1,real,9.674,10.000,0.326,,Giggle,1,0,,"Background noise;Bark;Breathing;Giggle;Howl;Human sounds;Male speech, man speaking",base
ziUIJwo2pes_130000,ziUIJwo2pes,130.0,background,,,0,0,bg,,,,,,0,0,,Mechanisms;Mouse;Patter,base
zjJdLCtKccA_17000,zjJdLCtKccA,17.0,siren,siren,siren,1,1,real,0.000,7.039,7.039,Siren,,0,0,,"Accelerating, revving, vroom;Emergency vehicle;Siren;Tire squeal, skidding;Vehicle horn, car horn, honking, toot",base
zkrpBFFhgPI_60000,zkrpBFFhgPI,60.0,background,,,0,0,bg,,,,,,0,0,,"Bathtub (filling or washing);Water tap, faucet",base
znwISp7hEMk_310000,znwISp7hEMk,310.0,background,,,0,0,bg,,,,,,0,0,,"Accelerating, revving, vroom;Race car, auto racing;Squeal;Tap",base
zuWPIg6gwqU_190000,zuWPIg6gwqU,190.0,glass,glass,glass,1,1,v1,4.164,6.862,2.698,,Music;Shout,0,0,,"Glass shatter;Gunshot, gunfire;Human voice;Male speech, man speaking;Music;Shout;Tick;Video game sound",base
zvGy89JnfXI_0,zvGy89JnfXI,0.0,background,,,0,0,bg,,,,,Music,0,0,,Gears;Mechanisms;Music,base
zvrMFqo_s0M_110000,zvrMFqo_s0M,110.0,dog_bark,dog_bark,dog_bark,1,1,v1,3.523,3.901,0.378,,,1,0,,Bark;Drill;Mechanisms,base
zwqrnDBv_Xk_40000,zwqrnDBv_Xk,40.0,background,,,0,0,bg,,,,,,0,0,,"Human voice;Ice cream truck, ice cream van;Male speech, man speaking",base
zyLrcUyXgmc_30000,zyLrcUyXgmc,30.0,glass,glass,glass,1,1,v1,4.098,5.628,1.530,,Music,0,0,,"Artillery fire;Glass shatter;Male speech, man speaking;Music",base
--zgVsqtUgE_30000,--zgVsqtUgE,30.0,scream,scream,,1,0,v1,6.756,8.389,1.633,,Shout,0,0,crying,"Crying, sobbing;Gasp;Generic impact sounds;Human sounds;Male speech, man speaking;Shout;Vehicle horn, car horn, honking, toot;Wind",extra1_scream
-6f3Lc3Fqnc_27000,-6f3Lc3Fqnc,27.0,scream,scream,,1,0,v1,0.000,9.757,9.757,,Shout,0,0,crowd,"Female speech, woman speaking;Hubbub, speech noise, speech babble;Male speech, man speaking;Motorboat, speedboat;Shout;Tick;Water",extra1_scream
-BxQ9nkrId4_30000,-BxQ9nkrId4,30.0,scream,scream,,1,0,v1,2.884,3.054,0.170,,Shout,0,0,crowd,"Hubbub, speech noise, speech babble;Mechanisms;Shout;Tick",extra1_scream
-TgZNwNY3T4_440000,-TgZNwNY3T4,440.0,scream,,scream,0,1,real,7.894,10.000,2.106,,Cheering;Clapping;Music;Screaming;Shout,0,0,crowd,Cheering;Clapping;Music;Screaming;Shout;Whoop,extra1_scream
-WfQBr42ymw_30000,-WfQBr42ymw,30.0,scream,,scream,0,1,real,0.000,10.000,10.000,,Music;Screaming,0,0,,Music;Screaming,extra1_scream
-a1ftv1yg0c_30000,-a1ftv1yg0c,30.0,scream,scream,,1,0,v1,9.796,10.000,0.204,,Shout,0,0,crowd,"Background noise;Hubbub, speech noise, speech babble;Shout;Tick;Water;Wind",extra1_scream
-gb5uvwsRpI_30000,-gb5uvwsRpI,30.0,scream,scream,scream,1,1,real,7.213,9.165,1.952,,Screaming,0,0,,"Male speech, man speaking;Screaming;Sound effect;Video game sound",extra1_scream
-noFxGT_VsA_10000,-noFxGT_VsA,10.0,scream,scream,,1,0,v1,7.920,9.671,1.751,,Shout,0,0,crowd,"Animal;Doorbell;Hubbub, speech noise, speech babble;Mechanisms;Shout;Tick",extra1_scream
-ockHs8mYQo_12000,-ockHs8mYQo,12.0,scream,scream,,1,0,v1,0.023,0.762,0.739,,Shout,0,0,,"Generic impact sounds;Human voice;Male speech, man speaking;Shout;Splash, splatter;Water;Wind;Wind noise (microphone)",extra1_scream
-tTa_HJD4iM_7000,-tTa_HJD4iM,7.0,scream,scream,,1,0,v1,0.118,1.320,1.202,,Shout,0,0,,"Female speech, woman speaking;Gunshot, gunfire;Male speech, man speaking;Mechanisms;Shout;Tick;Video game sound",extra1_scream
-vHJU1wDRsY_30000,-vHJU1wDRsY,30.0,scream,,scream,0,1,real,0.000,2.637,2.637,,Music;Screaming,0,0,,"Bird vocalization, bird call, bird song;Breaking;Human voice;Male speech, man speaking;Mechanisms;Music;Screaming;Squeal;Tap;Tick;Whoosh, swoosh, swish;Wind",extra1_scream
-vNFrV-aAv0_23000,-vNFrV-aAv0,23.0,scream,scream,scream,1,1,real,5.883,6.761,0.878,,Screaming,0,0,,"Child speech, kid speaking;Conversation;Human voice;Screaming;Tick;Waterfall",extra1_scream
00dUipBeYCI_0,00dUipBeYCI,0.0,scream,,scream,0,1,real,2.866,3.724,0.858,,Crowd;Music;Screaming,0,0,crowd,Crowd;Music;Screaming;Whoop,extra1_scream
00wo3ZuR2jY_300000,00wo3ZuR2jY,300.0,scream,scream,,1,0,v1,0.000,0.874,0.874,,Shout,0,0,,"Breaking;Explosion;Generic impact sounds;Gunshot, gunfire;Machine gun;Shout;Video game sound;Walk, footsteps",extra1_scream
02GNd2tWFsA_11000,02GNd2tWFsA,11.0,scream,,scream,0,1,real,0.413,1.021,0.608,,Crowd;Screaming,0,0,crowd,"Clip-clop;Crowd;Motorcycle;Screaming;Vehicle horn, car horn, honking, toot;Whoop",extra1_scream
055Anenfc3E_460000,055Anenfc3E,460.0,scream,,scream,0,1,real,0.000,0.455,0.455,,Music;Screaming,0,0,,"Child speech, kid speaking;Conversation;Female speech, woman speaking;Generic impact sounds;Human sounds;Male speech, man speaking;Music;Screaming;Sound effect;Tap;Walk, footsteps",extra1_scream
0QL-imhRTsI_30000,0QL-imhRTsI,30.0,scream,scream,,1,0,v1,4.841,5.710,0.869,,Shout,0,0,,"Breathing;Explosion;Human sounds;Run;Shout;Sound effect;Video game sound;Walk, footsteps",extra1_scream
0dCq9FqAZRM_90000,0dCq9FqAZRM,90.0,scream,scream,,1,0,v1,8.780,9.748,0.968,,Shout,0,0,,"Child speech, kid speaking;Conversation;Female speech, woman speaking;Generic impact sounds;Male speech, man speaking;Mechanisms;Shout;Splash, splatter;Surface contact;Tick;Water",extra1_scream
0keO10P0ZF4_30000,0keO10P0ZF4,30.0,scream,,scream,0,1,real,7.630,8.047,0.417,,Laughter;Screaming,0,0,laughter,"Generic impact sounds;Laughter;Male singing;Male speech, man speaking;Screaming;Tick",extra1_scream
1-HqVoxD9tM_30000,1-HqVoxD9tM,30.0,scream,,scream,0,1,real,4.354,5.087,0.733,,Music;Screaming,0,0,,"Child speech, kid speaking;Generic impact sounds;Human voice;Music;Screaming;Tick;Water;Whoop",extra1_scream
17GoEsiojLc_29000,17GoEsiojLc,29.0,scream,,scream,0,1,real,0.000,5.696,5.696,,Cheering;Music;Screaming,0,0,crowd,Cheering;Music;Screaming,extra1_scream
1F8vU7LHe38_320000,1F8vU7LHe38,320.0,scream,scream,scream,1,1,v1,1.047,2.551,1.504,,Screaming,0,0,speech,"Breathing;Male speech, man speaking;Screaming;Speech",extra1_scream
1NZV0KxuZok_30000,1NZV0KxuZok,30.0,scream,,scream,0,1,real,2.721,2.965,0.244,,Music;Screaming,0,0,crowd,"Female speech, woman speaking;Hubbub, speech noise, speech babble;Male speech, man speaking;Music;Screaming",extra1_scream
1Z19W2GRX2s_70000,1Z19W2GRX2s,70.0,scream,scream,,1,0,v1,5.621,7.011,1.390,,Shout,0,0,,Choir;Finger snapping;Shout;Whistling,extra1_scream
1msyXyqRvpY_0,1msyXyqRvpY,0.0,scream,scream,scream,1,1,v1,0.815,1.948,1.133,,Screaming,0,0,,Background noise;Breathing;Screaming;Whistling,extra1_scream
2LBOZ5KjYzA_150000,2LBOZ5KjYzA,150.0,scream,scream,scream,1,1,real,8.763,10.000,1.237,,Screaming;Shout,0,0,,"Background noise;Conversation;Female speech, woman speaking;Hands;Male speech, man speaking;Screaming;Shout;Tick",extra1_scream
2Wvyo71tjDM_6000,2Wvyo71tjDM,6.0,scream,,scream,0,1,real,4.412,5.228,0.816,,Music;Screaming,0,0,,"Human sounds;Music;Screaming;Sound effect;Whack, thwack",extra1_scream
2keALUSUbwY_30000,2keALUSUbwY,30.0,scream,,scream,0,1,real,4.165,4.969,0.804,,Music;Screaming,0,0,,Chainsaw;Generic impact sounds;Human voice;Music;Screaming,extra1_scream
32_QEpwmYOo_13000,32_QEpwmYOo,13.0,scream,,scream,0,1,real,5.742,8.094,2.352,,Music;Screaming,0,0,crowd,"Hubbub, speech noise, speech babble;Human voice;Male speech, man speaking;Mechanisms;Music;Screaming",extra1_scream
3FDKv7dlmHA_3000,3FDKv7dlmHA,3.0,scream,scream,scream,1,1,v1,0.000,3.618,3.618,,Screaming,0,0,,Gasp;Screaming,extra1_scream
3SY0x9DGB60_30000,3SY0x9DGB60,30.0,scream,scream,scream,1,1,real,2.077,3.279,1.202,,Screaming,0,0,,"Beep, bleep;Brief tone;Emergency vehicle;Female speech, woman speaking;Radio;Screaming;Sound effect;Tap;Video game sound",extra1_scream
3TtIAWGJjdg_23000,3TtIAWGJjdg,23.0,scream,scream,,1,0,v1,4.519,5.728,1.209,,Shout,0,0,speech,Howl;Shout;Speech,extra1_scream
3Ua-Y63E7fw_30000,3Ua-Y63E7fw,30.0,scream,,scream,0,1,real,1.456,2.477,1.021,,Laughter;Screaming,0,0,laughter,"Background noise;Breathing;Female speech, woman speaking;Generic impact sounds;Laughter;Male speech, man speaking;Screaming;Surface contact",extra1_scream
3rb780SITgI_30000,3rb780SITgI,30.0,scream,,scream,0,1,real,8.126,9.394,1.268,,Music;Screaming;Shout,0,0,crowd,"Conversation;Female speech, woman speaking;Generic impact sounds;Hubbub, speech noise, speech babble;Male speech, man speaking;Music;Screaming;Shout;Splash, splatter;Tap;Tick",extra1_scream
3vwat-AQTPI_23000,3vwat-AQTPI,23.0,scream,scream,,1,0,v1,3.401,4.244,0.843,,Shout,0,0,crowd,"Child speech, kid speaking;Environmental noise;Female speech, woman speaking;Hubbub, speech noise, speech babble;Shout;Tap;Tick;Truck",extra1_scream
47qSxxYcghc_0,47qSxxYcghc,0.0,scream,scream,scream,1,1,v1,4.882,6.111,1.229,,Screaming,0,0,,"Child speech, kid speaking;Conversation;Female speech, woman speaking;Generic impact sounds;Hands;Knock;Screaming",extra1_scream
4f__qEDrMp0_120000,4f__qEDrMp0,120.0,scream,scream,,1,0,v1,3.758,4.603,0.845,,Shout,0,0,speech;crowd,"Child speech, kid speaking;Conversation;Female speech, woman speaking;Hubbub, speech noise, speech babble;Male speech, man speaking;Motor vehicle (road);Shout;Speech;Tick;Wind",extra1_scream
4lJBB2ymaUw_30000,4lJBB2ymaUw,30.0,scream,scream,,1,0,v1,3.816,4.444,0.628,,Shout,0,0,speech,"Generic impact sounds;Male speech, man speaking;Mechanisms;Shout;Speech;Tick",extra1_scream
4q0VNKomhjI_70000,4q0VNKomhjI,70.0,scream,,scream,0,1,real,0.000,1.467,1.467,,Laughter;Screaming,0,0,laughter,"Background noise;Breathing;Female speech, woman speaking;Laughter;Screaming;Tick",extra1_scream
4tjLBkvTi4o_30000,4tjLBkvTi4o,30.0,scream,scream,,1,0,v1,4.974,5.470,0.496,,Shout,0,0,,"Conversation;Human voice;Male speech, man speaking;Run;Shout;Wind",extra1_scream
4y7bR6Samdg_30000,4y7bR6Samdg,30.0,scream,,scream,0,1,real,9.526,10.000,0.474,,Music;Screaming,0,0,,"Background noise;Cricket;Male speech, man speaking;Mechanisms;Music;Reverberation;Screaming;Sound effect;Tick",extra1_scream
4zTaK_iJuBk_30000,4zTaK_iJuBk,30.0,scream,scream,,1,0,v1,8.566,10.000,1.434,,Shout,0,0,,Human voice;Shout,extra1_scream
54wPGR5TLPs_500000,54wPGR5TLPs,500.0,scream,scream,,1,0,v1,0.000,0.750,0.750,,Shout,0,0,,"Buzzer;Conversation;Human voice;Male speech, man speaking;Mechanisms;Shout",extra1_scream
55DtFplFWos_70000,55DtFplFWos,70.0,scream,scream,scream,1,1,real,4.986,6.598,1.612,,Screaming,0,0,,"Male speech, man speaking;Screaming",extra1_scream
56t1bd0AgBE_30000,56t1bd0AgBE,30.0,scream,scream,,1,0,v1,7.893,8.633,0.740,,Shout,0,0,,"Male speech, man speaking;Shout;Truck;Whistling",extra1_scream
58TZGR3k9Dc_510000,58TZGR3k9Dc,510.0,scream,scream,,1,0,v1,1.888,2.666,0.778,,Shout,0,0,,"Bird vocalization, bird call, bird song;Generic impact sounds;Human sounds;Machine gun;Male speech, man speaking;Shout;Tick;Video game sound;Walk, footsteps",extra1_scream
5B74r8k-EdY_0,5B74r8k-EdY,0.0,scream,scream,,1,0,v1,7.723,8.000,0.277,,Shout,0,0,,"Child speech, kid speaking;Mechanisms;Mosquito;Shout",extra1_scream
5HZqYoexBM8_30000,5HZqYoexBM8,30.0,scream,,scream,0,1,real,1.200,3.084,1.884,,Giggle;Music;Screaming;Singing,0,0,,"Camera;Giggle;Mechanisms;Music;Screaming;Singing;Splash, splatter;Water;Wind",extra1_scream
5TmGyuqwKUo_30000,5TmGyuqwKUo,30.0,scream,,scream,0,1,real,9.480,10.000,0.520,,Cheering;Crowd;Music;Screaming,0,0,crowd,"Cheering;Crowd;Male singing;Male speech, man speaking;Music;Screaming;Whistling",extra1_scream
5_GgcOz8_qU_30000,5_GgcOz8_qU,30.0,scream,,scream,0,1,real,8.389,9.350,0.961,,Crowd;Music;Screaming;Singing,0,0,crowd,Crowd;Music;Screaming;Singing,extra1_scream
5h3X4lQbF5I_380000,5h3X4lQbF5I,380.0,scream,scream,,1,0,v1,2.946,3.287,0.341,,Shout,0,0,speech,Shout;Speech;Water,extra1_scream
5lL5md3LTx8_30000,5lL5md3LTx8,30.0,scream,,scream,0,1,real,8.071,8.480,0.409,,Laughter;Screaming,0,0,crowd;laughter,"Bleat;Child speech, kid speaking;Conversation;Female speech, woman speaking;Generic impact sounds;Hubbub, speech noise, speech babble;Laughter;Male speech, man speaking;Rustle;Screaming;Sheep;Tick",extra1_scream
5nhUFczQDQI_70000,5nhUFczQDQI,70.0,scream,scream,,1,0,v1,6.442,7.708,1.266,,Shout,0,0,,Shout;Sound effect,extra1_scream
5pSNSST-CSA_220000,5pSNSST-CSA,220.0,scream,scream,,1,0,v1,3.434,4.616,1.182,,Shout,0,0,,"Fusillade;Generic impact sounds;Machine gun;Male speech, man speaking;Shout;Video game sound",extra1_scream
5rh9i0338DE_260000,5rh9i0338DE,260.0,scream,,scream,0,1,real,0.218,1.193,0.975,,Applause;Crowd;Music;Screaming,0,0,crowd,Applause;Crowd;Music;Screaming;Whoop,extra1_scream
5yuYcGgQL90_0,5yuYcGgQL90,0.0,scream,scream,,1,0,v1,0.070,7.933,7.863,,Shout,0,0,,"Male speech, man speaking;Mechanisms;Shout;Whistling",extra1_scream
5z5DFQfiRZ4_90000,5z5DFQfiRZ4,90.0,scream,scream,scream,1,1,real,6.147,9.949,3.802,,Screaming,0,0,,"Clicking;Male speech, man speaking;Rumble;Screaming;Sound effect;Video game sound;Walk, footsteps",extra1_scream
672-TXEecTI_130000,672-TXEecTI,130.0,scream,,scream,0,1,real,0.064,1.024,0.960,,Music;Screaming;Shout,0,0,crying,"Crying, sobbing;Female speech, woman speaking;Human voice;Music;Screaming;Shout",extra1_scream
6AFVlijRSNU_30000,6AFVlijRSNU,30.0,scream,scream,,1,0,v1,1.504,2.742,1.238,,Shout,0,0,,"Human sounds;Male speech, man speaking;Shout;Surface contact",extra1_scream
6H3MUryE568_30000,6H3MUryE568,30.0,scream,,scream,0,1,real,0.820,4.590,3.770,,Music;Screaming,0,0,,"Male speech, man speaking;Music;Screaming;Whack, thwack",extra1_scream
6MiiuGPcajQ_270000,6MiiuGPcajQ,270.0,scream,scream,,1,0,v1,7.016,8.088,1.072,,Shout,0,0,,"Child speech, kid speaking;Choir;Female speech, woman speaking;Hands;Human voice;Male speech, man speaking;Shout;Tap dance",extra1_scream
6PJ6wPWKBGE_230000,6PJ6wPWKBGE,230.0,scream,,scream,0,1,real,3.028,10.000,6.972,,Applause;Screaming,0,0,crowd,Applause;Screaming;Whistling;Whoop,extra1_scream
6Y27WWLMMeI_70000,6Y27WWLMMeI,70.0,scream,,scream,0,1,real,1.249,2.775,1.526,,Cheering;Screaming;Shout,0,0,crowd,"Background noise;Cheering;Female speech, woman speaking;Screaming;Shout;Tick",extra1_scream
6h-xQIG-q3Q_40000,6h-xQIG-q3Q,40.0,scream,scream,,1,0,v1,4.424,10.000,5.576,,Shout,0,0,,"Car;Human sounds;Male speech, man speaking;Shout;Tick;Vehicle horn, car horn, honking, toot",extra1_scream
6qrJxoKmxOY_30000,6qrJxoKmxOY,30.0,scream,scream,,1,0,v1,8.056,9.543,1.487,,Shout,0,0,,"Arrow;Generic impact sounds;Shout;Video game sound;Walk, footsteps",extra1_scream
6ynj4RFeN5s_40000,6ynj4RFeN5s,40.0,scream,scream,scream,1,1,real,2.491,3.027,0.536,,Screaming,0,0,,"Child speech, kid speaking;Female speech, woman speaking;Human voice;Screaming;Stream, river;Tick;Wind;Wind noise (microphone)",extra1_scream
75MKX1nmeNA_30000,75MKX1nmeNA,30.0,scream,scream,scream,1,1,v1,2.084,6.287,4.203,,Screaming,0,0,,Generic impact sounds;Screaming,extra1_scream
78Qoz3-TN7g_30000,78Qoz3-TN7g,30.0,scream,scream,,1,0,v1,9.709,10.000,0.291,,Shout,0,0,,"Child speech, kid speaking;Medium engine (mid frequency);Shout",extra1_scream
7LdD-jD2HQg_0,7LdD-jD2HQg,0.0,scream,scream,,1,0,v1,2.085,2.481,0.396,,Shout,0,0,,"Breathing;Shout;Thump, thud",extra1_scream
7p6nc7R9jQc_30000,7p6nc7R9jQc,30.0,scream,scream,,1,0,v1,5.583,5.976,0.393,,Shout,0,0,crowd,"Background noise;Breathing;Clicking;Female speech, woman speaking;Generic impact sounds;Hubbub, speech noise, speech babble;Shout;Whoop",extra1_scream
8HUPktNZ4R0_30000,8HUPktNZ4R0,30.0,scream,scream,scream,1,1,real,4.222,4.734,0.512,,Screaming,0,0,crying,"Background noise;Chirp, tweet;Cough;Crying, sobbing;Generic impact sounds;Human voice;Screaming;Surface contact;Tick",extra1_scream
8Id8OX-Hf_E_30000,8Id8OX-Hf_E,30.0,scream,scream,,1,0,v1,0.916,2.618,1.702,,Shout,0,0,,"Background noise;Basketball bounce;Child speech, kid speaking;Male speech, man speaking;Run;Shout;Squeal",extra1_scream
8M51aCH70Z8_28000,8M51aCH70Z8,28.0,scream,scream,scream,1,1,v1,6.339,9.614,3.275,,Screaming,0,0,,Background noise;Breathing;Screaming,extra1_scream
8aJzz-kKk-M_30000,8aJzz-kKk-M,30.0,scream,scream,,1,0,v1,5.481,6.131,0.650,,Shout,0,0,,"Child speech, kid speaking;Conversation;Female speech, woman speaking;Generic impact sounds;Human voice;Mechanisms;Shout;Walk, footsteps",extra1_scream
8jN5OJJLfZ4_230000,8jN5OJJLfZ4,230.0,scream,scream,scream,1,1,real,1.942,8.029,6.087,,Screaming,0,0,,"Breathing;Conversation;Female speech, woman speaking;Generic impact sounds;Mechanisms;Screaming;Tick",extra1_scream
8pAlUegRP_0_0,8pAlUegRP_0,0.0,scream,scream,,1,0,v1,0.335,1.131,0.796,,Shout,0,0,,"Conversation;Female speech, woman speaking;Grunt;Male speech, man speaking;Motor vehicle (road);Shout;Vehicle horn, car horn, honking, toot",extra1_scream
8x3hZe2q2cE_10000,8x3hZe2q2cE,10.0,scream,scream,,1,0,v1,7.457,9.157,1.700,,Shout,0,0,,"Bird vocalization, bird call, bird song;Generic impact sounds;Human voice;Shout;Wind;Wind noise (microphone)",extra1_scream
9AZZncb_yek_0,9AZZncb_yek,0.0,scream,scream,scream,1,1,real,3.115,4.821,1.706,,Screaming;Shout,0,0,crowd,"Background noise;Female speech, woman speaking;Hubbub, speech noise, speech babble;Human sounds;Screaming;Shout;Tick;Wind noise (microphone)",extra1_scream
9BX4em-vy74_0,9BX4em-vy74,0.0,scream,,scream,0,1,real,6.983,8.194,1.211,,Crowd;Music;Screaming;Shout;Singing,0,0,crowd,"Child speech, kid speaking;Crowd;Generic impact sounds;Human voice;Male singing;Male speech, man speaking;Music;Screaming;Shout;Singing;Whistling",extra1_scream
9Elz6ZDqA9E_30000,9Elz6ZDqA9E,30.0,scream,,scream,0,1,real,3.928,4.546,0.618,,Music;Screaming,0,0,,"Conversation;Female speech, woman speaking;Male speech, man speaking;Mosquito;Music;Screaming",extra1_scream
9kTk9BNW7Dc_30000,9kTk9BNW7Dc,30.0,scream,scream,,1,0,v1,8.598,8.882,0.284,,Shout,0,0,,"Female speech, woman speaking;Motorboat, speedboat;Shout;Wind noise (microphone)",extra1_scream
9lPmnvW5T5Q_400000,9lPmnvW5T5Q,400.0,scream,scream,scream,1,1,v1,0.000,3.546,3.546,,Screaming;Shout,0,0,crowd,"Child speech, kid speaking;Hubbub, speech noise, speech babble;Male speech, man speaking;Screaming;Shout",extra1_scream
9w8JpNjezTM_3000,9w8JpNjezTM,3.0,scream,,scream,0,1,real,0.000,9.389,9.389,,Cheering;Screaming,0,0,crowd,Cheering;Screaming,extra1_scream
AK69TU0NjEs_30000,AK69TU0NjEs,30.0,scream,scream,scream,1,1,real,8.052,10.000,1.948,,Screaming,0,0,,"Car;Conversation;Female speech, woman speaking;Heart sounds, heartbeat;Male speech, man speaking;Screaming",extra1_scream
ANN05bXZr5U_21000,ANN05bXZr5U,21.0,scream,scream,,1,0,v1,1.084,1.723,0.639,,Shout,0,0,,"Breathing;Child speech, kid speaking;Generic impact sounds;Human voice;Mechanisms;Shout;Thump, thud",extra1_scream
ATZJVZusrdc_550000,ATZJVZusrdc,550.0,scream,scream,scream,1,1,v1,1.265,1.695,0.430,,Screaming,0,0,,"Human voice;Male speech, man speaking;Screaming;Skateboard;Wind;Wind noise (microphone)",extra1_scream
Ajgn1O0YUQc_30000,Ajgn1O0YUQc,30.0,scream,scream,,1,0,v1,4.004,7.694,3.690,,Shout,0,0,crowd,"Air horn, truck horn;Generic impact sounds;Hubbub, speech noise, speech babble;Male speech, man speaking;Motor vehicle (road);Shout",extra1_scream
ArjKPnIhDls_30000,ArjKPnIhDls,30.0,scream,scream,,1,0,v1,9.105,9.759,0.654,,Shout,0,0,,"Breathing;Generic impact sounds;Mechanisms;Shout;Splash, splatter;Water",extra1_scream
AwpjJST9VYw_70000,AwpjJST9VYw,70.0,scream,,scream,0,1,real,5.351,7.736,2.385,,Laughter;Screaming;Shout,0,0,laughter,"Breathing;Laughter;Male speech, man speaking;Screaming;Shout;Splash, splatter;Wind;Wind noise (microphone)",extra1_scream
Axxo6XvcsPA_30000,Axxo6XvcsPA,30.0,scream,,scream,0,1,real,3.025,5.041,2.016,,Music;Screaming,0,0,,"Beep, bleep;Fart;Music;Screaming",extra1_scream
B0LCw7Av2Gg_30000,B0LCw7Av2Gg,30.0,scream,scream,scream,1,1,real,1.821,2.686,0.865,,Screaming,0,0,,"Breathing;Human voice;Male speech, man speaking;Screaming;Tick;Wind;Wind noise (microphone)",extra1_scream
B1M868KOyAU_20000,B1M868KOyAU,20.0,scream,,scream,0,1,real,9.470,10.000,0.530,,Laughter;Screaming,0,0,laughter,Background noise;Breathing;Laughter;Screaming,extra1_scream
B1Nku7XytTU_30000,B1Nku7XytTU,30.0,scream,,scream,0,1,real,7.987,8.603,0.616,,Music;Screaming,0,0,,Male singing;Music;Screaming,extra1_scream
BI--oCJ1J0s_10000,BI--oCJ1J0s,10.0,scream,scream,,1,0,v1,3.630,4.063,0.433,,Shout,0,0,,"Bleat;Generic impact sounds;Male speech, man speaking;Shout;Wind noise (microphone)",extra1_scream
BnwPikvCxAU_0,BnwPikvCxAU,0.0,scream,,scream,0,1,real,5.425,6.604,1.179,,Laughter;Screaming,0,0,laughter,"Background noise;Bouncing;Generic impact sounds;Human sounds;Laughter;Male speech, man speaking;Screaming",extra1_scream
C9tM5NEoCAQ_30000,C9tM5NEoCAQ,30.0,scream,scream,,1,0,v1,9.094,10.000,0.906,,Shout,0,0,,"Male speech, man speaking;Shout",extra1_scream
CByIuwY58d8_320000,CByIuwY58d8,320.0,scream,,scream,0,1,real,6.032,7.890,1.858,,Applause;Music;Screaming,0,0,crowd,Applause;Music;Screaming;Whoop,extra1_scream
CEaf1YI8csE_9000,CEaf1YI8csE,9.0,scream,scream,,1,0,v1,1.459,2.106,0.647,,Shout,0,0,,"Male speech, man speaking;Shout",extra1_scream
CMcRa3T4y5s_10000,CMcRa3T4y5s,10.0,scream,,scream,0,1,real,4.897,6.775,1.878,,Crowd;Screaming;Shout,0,0,crowd,"Crowd;Female speech, woman speaking;Male speech, man speaking;Screaming;Shout;Waterfall",extra1_scream
CUImTjOytBY_0,CUImTjOytBY,0.0,scream,scream,scream,1,1,v1,3.186,4.894,1.708,,Screaming,0,0,,Animal;Background noise;Bleat;Human voice;Screaming;Wind;Wind noise (microphone),extra1_scream
Cbha15TRFC4_6000,Cbha15TRFC4,6.0,scream,scream,scream,1,1,real,1.175,5.201,4.026,,Screaming,0,0,,Background noise;Mechanisms;Screaming;Slosh;Water,extra1_scream
Ch6nVg9JfBA_30000,Ch6nVg9JfBA,30.0,scream,scream,scream,1,1,real,6.058,10.000,3.942,,Screaming,0,0,,Mechanisms;Screaming;Tick,extra1_scream
Cmu9AJIz2ZA_10000,Cmu9AJIz2ZA,10.0,scream,scream,scream,1,1,v1,7.934,9.583,1.649,,Screaming,0,0,,"Child speech, kid speaking;Conversation;Generic impact sounds;Human sounds;Human voice;Male speech, man speaking;Mechanisms;Screaming;Surface contact;Water",extra1_scream
CnHR5sA8HK8_0,CnHR5sA8HK8,0.0,scream,scream,scream,1,1,v1,3.201,5.374,2.173,,Screaming;Shout,0,0,,"Children shouting;Male speech, man speaking;Mechanisms;Screaming;Shout;Tick;Water",extra1_scream
CsMMU1p3Sik_30000,CsMMU1p3Sik,30.0,scream,scream,,1,0,v1,3.958,8.941,4.983,,Shout,0,0,,"Male speech, man speaking;Mechanisms;Shout;Water",extra1_scream
D3Ez9J3xR5U_26000,D3Ez9J3xR5U,26.0,scream,,scream,0,1,real,1.913,5.577,3.664,,Music;Screaming,0,0,,"Boat, Water vehicle;Explosion;Music;Screaming;Water",extra1_scream
D8Dl5ORIwKc_110000,D8Dl5ORIwKc,110.0,scream,,scream,0,1,real,2.606,3.055,0.449,,Applause;Cheering;Crowd;Music;Screaming,0,0,crowd,Applause;Cheering;Crowd;Music;Screaming;Whistling;Whoop,extra1_scream
D9zD84Y6qI8_80000,D9zD84Y6qI8,80.0,scream,scream,,1,0,v1,0.000,0.754,0.754,,Shout,0,0,,"Child speech, kid speaking;Conversation;Male speech, man speaking;Mechanisms;Shout;Water",extra1_scream
DC6mfrMxTMA_30000,DC6mfrMxTMA,30.0,scream,scream,,1,0,v1,1.427,2.207,0.780,,Shout,0,0,crowd,"Bicycle, tricycle;Conversation;Generic impact sounds;Hubbub, speech noise, speech babble;Male speech, man speaking;Shout;Traffic noise, roadway noise",extra1_scream
DYGpyR1NtGM_17000,DYGpyR1NtGM,17.0,scream,scream,scream,1,1,real,4.352,4.994,0.642,,Screaming,0,0,,"Baby laughter;Breathing;Female speech, woman speaking;Finger snapping;Mechanisms;Screaming;Thump, thud",extra1_scream
DmOvscH858s_150000,DmOvscH858s,150.0,scream,,scream,0,1,real,0.814,6.491,5.677,,Music;Screaming,0,0,,"Male singing;Male speech, man speaking;Music;Screaming",extra1_scream
E3VZEvCUTts_150000,E3VZEvCUTts,150.0,scream,,scream,0,1,real,5.011,7.317,2.306,,Laughter;Music;Screaming,0,0,laughter,Laughter;Male singing;Music;Screaming,extra1_scream
EJkGF1mZ-J0_60000,EJkGF1mZ-J0,60.0,scream,,scream,0,1,real,7.420,8.907,1.487,,Laughter;Screaming;Shout,0,0,laughter,Laughter;Ocean;Screaming;Shout;Wind noise (microphone),extra1_scream
ERUTCUJ9gDU_30000,ERUTCUJ9gDU,30.0,scream,,scream,0,1,real,5.890,6.913,1.023,,Laughter;Screaming,0,0,laughter,"Background noise;Child speech, kid speaking;Conversation;Female speech, woman speaking;Gasp;Generic impact sounds;Laughter;Mouse;Screaming;Tap",extra1_scream
EX4Yj95QC0k_280000,EX4Yj95QC0k,280.0,scream,scream,,1,0,v1,2.954,4.555,1.601,,Shout,0,0,,"Chewing, mastication;Generic impact sounds;Hiccup;Male speech, man speaking;Mechanisms;Shout;Television",extra1_scream
EoJxkGYGdxU_30000,EoJxkGYGdxU,30.0,scream,scream,,1,0,v1,7.998,8.429,0.431,,Shout,0,0,,"Accelerating, revving, vroom;Chainsaw;Generic impact sounds;Male speech, man speaking;Shout",extra1_scream
F8GtBPDGwmw_240000,F8GtBPDGwmw,240.0,scream,,scream,0,1,real,2.224,3.641,1.417,,Crowd;Music;Screaming,0,0,crowd,Crowd;Male singing;Music;Screaming;Whoop,extra1_scream
FPywV51u0qo_0,FPywV51u0qo,0.0,scream,scream,scream,1,1,v1,0.116,4.712,4.596,,Screaming;Shout,0,0,crowd,"Beep, bleep;Female speech, woman speaking;Hubbub, speech noise, speech babble;Male speech, man speaking;Screaming;Shout;Wind",extra1_scream
FSeoWUjOvBE_230000,FSeoWUjOvBE,230.0,scream,scream,,1,0,v1,8.031,10.000,1.969,,Shout,0,0,speech,"Shout;Smash, crash;Sound effect;Speech;Video game sound",extra1_scream
FmFsF8V5C6E_50000,FmFsF8V5C6E,50.0,scream,,scream,0,1,real,4.987,5.624,0.637,,Laughter;Screaming,0,0,laughter,"Air horn, truck horn;Car;Laughter;Male speech, man speaking;Screaming;Sound effect;Tick",extra1_scream
Fyx8tkPuTwY_30000,Fyx8tkPuTwY,30.0,scream,,scream,0,1,real,4.843,5.559,0.716,,Crowd;Screaming,0,0,crowd,"Crowd;Hubbub, speech noise, speech babble;Male speech, man speaking;Screaming;Whoop",extra1_scream
G56TTJJhO_8_270000,G56TTJJhO_8,270.0,scream,,scream,0,1,real,0.000,1.756,1.756,,Cheering;Music;Screaming;Shout,0,0,crowd,"Cheering;Hubbub, speech noise, speech babble;Male speech, man speaking;Music;Screaming;Shout",extra1_scream
GE2-ndhf7g4_80000,GE2-ndhf7g4,80.0,scream,scream,scream,1,1,real,8.654,9.646,0.992,,Screaming,0,0,,"Breathing;Brief tone;Clicking;Female speech, woman speaking;Human voice;Mechanisms;Scrape;Screaming",extra1_scream
GFBV97rw4S0_30000,GFBV97rw4S0,30.0,scream,scream,,1,0,v1,1.271,2.944,1.673,,Shout,0,0,,Machine gun;Noise;Shout;Tap,extra1_scream
GHHJIuldPhY_30000,GHHJIuldPhY,30.0,scream,,scream,0,1,real,0.309,1.069,0.760,,Laughter;Screaming,0,0,laughter,"Bicycle, tricycle;Child speech, kid speaking;Generic impact sounds;Laughter;Male speech, man speaking;Mechanisms;Scrape;Screaming",extra1_scream
GMGoJdaIO1Q_0,GMGoJdaIO1Q,0.0,scream,scream,scream,1,1,real,4.902,6.116,1.214,,Screaming,0,0,,"Background noise;Child speech, kid speaking;Female speech, woman speaking;Knock;Screaming;Slam;Tap",extra1_scream
GNfAZOOKJDk_30000,GNfAZOOKJDk,30.0,scream,scream,,1,0,v1,2.215,3.383,1.168,,Shout,0,0,crowd,"Hubbub, speech noise, speech babble;Male speech, man speaking;Run;Shout;Squeal;Wind",extra1_scream
GO_5M0yTmtw_300000,GO_5M0yTmtw,300.0,scream,,scream,0,1,real,3.905,6.027,2.122,,Laughter;Screaming,0,0,laughter,"Background noise;Conversation;Laughter;Male speech, man speaking;Screaming;Tick;Wail, moan",extra1_scream
HAg_j_tSjQk_30000,HAg_j_tSjQk,30.0,scream,scream,,1,0,v1,2.205,3.394,1.189,,Shout,0,0,crowd,"Generic impact sounds;Horse;Hubbub, speech noise, speech babble;Shout;Tick;Whoop;Wind noise (microphone)",extra1_scream
HI-2Ji_nDhk_90000,HI-2Ji_nDhk,90.0,scream,,scream,0,1,real,0.596,4.128,3.532,,Applause;Music;Screaming,0,0,crowd,Applause;Music;Screaming;Whoop,extra1_scream
Hk7192ulGNU_30000,Hk7192ulGNU,30.0,scream,scream,,1,0,v1,7.426,10.000,2.574,,Shout,0,0,crowd,"Female singing;Female speech, woman speaking;Hubbub, speech noise, speech babble;Male speech, man speaking;Shout",extra1_scream
I-ZTv2iR6T8_150000,I-ZTv2iR6T8,150.0,scream,,scream,0,1,real,7.943,9.661,1.718,,Crowd;Music;Screaming;Shout,0,0,crowd,Crowd;Male singing;Music;Screaming;Shout,extra1_scream
IC2AGib3dds_110000,IC2AGib3dds,110.0,scream,scream,,1,0,v1,6.182,7.346,1.164,,Shout,0,0,,"Bird vocalization, bird call, bird song;Bouncing;Child speech, kid speaking;Generic impact sounds;Mechanisms;Shout;Whispering;Wind",extra1_scream
IKCDpKO0Zxg_130000,IKCDpKO0Zxg,130.0,scream,scream,,1,0,v1,0.000,10.000,10.000,,Shout,0,0,,Background noise;Shout,extra1_scream
IZffL8aQW9w_30000,IZffL8aQW9w,30.0,scream,scream,,1,0,v1,5.402,5.661,0.259,,Shout,0,0,,"Animal;Background noise;Child speech, kid speaking;Clip-clop;Female speech, woman speaking;Male speech, man speaking;Neigh, whinny;Shout;Surface contact;Thunk",extra1_scream
IcrMDIMegEY_30000,IcrMDIMegEY,30.0,scream,scream,scream,1,1,v1,5.875,6.311,0.436,,Screaming,0,0,,"Background noise;Conversation;Fireworks;Male speech, man speaking;Screaming",extra1_scream
ImPaadQvgsM_180000,ImPaadQvgsM,180.0,scream,scream,,1,0,v1,6.950,7.765,0.815,,Shout,0,0,,"Background noise;Brief tone;Child speech, kid speaking;Female speech, woman speaking;Generic impact sounds;Shout;Tick;Vehicle horn, car horn, honking, toot",extra1_scream
Ir_nnwt3Dzc_170000,Ir_nnwt3Dzc,170.0,scream,scream,scream,1,1,v1,7.999,8.605,0.606,,Screaming,0,0,crowd,"Child speech, kid speaking;Female speech, woman speaking;Hubbub, speech noise, speech babble;Male speech, man speaking;Screaming;Water",extra1_scream
Ishmv9RnBSs_400000,Ishmv9RnBSs,400.0,scream,scream,,1,0,v1,3.407,4.315,0.908,,Shout,0,0,,"Breathing;Burping, eructation;Echo;Gunshot, gunfire;Human sounds;Human voice;Male speech, man speaking;Run;Shout",extra1_scream
J5x1xknQLms_80000,J5x1xknQLms,80.0,scream,scream,,1,0,v1,3.478,4.483,1.005,,Shout,0,0,,Background noise;Breathing;Generic impact sounds;Pant;Shout;Sound effect,extra1_scream
JPkJh6tK8lY_70000,JPkJh6tK8lY,70.0,scream,scream,scream,1,1,v1,9.402,10.000,0.598,,Screaming,0,0,glass_nonshatter,"Child speech, kid speaking;Generic impact sounds;Glass chink, clink;Mechanisms;Narration, monologue;Pour;Screaming",extra1_scream
K0korwnQLa0_10000,K0korwnQLa0,10.0,scream,,scream,0,1,real,4.384,6.821,2.437,,Music;Screaming,0,0,,"Human sounds;Male speech, man speaking;Music;Screaming;Sound effect;Video game sound",extra1_scream
KDtWoT5sBNw_21000,KDtWoT5sBNw,21.0,scream,scream,scream,1,1,v1,8.992,9.475,0.483,,Screaming,0,0,,"Breathing;Clicking;Female speech, woman speaking;Firecracker;Human sounds;Male speech, man speaking;Mechanisms;Screaming;Whoop",extra1_scream
KHldCbhS9Pw_20000,KHldCbhS9Pw,20.0,scream,scream,scream,1,1,v1,8.836,10.000,1.164,,Screaming,0,0,,Screaming;Speech synthesizer,extra1_scream
KIL_zROcGhs_100000,KIL_zROcGhs,100.0,scream,,scream,0,1,real,7.431,8.454,1.023,,Music;Screaming,0,0,,Fart;Groan;Human voice;Music;Screaming,extra1_scream
KJCvaTejrxE_30000,KJCvaTejrxE,30.0,scream,scream,scream,1,1,real,2.425,5.205,2.780,,Screaming,0,0,crying,"Beep, bleep;Crying, sobbing;Screaming;Static;Whack, thwack",extra1_scream
KKwXzhPU_Yk_10000,KKwXzhPU_Yk,10.0,scream,,scream,0,1,real,2.567,3.189,0.622,,Crowd;Laughter;Screaming,0,0,crowd;laughter,"Battle cry;Crowd;Generic impact sounds;Laughter;Male speech, man speaking;Screaming",extra1_scream
KLOs_Q0ZedA_0,KLOs_Q0ZedA,0.0,scream,scream,scream,1,1,real,4.464,6.325,1.861,,Screaming,0,0,,"Breathing;Child speech, kid speaking;Human sounds;Male singing;Male speech, man speaking;Screaming;Walk, footsteps;Wind",extra1_scream
Kb6Mo2fDiFE_30000,Kb6Mo2fDiFE,30.0,scream,scream,,1,0,v1,6.670,8.302,1.632,,Yell,0,0,crying,"Breathing;Crying, sobbing;Female speech, woman speaking;Gasp;Generic impact sounds;Human voice;Mechanisms;Tick;Yell",extra1_scream
KchHphjjUmE_30000,KchHphjjUmE,30.0,scream,scream,,1,0,v1,2.485,3.426,0.941,,Shout,0,0,crowd,"Firecracker;Hubbub, speech noise, speech babble;Shout;Vehicle horn, car horn, honking, toot",extra1_scream
KvGQF1rWdWM_40000,KvGQF1rWdWM,40.0,scream,,scream,0,1,real,5.950,7.320,1.370,,Laughter;Screaming,0,0,laughter,"Background noise;Child speech, kid speaking;Female speech, woman speaking;Laughter;Screaming",extra1_scream
KwySwOCTHo8_0,KwySwOCTHo8,0.0,scream,scream,,1,0,v1,9.205,10.000,0.795,,Shout,0,0,,"Gunshot, gunfire;Shout;Sound effect;White noise, pink noise",extra1_scream
L7goyYvHfrw_14000,L7goyYvHfrw,14.0,scream,scream,scream,1,1,v1,6.531,7.207,0.676,,Screaming,0,0,,"Bird vocalization, bird call, bird song;Cluck;Human voice;Mechanisms;Screaming;Throat clearing",extra1_scream
LQEr2UIWjx0_150000,LQEr2UIWjx0,150.0,scream,scream,,1,0,v1,7.199,7.845,0.646,,Shout,0,0,speech,"Child speech, kid speaking;Conversation;Fire;Male speech, man speaking;Shout;Speech;Wind",extra1_scream
LSJKWtSNJUg_50000,LSJKWtSNJUg,50.0,scream,,scream,0,1,real,4.148,6.009,1.861,,Clapping;Crowd;Screaming,0,0,crowd,Choir;Clapping;Crowd;Screaming;Whistling,extra1_scream
LU5nt6i96Io_30000,LU5nt6i96Io,30.0,scream,,scream,0,1,real,6.927,8.828,1.901,,Music;Screaming,0,0,,Generic impact sounds;Music;Screaming;Sound effect,extra1_scream
L_6OqjQwYIU_0,L_6OqjQwYIU,0.0,scream,scream,scream,1,1,real,6.586,6.873,0.287,,Screaming,0,0,speech;crowd,"Firecracker;Generic impact sounds;Hubbub, speech noise, speech babble;Human voice;Male speech, man speaking;Screaming;Speech;Walk, footsteps",extra1_scream
LdwAcWWj2XU_120000,LdwAcWWj2XU,120.0,scream,,scream,0,1,real,8.345,9.834,1.489,,Clapping;Laughter;Music;Screaming,0,0,laughter,"Breathing;Child speech, kid speaking;Clapping;Conversation;Female speech, woman speaking;Laughter;Male speech, man speaking;Music;Screaming;Television",extra1_scream
LgoLOxAcDMs_500000,LgoLOxAcDMs,500.0,scream,scream,,1,0,v1,1.622,2.220,0.598,,Shout,0,0,,"Generic impact sounds;Human voice;Male singing;Male speech, man speaking;Mechanisms;Shout;Whistling",extra1_scream
LvVM36OMXIw_0,LvVM36OMXIw,0.0,scream,,scream,0,1,real,3.563,4.635,1.072,,Laughter;Screaming,0,0,laughter,"Bird vocalization, bird call, bird song;Female speech, woman speaking;Laughter;Male speech, man speaking;Mechanisms;Screaming",extra1_scream
LwPaKzdQX8s_170000,LwPaKzdQX8s,170.0,scream,,scream,0,1,real,0.000,2.597,2.597,,Crowd;Music;Screaming,0,0,crowd,"Crowd;Male speech, man speaking;Music;Screaming",extra1_scream
MFCEDh0tpSw_510000,MFCEDh0tpSw,510.0,scream,,scream,0,1,real,2.586,5.749,3.163,,Music;Screaming,0,0,,"Generic impact sounds;Human voice;Male speech, man speaking;Music;Screaming;Sound effect;Video game sound",extra1_scream
MRiRcWjkD0A_30000,MRiRcWjkD0A,30.0,scream,,scream,0,1,real,3.913,8.071,4.158,,Crowd;Music;Screaming,0,0,crowd,"Child speech, kid speaking;Crowd;Hubbub, speech noise, speech babble;Male speech, man speaking;Music;Screaming",extra1_scream
MfI_ifdwywI_30000,MfI_ifdwywI,30.0,scream,,scream,0,1,real,8.031,8.633,0.602,,Laughter;Screaming,0,0,laughter,Door;Generic impact sounds;Laughter;Mechanisms;Mouse;Screaming,extra1_scream
MzgrDSKEVyg_50000,MzgrDSKEVyg,50.0,scream,scream,,1,0,v1,5.598,6.449,0.851,,Shout,0,0,,"Background noise;Female speech, woman speaking;Male speech, man speaking;Shout;Slam;Walk, footsteps",extra1_scream
NAcTZWDIFm0_300000,NAcTZWDIFm0,300.0,scream,scream,,1,0,v1,7.435,8.284,0.849,,Shout,0,0,,"Clang;Human voice;Male speech, man speaking;Shout;Sound effect",extra1_scream
NCuPcvH_bAs_140000,NCuPcvH_bAs,140.0,scream,scream,,1,0,v1,5.756,6.732,0.976,,Shout,0,0,,"Breathing;Cellphone buzz, vibrating alert;Clicking;Generic impact sounds;Male speech, man speaking;Shout;Sound effect;Video game sound",extra1_scream
NtYiNKZwBdg_520000,NtYiNKZwBdg,520.0,scream,scream,,1,0,v1,6.636,10.000,3.364,,Shout,0,0,crowd,"Background noise;Hubbub, speech noise, speech babble;Shout",extra1_scream
OOk37a2aTWo_1000,OOk37a2aTWo,1.0,scream,scream,,1,0,v1,5.532,6.036,0.504,,Shout,0,0,crowd,"Child speech, kid speaking;Generic impact sounds;Hubbub, speech noise, speech babble;Male speech, man speaking;Mechanisms;Shout;Walk, footsteps",extra1_scream
OX9HvIixzZU_170000,OX9HvIixzZU,170.0,scream,,scream,0,1,real,6.035,6.328,0.293,,Laughter;Music;Screaming,0,0,laughter,"Breathing;Conversation;Door;Female speech, woman speaking;Generic impact sounds;Gunshot, gunfire;Laughter;Male speech, man speaking;Music;Screaming;Surface contact;Walk, footsteps",extra1_scream
Oa4rl_Um-DQ_300000,Oa4rl_Um-DQ,300.0,scream,scream,scream,1,1,real,9.756,10.000,0.244,,Screaming,0,0,speech;crowd,"Generic impact sounds;Hubbub, speech noise, speech babble;Male speech, man speaking;Run;Screaming;Speech;Surface contact;Whoop;Wind;Wind noise (microphone)",extra1_scream
Oc_oaRihbAY_40000,Oc_oaRihbAY,40.0,scream,scream,scream,1,1,v1,5.942,8.931,2.989,,Screaming,0,0,,Mechanisms;Screaming,extra1_scream
OnDRvEGdVg8_30000,OnDRvEGdVg8,30.0,scream,scream,,1,0,v1,8.871,9.651,0.780,,Shout,0,0,,Generic impact sounds;Human sounds;Moo;Rustle;Shout;Wind,extra1_scream
P5_hljftOFA_0,P5_hljftOFA,0.0,scream,scream,,1,0,v1,5.261,6.798,1.537,,Shout,0,0,crowd,"Battle cry;Hubbub, speech noise, speech babble;Shout",extra1_scream
PKaswPWWrk8_110000,PKaswPWWrk8,110.0,scream,scream,,1,0,v1,8.164,9.142,0.978,,Shout,0,0,,"Background noise;Buzz;Fly, housefly;Shout",extra1_scream
Pfj5Bov8U04_290000,Pfj5Bov8U04,290.0,scream,,scream,0,1,real,1.317,10.000,8.683,,Applause;Crowd;Screaming,0,0,crowd,Applause;Crowd;Screaming;Whistling,extra1_scream
Pjxqp3QHdEw_0,Pjxqp3QHdEw,0.0,scream,,scream,0,1,real,5.346,7.472,2.126,,Cheering;Screaming,0,0,crowd,"Cheering;Hubbub, speech noise, speech babble;Male speech, man speaking;Screaming;Whoop",extra1_scream
PnVl9nItxRo_30000,PnVl9nItxRo,30.0,scream,scream,scream,1,1,v1,9.315,10.000,0.685,,Screaming,0,0,,"Background noise;Breathing;Human voice;Male speech, man speaking;Noise;Screaming;Television",extra1_scream
Q3xwHR3-38k_30000,Q3xwHR3-38k,30.0,scream,scream,siren,1,1,v1,3.536,3.949,0.413,Police car (siren),Shout,0,0,,"Male speech, man speaking;Police car (siren);Shout;Tick;Vehicle horn, car horn, honking, toot;Wind",extra1_scream
QKnqM1-2iNU_30000,QKnqM1-2iNU,30.0,scream,scream,,1,0,v1,9.412,9.784,0.372,,Shout,0,0,,"Male speech, man speaking;Motor vehicle (road);Shout;Vehicle horn, car horn, honking, toot;Wind",extra1_scream
QQhQdoDZTD8_30000,QQhQdoDZTD8,30.0,scream,scream,scream,1,1,v1,0.425,0.843,0.418,,Screaming,0,0,speech,Human sounds;Screaming;Speech;Water,extra1_scream
QvHy_mBgjIg_140000,QvHy_mBgjIg,140.0,scream,,scream,0,1,real,9.465,10.000,0.535,,Music;Screaming,0,0,,"Explosion;Generic impact sounds;Male speech, man speaking;Music;Screaming;Sound effect;Video game sound",extra1_scream
RLo7i2_-f7w_210000,RLo7i2_-f7w,210.0,scream,,scream,0,1,real,7.126,8.488,1.362,,Cheering;Music;Screaming;Shout,0,0,crowd,"Cheering;Child speech, kid speaking;Choir;Hubbub, speech noise, speech babble;Music;Screaming;Shout;Whoop",extra1_scream
RYN3cAYreFU_320000,RYN3cAYreFU,320.0,scream,,scream,0,1,real,9.271,10.000,0.729,,Laughter;Screaming,0,0,laughter,"Female speech, woman speaking;Human voice;Laughter;Male speech, man speaking;Screaming",extra1_scream
RhX6JzJmqJw_170000,RhX6JzJmqJw,170.0,scream,,scream,0,1,real,0.000,10.000,10.000,,Music;Screaming;Singing,0,0,,Music;Screaming;Singing;Whoop,extra1_scream
Rpl-bSP9ECg_50000,Rpl-bSP9ECg,50.0,scream,scream,,1,0,v1,6.801,7.793,0.992,,Shout,0,0,crowd,"Accelerating, revving, vroom;Car;Hubbub, speech noise, speech babble;Male speech, man speaking;Shout;Tire squeal, skidding",extra1_scream
RtBFYAojV5U_30000,RtBFYAojV5U,30.0,scream,,scream,0,1,real,1.047,6.685,5.638,,Music;Screaming,0,0,,Drip;Human voice;Liquid;Music;Screaming,extra1_scream
RtQsSPgpddA_10000,RtQsSPgpddA,10.0,scream,,scream,0,1,real,0.000,0.890,0.890,,Music;Screaming,0,0,,Breathing;Cough;Gasp;Music;Screaming;Speech synthesizer,extra1_scream
RvOGO2oppXk_110000,RvOGO2oppXk,110.0,scream,,scream,0,1,real,1.874,2.686,0.812,,Laughter;Music;Screaming;Shout,0,0,laughter,"Female speech, woman speaking;Generic impact sounds;Human voice;Laughter;Music;Screaming;Shout;Sound effect;Video game sound",extra1_scream
S4WsTncKVzA_240000,S4WsTncKVzA,240.0,scream,,scream,0,1,real,4.667,7.374,2.707,,Applause;Music;Screaming,0,0,crowd,"Applause;Male speech, man speaking;Music;Screaming;Whistling",extra1_scream
S7X8VIkM3oU_0,S7X8VIkM3oU,0.0,scream,scream,scream,1,1,real,8.441,9.213,0.772,,Screaming,0,0,,"Ding-dong;Male speech, man speaking;Mechanisms;Screaming",extra1_scream
SA44yHf9qsw_0,SA44yHf9qsw,0.0,scream,,scream,0,1,real,4.680,7.593,2.913,,Music;Screaming,0,0,,Human voice;Music;Screaming;Sound effect;Video game sound,extra1_scream
S_bwkEJDXlA_19000,S_bwkEJDXlA,19.0,scream,,scream,0,1,real,5.785,8.557,2.772,,Music;Screaming,0,0,speech,Generic impact sounds;Human voice;Mechanisms;Music;Screaming;Slosh;Speech;Water,extra1_scream
TDIiZpixlJY_410000,TDIiZpixlJY,410.0,scream,scream,scream,1,1,v1,3.031,3.685,0.654,,Screaming,0,0,,"Caw;Howl (wind);Screaming;Video game sound;Wail, moan",extra1_scream
ThP9FpUpwkQ_0,ThP9FpUpwkQ,0.0,scream,scream,,1,0,v1,4.372,5.712,1.340,,Shout,0,0,crying,"Crying, sobbing;Female speech, woman speaking;Generic impact sounds;Human sounds;Male speech, man speaking;Mechanisms;Shout;Surface contact",extra1_scream
TlOdPv0C340_370000,TlOdPv0C340,370.0,scream,scream,,1,0,v1,0.961,2.273,1.312,,Shout,0,0,,"Background noise;Machine gun;Male speech, man speaking;Run;Shout;Wind noise (microphone)",extra1_scream
Trfw-PyPpns_70000,Trfw-PyPpns,70.0,scream,scream,,1,0,v1,1.240,3.349,2.109,,Shout,0,0,crowd,"Background noise;Hubbub, speech noise, speech babble;Human sounds;Male speech, man speaking;Shout",extra1_scream
TvJID4rKk5Q_20000,TvJID4rKk5Q,20.0,scream,,scream,0,1,real,0.518,2.155,1.637,,Music;Screaming,0,0,,"Human voice;Male speech, man speaking;Music;Screaming;Sound effect",extra1_scream
U-rMp7NzP7Q_50000,U-rMp7NzP7Q,50.0,scream,,scream,0,1,real,6.098,9.331,3.233,,Laughter;Screaming;Shout,0,0,laughter,"Background noise;Breathing;Child speech, kid speaking;Laughter;Run;Screaming;Shout;Thump, thud",extra1_scream
U_X_CNmImmE_150000,U_X_CNmImmE,150.0,scream,,scream,0,1,real,8.039,10.000,1.961,,Crowd;Music;Screaming,0,0,crowd,Crowd;Male singing;Music;Screaming;Whoop,extra1_scream
UrVKJZH8pYE_30000,UrVKJZH8pYE,30.0,scream,scream,,1,0,v1,1.818,2.843,1.025,,Shout,0,0,,"Baby laughter;Background noise;Child speech, kid speaking;Generic impact sounds;Human sounds;Shout;Surface contact",extra1_scream
Urc4FGaKMRc_30000,Urc4FGaKMRc,30.0,scream,,scream,0,1,real,5.380,8.179,2.799,,Music;Screaming,0,0,crowd,"Background noise;Hubbub, speech noise, speech babble;Male speech, man speaking;Music;Screaming",extra1_scream
V6rXeYo_iqU_260000,V6rXeYo_iqU,260.0,scream,scream,,1,0,v1,6.843,7.835,0.992,,Shout,0,0,,"Background noise;Breathing;Groan;Male speech, man speaking;Shout",extra1_scream
VIWymwz2kcw_40000,VIWymwz2kcw,40.0,scream,scream,scream,1,1,real,6.237,8.557,2.320,,Screaming,0,0,,"Background noise;Male speech, man speaking;Screaming",extra1_scream
VNry53bzwLI_30000,VNry53bzwLI,30.0,scream,scream,,1,0,v1,1.173,1.858,0.685,,Shout,0,0,,Explosion;Human voice;Shout;Sound effect;Video game sound,extra1_scream
VXAIaMCuUJM_120000,VXAIaMCuUJM,120.0,scream,,scream,0,1,real,1.740,1.913,0.173,,Applause;Cheering;Laughter;Music;Screaming,0,0,crowd;laughter,"Applause;Cheering;Female singing;Female speech, woman speaking;Hubbub, speech noise, speech babble;Laughter;Music;Screaming;Whoop",extra1_scream
VgKy6Eo8WBw_30000,VgKy6Eo8WBw,30.0,scream,scream,,1,0,v1,5.067,5.923,0.856,,Shout,0,0,,"Accelerating, revving, vroom;Background noise;Motor vehicle (road);Shout",extra1_scream
Vn_GO50AAjE_5000,Vn_GO50AAjE,5.0,scream,scream,,1,0,v1,1.147,4.146,2.999,,Shout,0,0,,Conversation;Human voice;Shout;Sound effect;Speech synthesizer;Telephone bell ringing,extra1_scream
Vrm64TB9PFU_0,Vrm64TB9PFU,0.0,scream,scream,,1,0,v1,9.595,10.000,0.405,,Shout,0,0,,"Breathing;Child speech, kid speaking;Choir;Female speech, woman speaking;Human sounds;Mechanisms;Shout",extra1_scream
W1KxS6kgJB4_30000,W1KxS6kgJB4,30.0,scream,scream,,1,0,v1,7.600,8.157,0.557,,Shout,0,0,,"Generic impact sounds;Growling;Male speech, man speaking;Mechanisms;Shout",extra1_scream
W4AptCGYj5w_30000,W4AptCGYj5w,30.0,scream,,scream,0,1,real,5.152,7.587,2.435,,Cheering;Crowd;Music;Screaming;Shout;Singing,0,0,crowd,Cheering;Crowd;Female singing;Music;Screaming;Shout;Singing,extra1_scream
W8i_eOZEC-c_130000,W8i_eOZEC-c,130.0,scream,scream,,1,0,v1,3.849,4.713,0.864,,Shout,0,0,,"Child speech, kid speaking;Generic impact sounds;Growling;Human voice;Power saw, circular saw, table saw;Shout;Sound effect;Thump, thud",extra1_scream
WDteDZiNL5U_10000,WDteDZiNL5U,10.0,scream,scream,scream,1,1,real,0.643,2.064,1.421,,Screaming,0,0,,"Background noise;Breathing;Crockery breaking and smashing;Cutlery, silverware;Dishes, pots, and pans;Gasp;Human sounds;Human voice;Male speech, man speaking;Noise;Screaming;Sigh;Tap;Thunk",extra1_scream
WG5erreJFXQ_0,WG5erreJFXQ,0.0,scream,scream,,1,0,v1,0.645,1.276,0.631,,Shout,0,0,,"Female speech, woman speaking;Gunshot, gunfire;Human sounds;Run;Shout",extra1_scream
WPib5U7TfP4_30000,WPib5U7TfP4,30.0,scream,,scream,0,1,real,7.991,8.828,0.837,,Giggle;Screaming,0,0,,Generic impact sounds;Giggle;Mechanisms;Mouse;Screaming;Surface contact,extra1_scream
WPwWzo75i70_12000,WPwWzo75i70,12.0,scream,scream,,1,0,v1,5.150,6.213,1.063,,Shout,0,0,,"Ding;Male speech, man speaking;Shout;Sound effect",extra1_scream
Wjb0FgQqpZA_0,Wjb0FgQqpZA,0.0,scream,,scream,0,1,real,4.945,7.115,2.170,,Music;Screaming,0,0,,Music;Screaming;Sound effect;Video game sound,extra1_scream
WkTeSw014hk_30000,WkTeSw014hk,30.0,scream,,scream,0,1,real,7.669,10.000,2.331,,Music;Screaming,0,0,,Music;Screaming;Whoop;Wind noise (microphone),extra1_scream
Wq4Gp9Ux8zU_0,Wq4Gp9Ux8zU,0.0,scream,scream,scream,1,1,v1,4.993,6.683,1.690,,Screaming,0,0,,"Female speech, woman speaking;Generic impact sounds;Mechanisms;Screaming;Sound effect",extra1_scream
WquRo5_m3iM_10000,WquRo5_m3iM,10.0,scream,scream,,1,0,v1,0.000,7.516,7.516,,Shout,0,0,,Background noise;Echo;Generic impact sounds;Shout,extra1_scream
WvQSM_WfwQE_20000,WvQSM_WfwQE,20.0,scream,,scream,0,1,real,0.000,3.276,3.276,,Music;Screaming,0,0,,Breathing;Male singing;Music;Screaming,extra1_scream
XAT7UhoKltU_20000,XAT7UhoKltU,20.0,scream,scream,,1,0,v1,3.262,5.581,2.319,,Shout,0,0,crowd,"Basketball bounce;Generic impact sounds;Hubbub, speech noise, speech babble;Male speech, man speaking;Shout;Squeal",extra1_scream
XDCFmQVyPqo_490000,XDCFmQVyPqo,490.0,scream,,scream,0,1,real,2.250,3.704,1.454,,Laughter;Screaming,0,0,laughter,"Breathing;Female speech, woman speaking;Human voice;Laughter;Mechanisms;Screaming;Tick",extra1_scream
XEsnt3fMGoc_30000,XEsnt3fMGoc,30.0,scream,,scream,0,1,real,3.552,5.230,1.678,,Music;Screaming,0,0,,Generic impact sounds;Music;Screaming;Sound effect;Tick;Video game sound,extra1_scream
XRHKwU-Xm7s_270000,XRHKwU-Xm7s,270.0,scream,scream,,1,0,v1,0.126,0.614,0.488,,Shout,0,0,,"Explosion;Generic impact sounds;Grunt;Male speech, man speaking;Shout;Sound effect;Video game sound",extra1_scream
Xd0eQr96y_I_60000,Xd0eQr96y_I,60.0,scream,scream,,1,0,v1,7.071,8.677,1.606,,Shout,0,0,,"Clicking;Gunshot, gunfire;Helicopter;Male speech, man speaking;Shout;Vehicle;Walk, footsteps",extra1_scream
XfYs2pF5W9M_50000,XfYs2pF5W9M,50.0,scream,,scream,0,1,real,6.862,7.479,0.617,,Laughter;Screaming,0,0,laughter,Baby laughter;Breathing;Laughter;Rattle;Screaming;Tick,extra1_scream
Xj9i0FAyu8M_500000,Xj9i0FAyu8M,500.0,scream,scream,,1,0,v1,4.904,7.024,2.120,,Shout,0,0,,Background noise;Breathing;Generic impact sounds;Shout,extra1_scream
XoYUeU8ix4E_30000,XoYUeU8ix4E,30.0,scream,scream,scream,1,1,real,3.219,3.724,0.505,,Screaming,0,0,,"Child speech, kid speaking;Conversation;Screaming;Waterfall",extra1_scream
XsHNO9mqSYM_140000,XsHNO9mqSYM,140.0,scream,,scream,0,1,real,3.428,5.762,2.334,,Crowd;Music;Screaming,0,0,crowd,"Crowd;Male speech, man speaking;Music;Screaming",extra1_scream
YgOgI0cPeS4_18000,YgOgI0cPeS4,18.0,scream,scream,,1,0,v1,0.000,1.101,1.101,,Shout,0,0,,"Background noise;Conversation;Female speech, woman speaking;Generic impact sounds;Human voice;Male speech, man speaking;Shout;Water;Wind noise (microphone)",extra1_scream
Yi92bzVbncQ_30000,Yi92bzVbncQ,30.0,scream,scream,,1,0,v1,8.437,10.000,1.563,,Shout,0,0,,"Child speech, kid speaking;Generic impact sounds;Human voice;Male speech, man speaking;Mechanisms;Shout;Splash, splatter;Water;Whistle",extra1_scream
YptuG-xHfH8_10000,YptuG-xHfH8,10.0,scream,scream,scream,1,1,real,9.161,9.884,0.723,,Screaming,0,0,,Background noise;Creak;Door;Generic impact sounds;Knock;Screaming,extra1_scream
Z-6r6CuvSwY_0,Z-6r6CuvSwY,0.0,scream,scream,,1,0,v1,7.984,9.094,1.110,,Shout,0,0,,"Explosion;Generic impact sounds;Human sounds;Human voice;Male speech, man speaking;Shout;Splash, splatter;Surface contact;Water;Wind",extra1_scream
Z2hnzhTMeuc_30000,Z2hnzhTMeuc,30.0,scream,,scream,0,1,real,0.000,2.395,2.395,,Cheering;Screaming;Shout,0,0,crowd,"Cheering;Male speech, man speaking;Screaming;Shout",extra1_scream
ZQ15xUrMHic_280000,ZQ15xUrMHic,280.0,scream,,scream,0,1,real,0.964,2.369,1.405,,Music;Screaming,0,0,,"Conversation;Female speech, woman speaking;Generic impact sounds;Human sounds;Male speech, man speaking;Mechanisms;Music;Screaming;Sound effect",extra1_scream
ZUB1wFpwTPU_0,ZUB1wFpwTPU,0.0,scream,scream,scream,1,1,v1,1.959,5.383,3.424,,Screaming,0,0,,"Female speech, woman speaking;Male speech, man speaking;Screaming",extra1_scream
ZhC3xSqtazU_13000,ZhC3xSqtazU,13.0,scream,,scream,0,1,real,7.260,8.151,0.891,,Music;Screaming,0,0,,Female singing;Music;Screaming,extra1_scream
ZjLc8lCFC9c_10000,ZjLc8lCFC9c,10.0,scream,scream,,1,0,v1,1.746,2.603,0.857,,Shout,0,0,,Baby laughter;Background noise;Breathing;Shout;Sneeze;Sniff;Squeak;Tick,extra1_scream
ZxCra-ZSqww_110000,ZxCra-ZSqww,110.0,scream,,scream,0,1,real,0.000,1.207,1.207,,Music;Screaming,0,0,,Choir;Female singing;Music;Screaming,extra1_scream
_0N1-UJg7uI_230000,_0N1-UJg7uI,230.0,scream,,scream,0,1,real,6.898,8.181,1.283,,Clapping;Crowd;Screaming;Shout;Singing,0,0,crowd,"Clapping;Crowd;Male speech, man speaking;Screaming;Shout;Singing;Tap;Whoop",extra1_scream
_A2N2ZI9dp8_0,_A2N2ZI9dp8,0.0,scream,scream,,1,0,v1,9.120,9.672,0.552,,Shout,0,0,,"Background noise;Generic impact sounds;Shout;Squeak;Walk, footsteps;Whip",extra1_scream
_KITltoBfeI_30000,_KITltoBfeI,30.0,scream,scream,,1,0,v1,0.504,0.874,0.370,,Shout,0,0,,"Artillery fire;Generic impact sounds;Male speech, man speaking;Shout;Wind noise (microphone)",extra1_scream
_RXyNJdJF-4_220000,_RXyNJdJF-4,220.0,scream,,scream,0,1,real,0.000,4.632,4.632,,Clapping;Crowd;Screaming;Shout,0,0,crowd,Clapping;Crowd;Male singing;Screaming;Shout,extra1_scream
_U7Xoy37eqQ_0,_U7Xoy37eqQ,0.0,scream,,scream,0,1,real,4.315,5.343,1.028,,Music;Screaming,0,0,,"Clicking;Croak;Female speech, woman speaking;Human voice;Mechanisms;Music;Screaming",extra1_scream
_jNq7XP52bs_30000,_jNq7XP52bs,30.0,scream,,scream,0,1,real,3.763,7.887,4.124,,Crowd;Screaming,0,0,crowd,Crowd;Screaming,extra1_scream
_vRZPE5e-Io_250000,_vRZPE5e-Io,250.0,scream,scream,,1,0,v1,8.541,9.807,1.266,,Shout,0,0,,"Beep, bleep;Breathing;Brief tone;Generic impact sounds;Gunshot, gunfire;Shout;Video game sound;Walk, footsteps",extra1_scream
_zVFCbPAvtI_140000,_zVFCbPAvtI,140.0,scream,scream,,1,0,v1,2.634,5.047,2.413,,Shout,0,0,,"Breathing;Conversation;Door;Female speech, woman speaking;Generic impact sounds;Mechanisms;Shout",extra1_scream
a1pja9cL3f8_30000,a1pja9cL3f8,30.0,scream,,scream,0,1,real,3.537,6.394,2.857,,Cheering;Crowd;Music;Screaming,0,0,crowd,Cheering;Crowd;Male singing;Music;Screaming,extra1_scream
aANDFMHW6KU_190000,aANDFMHW6KU,190.0,scream,scream,,1,0,v1,9.331,10.000,0.669,,Shout,0,0,,"Bleat;Child speech, kid speaking;Conversation;Generic impact sounds;Human voice;Male speech, man speaking;Shout;Walk, footsteps;Wind",extra1_scream
aC6BCLQihb8_30000,aC6BCLQihb8,30.0,scream,,scream,0,1,real,0.534,2.024,1.490,,Music;Screaming,0,0,,Music;Screaming,extra1_scream
aIHTE47pC6c_28000,aIHTE47pC6c,28.0,scream,scream,,1,0,v1,6.171,7.243,1.072,,Shout,0,0,,"Bouncing;Generic impact sounds;Male speech, man speaking;Mechanisms;Shout;Tap;Tick",extra1_scream
aQT252wVqfg_130000,aQT252wVqfg,130.0,scream,,scream,0,1,real,7.496,8.142,0.646,,Applause;Crowd;Music;Screaming,0,0,crowd,Applause;Crowd;Female singing;Human sounds;Music;Screaming,extra1_scream
aSGnVj7GMXQ_220000,aSGnVj7GMXQ,220.0,scream,,scream,0,1,real,3.835,5.992,2.157,,Crowd;Music;Screaming,0,0,crowd,Crowd;Music;Screaming,extra1_scream
aShUPTY2YZU_0,aShUPTY2YZU,0.0,scream,scream,scream,1,1,v1,7.690,10.000,2.310,,Screaming,0,0,,Human voice;Mechanisms;Screaming;Snoring,extra1_scream
aX4cVvsF0YA_140000,aX4cVvsF0YA,140.0,scream,scream,scream,1,1,real,3.095,4.028,0.933,,Screaming,0,0,,"Background noise;Breathing;Chirp, tweet;Human voice;Male speech, man speaking;Screaming;Tick;Wind;Wind noise (microphone)",extra1_scream
aYV981DLt_A_0,aYV981DLt_A,0.0,scream,,scream,0,1,real,6.455,8.822,2.367,,Laughter;Screaming,0,0,speech;laughter,"Bird vocalization, bird call, bird song;Generic impact sounds;Human voice;Laughter;Mechanisms;Run;Screaming;Speech;Tick;Wind",extra1_scream
aedpdtSi1X0_60000,aedpdtSi1X0,60.0,scream,,scream,0,1,real,7.291,9.498,2.207,,Laughter;Screaming,0,0,laughter,"Background noise;Burping, eructation;Conversation;Generic impact sounds;Human sounds;Laughter;Male speech, man speaking;Screaming;Tap",extra1_scream
asTGUo-2nuo_30000,asTGUo-2nuo,30.0,scream,scream,,1,0,v1,1.202,2.342,1.140,,Shout,0,0,,"Accelerating, revving, vroom;Car;Conversation;Generic impact sounds;Male speech, man speaking;Shout;Tick",extra1_scream
bJsyQ0hIbEA_80000,bJsyQ0hIbEA,80.0,scream,scream,scream,1,1,real,3.126,4.228,1.102,,Screaming,0,0,crying,"Breathing;Clicking;Crying, sobbing;Female speech, woman speaking;Screaming",extra1_scream
b_DFyiBkUZQ_0,b_DFyiBkUZQ,0.0,scream,,scream,0,1,real,6.340,7.474,1.134,,Laughter;Screaming,0,0,laughter,"Breathing;Child speech, kid speaking;Conversation;Female speech, woman speaking;Generic impact sounds;Laughter;Male speech, man speaking;Mechanisms;Screaming",extra1_scream
bbb63TfcYMo_6000,bbb63TfcYMo,6.0,scream,scream,,1,0,v1,3.944,4.734,0.790,,Shout,0,0,,Breathing;Human sounds;Shout;Snort;Wind,extra1_scream
cBD8Xqz5K48_150000,cBD8Xqz5K48,150.0,scream,scream,scream,1,1,v1,8.725,10.000,1.275,,Screaming,0,0,crowd,"Bird vocalization, bird call, bird song;Hubbub, speech noise, speech babble;Screaming;Wind noise (microphone)",extra1_scream
cELBYQbnfs8_60000,cELBYQbnfs8,60.0,scream,,scream,0,1,real,0.745,2.069,1.324,,Laughter;Screaming,0,0,laughter,"Babbling;Breathing;Female speech, woman speaking;Generic impact sounds;Human voice;Laughter;Male speech, man speaking;Mechanisms;Screaming;Tick",extra1_scream
cKin1-lVTFA_520000,cKin1-lVTFA,520.0,scream,scream,scream,1,1,v1,6.819,8.785,1.966,,Screaming,0,0,,Screaming;Water,extra1_scream
cLKm-sWI4NI_50000,cLKm-sWI4NI,50.0,scream,scream,scream,1,1,v1,3.240,4.823,1.583,,Screaming,0,0,,"Background noise;Child speech, kid speaking;Generic impact sounds;Screaming",extra1_scream
ca2te5Y9lj4_130000,ca2te5Y9lj4,130.0,scream,scream,,1,0,v1,5.404,5.811,0.407,,Shout,0,0,,"Air conditioning;Generic impact sounds;Male speech, man speaking;Shout;Thump, thud",extra1_scream
cna4LoIGcTg_140000,cna4LoIGcTg,140.0,scream,scream,scream,1,1,real,3.818,4.643,0.825,,Screaming,0,0,,"Background noise;Breathing;Child singing;Child speech, kid speaking;Generic impact sounds;Human voice;Mechanisms;Screaming;Surface contact",extra1_scream
cnmE_P7-lHw_70000,cnmE_P7-lHw,70.0,scream,,scream,0,1,real,5.041,6.787,1.746,,Laughter;Music;Screaming,0,0,laughter,"Background noise;Breathing;Laughter;Male speech, man speaking;Music;Screaming;Video game sound;Wind noise (microphone)",extra1_scream
cqGvw8zr52g_20000,cqGvw8zr52g,20.0,scream,,scream,0,1,real,1.139,2.205,1.066,,Laughter;Music;Screaming,0,0,laughter,"Animal;Generic impact sounds;Human voice;Insect;Laughter;Male speech, man speaking;Music;Screaming;Sound effect;Water",extra1_scream
cuIO96YvV2Y_20000,cuIO96YvV2Y,20.0,scream,,scream,0,1,real,2.175,3.913,1.738,,Music;Screaming,0,0,,"Accelerating, revving, vroom;Breathing;Male speech, man speaking;Motor vehicle (road);Music;Screaming;Walk, footsteps;Wind",extra1_scream
dI9-EIUwhfQ_0,dI9-EIUwhfQ,0.0,scream,scream,,1,0,v1,5.684,7.249,1.565,,Shout,0,0,,"Accelerating, revving, vroom;Male speech, man speaking;Motorcycle;Shout",extra1_scream
dMT5YN7Z1vE_300000,dMT5YN7Z1vE,300.0,scream,,scream,0,1,real,3.170,5.743,2.573,,Cheering;Music;Screaming,0,0,crowd,"Cheering;Female speech, woman speaking;Music;Screaming",extra1_scream
dc02mhh-1Zk_140000,dc02mhh-1Zk,140.0,scream,,scream,0,1,real,3.141,3.604,0.463,,Music;Screaming,0,0,,"Beep, bleep;Cricket;Female speech, woman speaking;Gasp;Music;Screaming;Sound effect;Tick;Video game sound;Walk, footsteps",extra1_scream
dcy3L3JRMcc_430000,dcy3L3JRMcc,430.0,scream,,scream,0,1,real,2.792,3.352,0.560,,Laughter;Screaming,0,0,laughter,"Child speech, kid speaking;Conversation;Gasp;Generic impact sounds;Human voice;Laughter;Mechanisms;Screaming;Thump, thud",extra1_scream
dqIU9-Qu9ug_70000,dqIU9-Qu9ug,70.0,scream,,scream,0,1,real,3.673,7.224,3.551,,Music;Screaming,0,0,,"Background noise;Breathing;Male singing;Music;Screaming;Slap, smack",extra1_scream
e4wSf2mkCLw_230000,e4wSf2mkCLw,230.0,scream,scream,,1,0,v1,5.419,6.983,1.564,,Shout,0,0,,"Baby cry, infant cry;Breathing;Male speech, man speaking;Shout;Sound effect;Tick",extra1_scream
eV9ALj0zJF8_180000,eV9ALj0zJF8,180.0,scream,scream,,1,0,v1,3.256,5.140,1.884,,Shout,0,0,crowd,"Hubbub, speech noise, speech babble;Male speech, man speaking;Mechanisms;Shout",extra1_scream
edEpGyy8bzM_20000,edEpGyy8bzM,20.0,scream,scream,scream,1,1,v1,2.076,3.372,1.296,,Screaming,0,0,crowd,"Female speech, woman speaking;Hubbub, speech noise, speech babble;Male speech, man speaking;Screaming;Whoop",extra1_scream
ejo6Gy6VL4k_0,ejo6Gy6VL4k,0.0,scream,,scream,0,1,real,4.165,9.486,5.321,,Music;Screaming,0,0,,"Background noise;Breathing;Female speech, woman speaking;Music;Screaming;Tick",extra1_scream
ez2Z_fSsIuw_50000,ez2Z_fSsIuw,50.0,scream,,scream,0,1,real,6.881,10.000,3.119,,Crowd;Screaming;Shout,0,0,crowd,"Child speech, kid speaking;Crowd;Female speech, woman speaking;Generic impact sounds;Male speech, man speaking;Screaming;Shout;Whoop",extra1_scream
f5bqmoJNDRM_30000,f5bqmoJNDRM,30.0,scream,scream,scream,1,1,real,1.197,4.744,3.547,,Screaming,0,0,,Sawing;Screaming,extra1_scream
fGseCJ2AZlg_50000,fGseCJ2AZlg,50.0,scream,scream,,1,0,v1,4.946,6.151,1.205,,Shout,0,0,,Clickety-clack;Mechanisms;Shout,extra1_scream
fOeI_mVowJs_4000,fOeI_mVowJs,4.0,scream,scream,,1,0,v1,3.631,4.073,0.442,,Shout,0,0,,"Background noise;Male speech, man speaking;Shout;Tick;Walk, footsteps;Whack, thwack",extra1_scream
fUBBh2iVC9U_210000,fUBBh2iVC9U,210.0,scream,scream,,1,0,v1,8.059,10.000,1.941,,Shout,0,0,,"Belly laugh;Cough;Female speech, woman speaking;Mechanisms;Shout",extra1_scream
f_cDS9g1q5w_500000,f_cDS9g1q5w,500.0,scream,,scream,0,1,real,8.161,9.430,1.269,,Music;Screaming,0,0,,"Background noise;Creak;Gunshot, gunfire;Heart sounds, heartbeat;Music;Screaming",extra1_scream
faQZ7_1FTKU_1000,faQZ7_1FTKU,1.0,scream,scream,,1,0,v1,7.434,8.399,0.965,,Shout,0,0,,"Child speech, kid speaking;Generic impact sounds;Mechanisms;Scrape;Shout;Spray",extra1_scream
ff3rZjZY3WE_10000,ff3rZjZY3WE,10.0,scream,,scream,0,1,real,0.000,0.498,0.498,,Crowd;Music;Screaming;Shout,0,0,crowd,"Battle cry;Child speech, kid speaking;Crowd;Female speech, woman speaking;Human voice;Male speech, man speaking;Music;Screaming;Shout",extra1_scream
fmtaOcfvwNE_70000,fmtaOcfvwNE,70.0,scream,,scream,0,1,real,4.974,5.856,0.882,,Laughter;Screaming,0,0,laughter,Breathing;Gasp;Human voice;Laughter;Rain;Screaming,extra1_scream
g6u9rkGS2AI_180000,g6u9rkGS2AI,180.0,scream,,scream,0,1,real,0.197,1.598,1.401,,Music;Screaming,0,0,,Female singing;Music;Screaming,extra1_scream
gaKFdqwdDWI_180000,gaKFdqwdDWI,180.0,scream,scream,,1,0,v1,5.075,6.064,0.989,,Shout,0,0,crowd,"Background noise;Generic impact sounds;Gunshot, gunfire;Hubbub, speech noise, speech babble;Machine gun;Shout",extra1_scream
hBK50qrWc_E_10000,hBK50qrWc_E,10.0,scream,scream,scream,1,1,v1,0.000,2.868,2.868,,Screaming,0,0,,Echo;Generic impact sounds;Screaming;Sound effect,extra1_scream
hrXMv0Rj1Jc_30000,hrXMv0Rj1Jc,30.0,scream,,scream,0,1,real,1.562,3.408,1.846,,Laughter;Screaming;Singing,0,0,speech;crying;laughter,"Crying, sobbing;Generic impact sounds;Laughter;Mechanisms;Screaming;Singing;Speech",extra1_scream
i-2fDHPXLpo_20000,i-2fDHPXLpo,20.0,scream,,scream,0,1,real,0.000,2.452,2.452,,Crowd;Laughter;Music;Screaming,0,0,crowd;laughter,"Crowd;Female speech, woman speaking;Laughter;Male speech, man speaking;Music;Screaming",extra1_scream
i38trkAwj5E_410000,i38trkAwj5E,410.0,scream,scream,,1,0,v1,0.230,0.474,0.244,,Shout,0,0,,"Breathing;Conversation;Grunt;Male speech, man speaking;Shout",extra1_scream
i6DEPhsqd8c_290000,i6DEPhsqd8c,290.0,scream,,scream,0,1,real,0.000,1.525,1.525,,Crowd;Music;Screaming;Shout;Singing,0,0,crowd,"Crowd;Human voice;Male speech, man speaking;Music;Screaming;Shout;Singing",extra1_scream
i74T4DHi7m0_0,i74T4DHi7m0,0.0,scream,,scream,0,1,real,6.741,9.864,3.123,,Laughter;Screaming,0,0,laughter,Background noise;Laughter;Screaming;Speech synthesizer;Tap,extra1_scream
i87x_HA3Um4_70000,i87x_HA3Um4,70.0,scream,scream,scream,1,1,v1,4.348,5.014,0.666,,Screaming,0,0,,"Breathing;Generic impact sounds;Human voice;Male speech, man speaking;Mechanisms;Screaming",extra1_scream
iMHgNZ6KoIE_290000,iMHgNZ6KoIE,290.0,scream,,scream,0,1,real,9.014,9.851,0.837,,Laughter;Screaming,0,0,laughter,"Child speech, kid speaking;Female speech, woman speaking;Gasp;Human voice;Laughter;Mechanisms;Screaming",extra1_scream
iNunmu3D47g_110000,iNunmu3D47g,110.0,scream,scream,scream,1,1,v1,0.615,5.066,4.451,,Screaming,0,0,,"Background noise;Breathing;Generic impact sounds;Human sounds;Screaming;Walk, footsteps",extra1_scream
ipUtuiFxYfI_10000,ipUtuiFxYfI,10.0,scream,,scream,0,1,real,0.639,1.713,1.074,,Music;Screaming,0,0,,Male singing;Music;Screaming,extra1_scream
izFdyH72fL0_110000,izFdyH72fL0,110.0,scream,scream,,1,0,v1,7.223,7.568,0.345,,Shout,0,0,,Human sounds;Shout;Sound effect,extra1_scream
jF3MujbSJt0_30000,jF3MujbSJt0,30.0,scream,scream,scream,1,1,real,3.669,8.486,4.817,,Screaming,0,0,,Background noise;Breathing;Screaming,extra1_scream
jIqeNzQezeI_130000,jIqeNzQezeI,130.0,scream,,scream,0,1,real,7.395,8.942,1.547,,Crowd;Screaming;Shout,0,0,crowd,"Child speech, kid speaking;Crowd;Female speech, woman speaking;Generic impact sounds;Male speech, man speaking;Ringtone;Screaming;Shout;Whack, thwack",extra1_scream
jUTwBVEBGWI_30000,jUTwBVEBGWI,30.0,scream,,scream,0,1,real,2.460,4.956,2.496,,Music;Screaming,0,0,,"Music;Screaming;Splash, splatter",extra1_scream
jgfT9GjYId4_30000,jgfT9GjYId4,30.0,scream,,scream,0,1,real,3.882,4.260,0.378,,Laughter;Music;Screaming,0,0,laughter,"Laughter;Lawn mower;Male singing;Male speech, man speaking;Music;Screaming;Sound effect;Tick",extra1_scream
k2a1BjL-XAw_30000,k2a1BjL-XAw,30.0,scream,,scream,0,1,real,3.637,4.782,1.145,,Crowd;Music;Screaming,0,0,crowd,Crowd;Male singing;Music;Screaming,extra1_scream
kInl1lquBpA_30000,kInl1lquBpA,30.0,scream,scream,,1,0,v1,6.825,9.584,2.759,,Shout,0,0,,"Baby laughter;Cough;Human voice;Male speech, man speaking;Shout;Television",extra1_scream
kLdHpgN9kwU_10000,kLdHpgN9kwU,10.0,scream,,scream,0,1,real,4.331,5.669,1.338,,Music;Screaming,0,0,,"Heart sounds, heartbeat;Music;Screaming;Whispering",extra1_scream
kNBN_tPSMms_170000,kNBN_tPSMms,170.0,scream,,scream,0,1,real,1.563,2.600,1.037,,Music;Screaming,0,0,,Cacophony;Choir;Music;Screaming,extra1_scream
kQdWCSGaP0c_370000,kQdWCSGaP0c,370.0,scream,scream,,1,0,v1,4.587,5.456,0.869,,Shout,0,0,,"Brief tone;Conversation;Female speech, woman speaking;Generic impact sounds;Male speech, man speaking;Mechanisms;Shout;Surface contact;Tick",extra1_scream
keoHGBIW-RE_40000,keoHGBIW-RE,40.0,scream,scream,,1,0,v1,0.000,0.835,0.835,,Shout,0,0,,"Babbling;Breathing;Male speech, man speaking;Shout",extra1_scream
l46fIQvjGyQ_150000,l46fIQvjGyQ,150.0,scream,,scream,0,1,real,5.239,6.732,1.493,,Music;Screaming,0,0,,Male singing;Music;Screaming,extra1_scream
l9LbP9oPkl4_100000,l9LbP9oPkl4,100.0,scream,scream,,1,0,v1,2.355,3.033,0.678,,Shout,0,0,,"Clicking;Generic impact sounds;Male speech, man speaking;Shout;Surface contact;Waterfall",extra1_scream
lEpazEcI6Zc_0,lEpazEcI6Zc,0.0,scream,scream,,1,0,v1,1.193,2.144,0.951,,Shout,0,0,,Shout;Sound effect,extra1_scream
lI2Hed2-L0M_0,lI2Hed2-L0M,0.0,scream,scream,,1,0,v1,6.168,8.742,2.574,,Shout,0,0,,"Bicycle, tricycle;Human voice;Shout;Tick;Traffic noise, roadway noise",extra1_scream
leFYJOVKbHo_3000,leFYJOVKbHo,3.0,scream,scream,,1,0,v1,6.507,8.279,1.772,,Shout,0,0,,"Accelerating, revving, vroom;Male speech, man speaking;Motor vehicle (road);Shout",extra1_scream
ljcAxVzBKbE_13000,ljcAxVzBKbE,13.0,scream,,scream,0,1,real,3.365,4.615,1.250,,Music;Screaming,0,0,,Human voice;Mechanisms;Music;Screaming,extra1_scream
lomBejCc7uc_100000,lomBejCc7uc,100.0,scream,,scream,0,1,real,3.819,6.021,2.202,,Music;Screaming,0,0,,Music;Screaming,extra1_scream
lrIXmX_p_94_60000,lrIXmX_p_94,60.0,scream,scream,scream,1,1,real,1.249,2.190,0.941,,Screaming,0,0,,"Breathing;Child singing;Child speech, kid speaking;Mechanisms;Screaming;Tick",extra1_scream
mMvaVmAHKWI_170000,mMvaVmAHKWI,170.0,scream,,scream,0,1,real,5.923,6.705,0.782,,Giggle;Screaming,0,0,,Giggle;Human voice;Reverberation;Screaming;Steam;Steam whistle;Train;Train wheels squealing;Whoop,extra1_scream
mbbmZ0ZUUQs_30000,mbbmZ0ZUUQs,30.0,scream,,scream,0,1,real,0.000,5.297,5.297,,Applause;Crowd;Screaming;Shout,0,0,crowd,"Applause;Crowd;Female speech, woman speaking;Male speech, man speaking;Screaming;Shout",extra1_scream
mf1aO53c_U0_0,mf1aO53c_U0,0.0,scream,scream,,1,0,v1,4.192,6.504,2.312,,Shout,0,0,,"Children shouting;Female speech, woman speaking;Shout",extra1_scream
mlQcZVC5woU_30000,mlQcZVC5woU,30.0,scream,scream,,1,0,v1,8.616,10.000,1.384,,Shout,0,0,,"Child speech, kid speaking;Conversation;Fireworks;Male speech, man speaking;Shout",extra1_scream
mqhaiR1zLZk_210000,mqhaiR1zLZk,210.0,scream,,scream,0,1,real,4.441,5.843,1.402,,Crowd;Music;Screaming,0,0,crowd,Crowd;Music;Screaming,extra1_scream
mvxTFTjY374_30000,mvxTFTjY374,30.0,scream,scream,,1,0,v1,2.819,3.488,0.669,,Shout,0,0,,Generic impact sounds;Human sounds;Human voice;Rain on surface;Shout;Thunder,extra1_scream
n05baJrrITM_50000,n05baJrrITM,50.0,scream,scream,,1,0,v1,5.535,8.340,2.805,,Shout,0,0,,"Battle cry;Generic impact sounds;Male speech, man speaking;Mechanisms;Shout",extra1_scream
ngfstvvkAjs_40000,ngfstvvkAjs,40.0,scream,,scream,0,1,real,8.645,10.000,1.355,,Crowd;Music;Screaming,0,0,speech;crowd,"Crowd;Female speech, woman speaking;Male speech, man speaking;Music;Screaming;Speech",extra1_scream
nzcBmD9jwmo_150000,nzcBmD9jwmo,150.0,scream,scream,,1,0,v1,6.894,7.333,0.439,,Shout,0,0,crowd,"Hubbub, speech noise, speech babble;Inside, public space;Mechanisms;Shout",extra1_scream
oA3GLMk-R34_30000,oA3GLMk-R34,30.0,scream,scream,scream,1,1,v1,0.333,1.557,1.224,,Screaming,0,0,,"Breathing;Female speech, woman speaking;Mechanisms;Screaming",extra1_scream
oDPtAyu4HTY_23000,oDPtAyu4HTY,23.0,scream,scream,,1,0,v1,7.415,8.295,0.880,,Shout,0,0,,"Generic impact sounds;Human sounds;Rodents, rats, mice;Run;Shout",extra1_scream
oQYyHcIxrMY_40000,oQYyHcIxrMY,40.0,scream,,scream,0,1,real,6.006,9.201,3.195,,Clapping;Music;Screaming,0,0,,"Clapping;Male speech, man speaking;Music;Screaming;Whistling",extra1_scream
oVJTxR77x6g_10000,oVJTxR77x6g,10.0,scream,scream,scream,1,1,real,5.919,7.187,1.268,,Screaming;Shout,0,0,,"Child speech, kid speaking;Conversation;Generic impact sounds;Screaming;Shout;Tick;Waterfall",extra1_scream
oW1fv2aTH_c_10000,oW1fv2aTH_c,10.0,scream,,scream,0,1,real,0.753,2.382,1.629,,Giggle;Laughter;Screaming,0,0,laughter,"Background noise;Breathing;Giggle;Laughter;Male speech, man speaking;Screaming",extra1_scream
oWjtwguskdE_50000,oWjtwguskdE,50.0,scream,,scream,0,1,real,7.426,9.701,2.275,,Crowd;Music;Screaming,0,0,crowd,Crowd;Female singing;Music;Screaming,extra1_scream
oaJiBkLQtq8_210000,oaJiBkLQtq8,210.0,scream,scream,,1,0,v1,9.005,10.000,0.995,,Shout,0,0,speech;crying,"Background noise;Breathing;Crying, sobbing;Male singing;Male speech, man speaking;Shout;Speech;Tick",extra1_scream
or6opHYdBwM_30000,or6opHYdBwM,30.0,scream,scream,,1,0,v1,9.313,10.000,0.687,,Shout,0,0,,Shout;Tap dance,extra1_scream
ousAf4RDemU_30000,ousAf4RDemU,30.0,scream,scream,scream,1,1,v1,7.018,8.853,1.835,,Screaming,0,0,crying,"Crying, sobbing;Explosion;Generic impact sounds;Male speech, man speaking;Screaming",extra1_scream
p-lrpXQCBX4_40000,p-lrpXQCBX4,40.0,scream,,scream,0,1,real,7.970,10.000,2.030,,Clapping;Music;Screaming,0,0,crowd,"Clapping;Female speech, woman speaking;Hubbub, speech noise, speech babble;Music;Screaming;Whoop",extra1_scream
pLkhhQWCAxc_180000,pLkhhQWCAxc,180.0,scream,,scream,0,1,real,5.816,9.204,3.388,,Laughter;Music;Screaming,0,0,laughter,"Beep, bleep;Human voice;Laughter;Male speech, man speaking;Music;Screaming;Sound effect;Wind",extra1_scream
pO3MBSaGkMQ_100000,pO3MBSaGkMQ,100.0,scream,scream,scream,1,1,v1,6.193,7.064,0.871,,Screaming,0,0,crowd,"Belly laugh;Bird flight, flapping wings;Female speech, woman speaking;Hubbub, speech noise, speech babble;Male speech, man speaking;Screaming",extra1_scream
pUH-JwixyKg_480000,pUH-JwixyKg,480.0,scream,scream,scream,1,1,real,7.394,8.110,0.716,,Screaming,0,0,,"Chirp, tweet;Conversation;Female speech, woman speaking;Generic impact sounds;Growling;Human voice;Male speech, man speaking;Screaming;Tap;Tick",extra1_scream
pXiAHon_WDM_30000,pXiAHon_WDM,30.0,scream,scream,,1,0,v1,3.854,5.275,1.421,,Shout,0,0,,"Drip;Generic impact sounds;Hoot;Male speech, man speaking;Pant;Shout;Splash, splatter;Walk, footsteps;Wind;Wind noise (microphone)",extra1_scream
pbfnndv19Vg_190000,pbfnndv19Vg,190.0,scream,scream,,1,0,v1,6.754,8.754,2.000,,Shout,0,0,speech,"Bird vocalization, bird call, bird song;Female speech, woman speaking;Male speech, man speaking;Shout;Speech;Wind",extra1_scream
pd0jjffoZs8_10000,pd0jjffoZs8,10.0,scream,,scream,0,1,real,2.435,4.193,1.758,,Music;Screaming,0,0,,Choir;Generic impact sounds;Male singing;Music;Screaming,extra1_scream
pg6asEQ50Hw_2000,pg6asEQ50Hw,2.0,scream,scream,,1,0,v1,7.331,7.937,0.606,,Shout,0,0,crowd,"Child speech, kid speaking;Female speech, woman speaking;Hubbub, speech noise, speech babble;Male speech, man speaking;Shout;Water",extra1_scream
ptZACuWnOqc_30000,ptZACuWnOqc,30.0,scream,scream,scream,1,1,v1,0.000,1.195,1.195,,Screaming,0,0,crowd,"Hubbub, speech noise, speech babble;Male speech, man speaking;Screaming;Waterfall",extra1_scream
ptncpr69BcE_480000,ptncpr69BcE,480.0,scream,,scream,0,1,real,8.389,10.000,1.611,,"Chuckle, chortle;Screaming",0,0,alarm,"Alarm;Chuckle, chortle;Generic impact sounds;Grunt;Human voice;Male speech, man speaking;Screaming;Sound effect;Splash, splatter;Video game sound;Water",extra1_scream
q1oBXqEFXy4_70000,q1oBXqEFXy4,70.0,scream,scream,scream,1,1,v1,0.000,0.998,0.998,,Screaming;Shout,0,0,crowd,"Child speech, kid speaking;Conversation;Female speech, woman speaking;Hubbub, speech noise, speech babble;Male speech, man speaking;Screaming;Shout;Water;Whistling;Wind noise (microphone)",extra1_scream
q5V-wiqcn1k_30000,q5V-wiqcn1k,30.0,scream,scream,,1,0,v1,9.638,9.912,0.274,,Shout,0,0,crowd,"Air horn, truck horn;Cap gun;Child speech, kid speaking;Hubbub, speech noise, speech babble;Male speech, man speaking;Shout;Tick",extra1_scream
qM0MreM3xW0_3000,qM0MreM3xW0,3.0,scream,scream,,1,0,v1,2.294,3.121,0.827,,Shout,0,0,speech,"Background noise;Basketball bounce;Conversation;Generic impact sounds;Male speech, man speaking;Shout;Speech;Squeal",extra1_scream
rGjiIhGG0eY_30000,rGjiIhGG0eY,30.0,scream,scream,scream,1,1,v1,8.925,10.000,1.075,,Screaming,0,0,speech,"Accelerating, revving, vroom;Jet engine;Male speech, man speaking;Screaming;Speech;Whoop",extra1_scream
ra_d7hYEKXQ_340000,ra_d7hYEKXQ,340.0,scream,,scream,0,1,real,6.636,10.000,3.364,,Laughter;Music;Screaming,0,0,laughter,Laughter;Music;Screaming;Speech synthesizer,extra1_scream
rhjjyEDLZLg_70000,rhjjyEDLZLg,70.0,scream,scream,,1,0,v1,4.286,5.460,1.174,,Shout,0,0,,"Child speech, kid speaking;Liquid;Male speech, man speaking;Mechanisms;Shout",extra1_scream
rnRwoghjuUQ_100000,rnRwoghjuUQ,100.0,scream,scream,,1,0,v1,8.417,9.685,1.268,,Shout,0,0,,Background noise;Basketball bounce;Generic impact sounds;Human voice;Shout;Tap,extra1_scream
s0kMOPG5XcY_70000,s0kMOPG5XcY,70.0,scream,scream,,1,0,v1,8.937,9.433,0.496,,Shout,0,0,crowd,"Beep, bleep;Female speech, woman speaking;Hubbub, speech noise, speech babble;Shout;Sniff;Walk, footsteps",extra1_scream
s1c8RF7lKv0_50000,s1c8RF7lKv0,50.0,scream,,scream,0,1,real,2.823,4.911,2.088,,Crowd;Music;Screaming,0,0,crowd,Crowd;Music;Screaming,extra1_scream
s8neeNyyAEY_170000,s8neeNyyAEY,170.0,scream,scream,scream,1,1,real,1.961,4.828,2.867,,Screaming,0,0,,Screaming;Sound effect;Video game sound,extra1_scream
sIMkMDvI6Jw_10000,sIMkMDvI6Jw,10.0,scream,,scream,0,1,real,9.307,10.000,0.693,,Cheering;Crowd;Music;Screaming,0,0,crowd,"Cheering;Crowd;Female speech, woman speaking;Male speech, man speaking;Music;Screaming",extra1_scream
sYbjgY4LLHU_30000,sYbjgY4LLHU,30.0,scream,scream,scream,1,1,v1,2.327,2.977,0.650,,Screaming,0,0,,"Belly laugh;Conversation;Female speech, woman speaking;Male speech, man speaking;Screaming;Speech synthesizer",extra1_scream
t48XmSM5kbI_30000,t48XmSM5kbI,30.0,scream,scream,,1,0,v1,9.803,10.000,0.197,,Shout,0,0,,"Clicking;Grunt;Human voice;Male speech, man speaking;Shout",extra1_scream
tC7qG_Kxe54_180000,tC7qG_Kxe54,180.0,scream,,scream,0,1,real,5.302,10.000,4.698,,Music;Screaming;Shout,0,0,,"Male singing;Male speech, man speaking;Music;Screaming;Shout",extra1_scream
tMyKf1DZnBI_30000,tMyKf1DZnBI,30.0,scream,scream,,1,0,v1,9.227,10.000,0.773,,Shout,0,0,,"Generic impact sounds;Male speech, man speaking;Mechanisms;Shout;Squeal;Tap;Tick",extra1_scream
tSoaWE5uK68_0,tSoaWE5uK68,0.0,scream,scream,,1,0,v1,7.924,8.271,0.347,,Shout,0,0,,"Child speech, kid speaking;Female speech, woman speaking;Male speech, man speaking;Shout;Splash, splatter;Water",extra1_scream
tVXZDtM237s_30000,tVXZDtM237s,30.0,scream,scream,,1,0,v1,6.387,7.121,0.734,,Shout,0,0,,"Breathing;Conversation;Generic impact sounds;Human sounds;Male speech, man speaking;Mechanisms;Shout;Tick;Walk, footsteps",extra1_scream
tjF9Uy4NEb8_20000,tjF9Uy4NEb8,20.0,scream,scream,,1,0,v1,0.000,0.589,0.589,,Shout,0,0,,"Bird vocalization, bird call, bird song;Generic impact sounds;Hiss;Shout;Tick;Wind",extra1_scream
tucDT1-g9N8_100000,tucDT1-g9N8,100.0,scream,scream,scream,1,1,v1,0.000,10.000,10.000,,Screaming,0,0,,Generic impact sounds;Mechanisms;Screaming;Tap dance,extra1_scream
txoAD-FtErg_40000,txoAD-FtErg,40.0,scream,scream,siren,1,1,v1,8.542,9.226,0.684,Police car (siren),Shout,0,0,,"Male speech, man speaking;Police car (siren);Shout;Sound effect;Video game sound",extra1_scream
u3djh5tb3cQ_0,u3djh5tb3cQ,0.0,scream,,scream,0,1,real,5.342,6.691,1.349,,Giggle;Screaming,0,0,,"Breathing;Generic impact sounds;Giggle;Male speech, man speaking;Screaming;Sound effect",extra1_scream
uZ9VQZ2dg9k_30000,uZ9VQZ2dg9k,30.0,scream,scream,,1,0,v1,8.685,9.047,0.362,,Shout,0,0,,"Background noise;Chirp, tweet;Conversation;Female speech, woman speaking;Male speech, man speaking;Run;Shout;Wind",extra1_scream
ubqJfhE0u0w_30000,ubqJfhE0u0w,30.0,scream,,scream,0,1,real,4.651,5.336,0.685,,Laughter;Music;Screaming,0,0,laughter,"Child speech, kid speaking;Conversation;Female speech, woman speaking;Gasp;Laughter;Male speech, man speaking;Mechanisms;Music;Screaming;Television",extra1_scream
ujCVpgMV5cM_140000,ujCVpgMV5cM,140.0,scream,,scream,0,1,real,0.564,1.582,1.018,,Laughter;Screaming,0,0,laughter,"Child speech, kid speaking;Laughter;Noise;Screaming;Shuffling cards",extra1_scream
unAN0AdtTCE_90000,unAN0AdtTCE,90.0,scream,scream,,1,0,v1,9.237,9.681,0.444,,Shout,0,0,,"Breathing;Child speech, kid speaking;Generic impact sounds;Human sounds;Mechanisms;Pant;Shout",extra1_scream
utMYmua1SkE_0,utMYmua1SkE,0.0,scream,,scream,0,1,real,6.331,7.591,1.260,,Music;Screaming;Shout,0,0,crowd,"Female speech, woman speaking;Hubbub, speech noise, speech babble;Male singing;Male speech, man speaking;Music;Screaming;Shout",extra1_scream
v7twJdsAHSk_590000,v7twJdsAHSk,590.0,scream,,scream,0,1,real,0.358,0.882,0.524,,Laughter;Screaming,0,0,laughter,"Background noise;Breathing;Child speech, kid speaking;Conversation;Female speech, woman speaking;Generic impact sounds;Human sounds;Human voice;Laughter;Screaming",extra1_scream
vIWbEdpCh3o_0,vIWbEdpCh3o,0.0,scream,scream,,1,0,v1,5.041,5.809,0.768,,Shout,0,0,,Breathing;Generic impact sounds;Human voice;Mechanisms;Shout;Surface contact,extra1_scream
vMDHu7Lxcgw_410000,vMDHu7Lxcgw,410.0,scream,scream,scream,1,1,real,7.777,10.000,2.223,,Screaming;Shout,0,0,,"Breathing;Child speech, kid speaking;Generic impact sounds;Human voice;Screaming;Shout;Wind;Wind noise (microphone)",extra1_scream
veplbXrUIQ8_10000,veplbXrUIQ8,10.0,scream,scream,,1,0,v1,1.433,2.016,0.583,,Shout,0,0,crowd,"Air horn, truck horn;Hubbub, speech noise, speech babble;Human voice;Male speech, man speaking;Shout;Tap",extra1_scream
vngI91Gx59A_20000,vngI91Gx59A,20.0,scream,scream,,1,0,v1,4.046,5.927,1.881,,Shout,0,0,,"Female speech, woman speaking;Human voice;Male speech, man speaking;Mechanisms;Shout;Thump, thud;Tick",extra1_scream
vsXivaSK8JI_40000,vsXivaSK8JI,40.0,scream,,scream,0,1,real,9.106,10.000,0.894,,Crowd;Music;Screaming,0,0,crowd,Crowd;Male singing;Music;Screaming,extra1_scream
w-ribZXr7wc_10000,w-ribZXr7wc,10.0,scream,scream,scream,1,1,v1,7.557,8.705,1.148,,Screaming,0,0,,"Screaming;Splash, splatter;Water;Whoop;Wind;Wind noise (microphone)",extra1_scream
wE50Zv3nFWw_1000,wE50Zv3nFWw,1.0,scream,scream,,1,0,v1,0.535,1.331,0.796,,Shout,0,0,,"Bang;Female speech, woman speaking;Mechanical fan;Shout",extra1_scream
wOsvzhnG8k4_130000,wOsvzhnG8k4,130.0,scream,scream,scream,1,1,v1,3.612,4.165,0.553,,Screaming,0,0,,"Fireworks;Human voice;Male speech, man speaking;Screaming;Wind",extra1_scream
wf0DykggBpk_10000,wf0DykggBpk,10.0,scream,scream,scream,1,1,real,0.000,1.422,1.422,,Screaming,0,0,,"Male speech, man speaking;Screaming",extra1_scream
x8a3pLq4h6U_0,x8a3pLq4h6U,0.0,scream,scream,scream,1,1,real,4.585,6.114,1.529,,Screaming,0,0,,"Gunshot, gunfire;Human voice;Male speech, man speaking;Scrape;Screaming;Walk, footsteps",extra1_scream
xDlsZRjufCw_220000,xDlsZRjufCw,220.0,scream,,scream,0,1,real,4.484,8.589,4.105,,Applause;Crowd;Screaming,0,0,crowd,"Applause;Crowd;Female speech, woman speaking;Screaming;Whistling;Whoop",extra1_scream
xaorRALjRvk_0,xaorRALjRvk,0.0,scream,scream,,1,0,v1,5.622,10.000,4.378,,Shout,0,0,,"Background noise;Generic impact sounds;Human voice;Male speech, man speaking;Shout;Tap",extra1_scream
xgAMGP6OysE_260000,xgAMGP6OysE,260.0,scream,scream,scream,1,1,real,7.843,10.000,2.157,,Screaming,0,0,,"Human voice;Male speech, man speaking;Mechanisms;Screaming;Tap",extra1_scream
xuVro2ArkaI_300000,xuVro2ArkaI,300.0,scream,scream,,1,0,v1,8.512,10.000,1.488,,Shout,0,0,crowd,"Hubbub, speech noise, speech babble;Shout;Whistling;Whoop",extra1_scream
xwYOj8zC2YM_20000,xwYOj8zC2YM,20.0,scream,,scream,0,1,real,3.076,5.578,2.502,,Clapping;Screaming;Shout,0,0,crowd,"Background noise;Child speech, kid speaking;Clapping;Female speech, woman speaking;Hubbub, speech noise, speech babble;Human voice;Male speech, man speaking;Screaming;Shout",extra1_scream
y8Cn_BdwN2o_0,y8Cn_BdwN2o,0.0,scream,,scream,0,1,real,4.358,5.206,0.848,,Music;Screaming,0,0,crowd,"Generic impact sounds;Hubbub, speech noise, speech babble;Human sounds;Music;Screaming;Speech synthesizer;Whispering",extra1_scream
y8H_FnNDyOQ_26000,y8H_FnNDyOQ,26.0,scream,scream,scream,1,1,real,6.589,8.372,1.783,,Screaming,0,0,crying,"Background noise;Crying, sobbing;Generic impact sounds;Screaming;Thump, thud",extra1_scream
yAXvUPPYnpk_30000,yAXvUPPYnpk,30.0,scream,scream,siren,1,1,v1,8.473,10.000,1.527,"Fire engine, fire truck (siren)",Shout,0,0,crowd,"Fire engine, fire truck (siren);Hubbub, speech noise, speech babble;Male speech, man speaking;Shout;Tick;Wind",extra1_scream
yRtQVxM3svk_0,yRtQVxM3svk,0.0,scream,,scream,0,1,real,3.134,4.485,1.351,,Laughter;Screaming,0,0,laughter,Animal;Laughter;Screaming;Sound effect,extra1_scream
yyrrRjA3SIE_30000,yyrrRjA3SIE,30.0,scream,scream,,1,0,v1,5.521,6.066,0.545,,Shout,0,0,,"Brief tone;Generic impact sounds;Human voice;Male speech, man speaking;Motor vehicle (road);Noise;Shout;Squeal",extra1_scream
zBDb9l9Kmm0_24000,zBDb9l9Kmm0,24.0,scream,scream,,1,0,v1,2.890,4.052,1.162,,Shout,0,0,,"Bicycle, tricycle;Shout;Sound effect",extra1_scream
zGEh9b4DZnU_110000,zGEh9b4DZnU,110.0,scream,scream,siren,1,1,v1,3.233,3.563,0.330,"Fire engine, fire truck (siren)",Shout,0,0,,"Fire engine, fire truck (siren);Human voice;Male speech, man speaking;Shout",extra1_scream
zK9cjTjanO0_30000,zK9cjTjanO0,30.0,scream,scream,,1,0,v1,6.020,6.802,0.782,,Shout,0,0,,"Brief tone;Children shouting;Generic impact sounds;Human sounds;Male speech, man speaking;Mechanisms;Shout;Tick;Wind noise (microphone)",extra1_scream
zY5DN4MOv7Q_10000,zY5DN4MOv7Q,10.0,scream,,scream,0,1,real,5.237,6.951,1.714,,Cheering;Music;Screaming,0,0,crowd,"Cheering;Male singing;Male speech, man speaking;Music;Screaming",extra1_scream
zhAUkNhQ7uM_10000,zhAUkNhQ7uM,10.0,scream,scream,scream,1,1,real,1.565,3.734,2.169,,Screaming,0,0,,Clicking;Screaming,extra1_scream
