clip_id,fsid,cls,split,source,duration_sec,note
100265,100265,background,test,FSD50K,22.44,hard_neg:alarm
100647,100647,background,test,FSD50K,19.435,hard_neg:alarm
100783,100783,background,test,FSD50K,22.398,bg:general
100839,100839,background,test,FSD50K,14.642,bg:general
100904,100904,background,test,FSD50K,15.771,hard_neg:scream_crowd
101246,101246,background,test,FSD50K,9.264,hard_neg:glass_dishes
101354,101354,background,test,FSD50K,20.815,hard_neg:alarm
101355,101355,background,test,FSD50K,5.786,hard_neg:alarm
101468,101468,background,test,FSD50K,18.391,bg:general
101744,101744,background,test,FSD50K,11.401,hard_neg:scream_crowd
101746,101746,background,test,FSD50K,16.237,hard_neg:alarm
101846,101846,background,test,FSD50K,9.417,bg:general
101851,101851,background,test,FSD50K,15.871,hard_neg:alarm
101933,101933,background,test,FSD50K,22.939,bg:general
102308,102308,background,test,FSD50K,1.284,bg:general
102542,102542,background,test,FSD50K,23.712,bg:general
102965,102965,background,test,FSD50K,1.441,bg:general
102997,102997,background,test,FSD50K,22.727,bg:general
1032,1032,background,test,FSD50K,2.291,hard_neg:alarm
104110,104110,background,test,FSD50K,16.869,bg:general
104210,104210,background,test,FSD50K,8.204,bg:general
104235,104235,background,test,FSD50K,5.337,bg:general
104251,104251,background,test,FSD50K,4.098,bg:general
1044,1044,background,test,FSD50K,18.111,bg:general
104420,104420,background,test,FSD50K,22.13,hard_neg:alarm
1046,1046,background,test,FSD50K,19.522,bg:general
104803,104803,background,test,FSD50K,3.88,hard_neg:alarm
104954,104954,background,test,FSD50K,2.707,bg:general
105117,105117,background,test,FSD50K,20.505,hard_neg:alarm
105223,105223,background,test,FSD50K,9.804,hard_neg:scream_crowd
105229,105229,background,test,FSD50K,5.955,bg:general
105277,105277,background,test,FSD50K,16.324,hard_neg:scream_crowd
105385,105385,background,test,FSD50K,4.081,hard_neg:glass_dishes
105416,105416,background,test,FSD50K,21.401,bg:general
106270,106270,background,test,FSD50K,13.161,hard_neg:alarm
106556,106556,background,test,FSD50K,1.223,bg:general
106842,106842,background,test,FSD50K,20.931,bg:general
106883,106883,background,test,FSD50K,4.278,bg:general
107562,107562,background,test,FSD50K,9.718,bg:general
107624,107624,background,test,FSD50K,1.835,bg:general
107842,107842,background,test,FSD50K,26.832,bg:general
108011,108011,background,test,FSD50K,6.0,hard_neg:alarm
108018,108018,background,test,FSD50K,24.064,bg:general
108386,108386,background,test,FSD50K,10.0,bg:general
108470,108470,background,test,FSD50K,6.587,bg:general
108536,108536,background,test,FSD50K,14.004,hard_neg:alarm
108677,108677,background,test,FSD50K,15.604,bg:general
108678,108678,background,test,FSD50K,6.746,bg:general
109197,109197,background,test,FSD50K,7.684,bg:general
109214,109214,background,test,FSD50K,0.828,hard_neg:alarm
109216,109216,background,test,FSD50K,0.641,hard_neg:alarm
109217,109217,background,test,FSD50K,0.808,hard_neg:alarm
109483,109483,background,test,FSD50K,5.672,hard_neg:alarm
109963,109963,background,test,FSD50K,3.784,bg:general
109966,109966,background,test,FSD50K,3.115,bg:general
110103,110103,background,test,FSD50K,28.515,bg:general
110106,110106,background,test,FSD50K,9.516,hard_neg:alarm
110388,110388,background,test,FSD50K,1.033,bg:general
110392,110392,background,test,FSD50K,4.773,bg:general
110393,110393,background,test,FSD50K,1.256,bg:general
110537,110537,background,test,FSD50K,13.084,bg:general
110582,110582,background,test,FSD50K,11.348,bg:general
110586,110586,background,test,FSD50K,15.478,bg:general
110614,110614,background,test,FSD50K,15.332,bg:general
110621,110621,background,test,FSD50K,10.198,bg:general
112068,112068,background,test,FSD50K,2.431,bg:general
112860,112860,background,test,FSD50K,3.0,hard_neg:alarm
113173,113173,background,test,FSD50K,11.219,bg:general
114220,114220,background,test,FSD50K,11.982,bg:general
114224,114224,background,test,FSD50K,3.144,bg:general
114399,114399,background,test,FSD50K,11.49,bg:general
114510,114510,background,test,FSD50K,9.851,bg:general
114585,114585,background,test,FSD50K,2.036,bg:general
115073,115073,background,test,FSD50K,9.222,hard_neg:alarm
115074,115074,background,test,FSD50K,8.621,hard_neg:alarm
115088,115088,background,test,FSD50K,24.085,hard_neg:alarm
115602,115602,background,test,FSD50K,22.701,bg:general
115869,115869,background,test,FSD50K,10.983,hard_neg:alarm
116390,116390,background,test,FSD50K,6.83,hard_neg:alarm
117041,117041,background,test,FSD50K,10.892,hard_neg:alarm
117042,117042,background,test,FSD50K,1.098,bg:general
117126,117126,background,test,FSD50K,24.015,hard_neg:alarm
117518,117518,background,test,FSD50K,18.733,hard_neg:alarm
117616,117616,background,test,FSD50K,5.487,bg:general
117642,117642,background,test,FSD50K,3.587,hard_neg:alarm
117883,117883,background,test,FSD50K,14.19,hard_neg:alarm
118040,118040,background,test,FSD50K,27.757,hard_neg:alarm
118070,118070,background,test,FSD50K,2.347,hard_neg:alarm
118078,118078,background,test,FSD50K,10.198,hard_neg:alarm
118080,118080,background,test,FSD50K,3.798,hard_neg:alarm
118087,118087,background,test,FSD50K,11.094,bg:general
118107,118107,background,test,FSD50K,14.77,hard_neg:alarm
118116,118116,background,test,FSD50K,8.474,hard_neg:scream_crowd
118229,118229,background,test,FSD50K,0.308,hard_neg:alarm
118234,118234,background,test,FSD50K,29.923,hard_neg:alarm
118767,118767,background,test,FSD50K,14.27,bg:general
118796,118796,background,test,FSD50K,1.558,hard_neg:glass_dishes
118799,118799,background,test,FSD50K,1.774,hard_neg:glass_dishes
118807,118807,background,test,FSD50K,8.167,hard_neg:alarm
119023,119023,background,test,FSD50K,17.151,bg:general
119024,119024,background,test,FSD50K,26.619,hard_neg:scream_crowd
119025,119025,background,test,FSD50K,10.05,hard_neg:scream_crowd
119029,119029,background,test,FSD50K,7.64,bg:general
119030,119030,background,test,FSD50K,11.066,hard_neg:scream_crowd
119031,119031,background,test,FSD50K,10.495,bg:general
119074,119074,background,test,FSD50K,1.794,bg:general
119077,119077,background,test,FSD50K,2.795,bg:general
119094,119094,background,test,FSD50K,1.836,bg:general
119113,119113,background,test,FSD50K,2.503,bg:general
119116,119116,background,test,FSD50K,8.217,bg:general
119452,119452,background,test,FSD50K,4.017,bg:general
119482,119482,background,test,FSD50K,4.96,bg:general
119498,119498,background,test,FSD50K,6.423,bg:general
119507,119507,background,test,FSD50K,2.371,bg:general
119523,119523,background,test,FSD50K,4.405,hard_neg:alarm
119555,119555,background,test,FSD50K,23.858,hard_neg:alarm
119827,119827,background,test,FSD50K,20.054,bg:general
119831,119831,background,test,FSD50K,3.124,bg:general
119834,119834,background,test,FSD50K,9.584,bg:general
119836,119836,background,test,FSD50K,9.71,bg:general
119839,119839,background,test,FSD50K,12.122,hard_neg:glass_dishes
119844,119844,background,test,FSD50K,6.688,hard_neg:glass_dishes
119849,119849,background,test,FSD50K,6.87,hard_neg:alarm
119958,119958,background,test,FSD50K,14.997,hard_neg:alarm
120010,120010,background,test,FSD50K,7.119,hard_neg:alarm
120028,120028,background,test,FSD50K,3.735,hard_neg:glass_dishes
120034,120034,background,test,FSD50K,4.972,bg:general
120229,120229,background,test,FSD50K,8.797,hard_neg:alarm
120493,120493,background,test,FSD50K,10.934,hard_neg:alarm
120501,120501,background,test,FSD50K,14.067,hard_neg:alarm
120504,120504,background,test,FSD50K,19.6,bg:general
120530,120530,background,test,FSD50K,1.283,hard_neg:alarm
120557,120557,background,test,FSD50K,5.495,hard_neg:alarm
120832,120832,background,test,FSD50K,10.147,hard_neg:alarm
121066,121066,background,test,FSD50K,3.2,bg:general
121084,121084,background,test,FSD50K,5.218,bg:general
121088,121088,background,test,FSD50K,5.001,bg:general
121300,121300,background,test,FSD50K,12.645,bg:general
121346,121346,background,test,FSD50K,16.73,hard_neg:alarm
122504,122504,background,test,FSD50K,3.705,bg:general
122795,122795,background,test,FSD50K,14.681,bg:general
122814,122814,background,test,FSD50K,12.618,hard_neg:glass_dishes
122823,122823,background,test,FSD50K,27.742,bg:general
123305,123305,background,test,FSD50K,1.533,hard_neg:alarm
123306,123306,background,test,FSD50K,4.598,hard_neg:alarm
123307,123307,background,test,FSD50K,4.644,hard_neg:alarm
123308,123308,background,test,FSD50K,4.621,hard_neg:alarm
123349,123349,background,test,FSD50K,5.297,hard_neg:alarm
123684,123684,background,test,FSD50K,3.115,bg:general
123885,123885,background,test,FSD50K,16.0,bg:general
124032,124032,background,test,FSD50K,11.108,bg:general
124287,124287,background,test,FSD50K,24.823,hard_neg:glass_dishes
124501,124501,background,test,FSD50K,3.804,hard_neg:alarm
124502,124502,background,test,FSD50K,4.786,hard_neg:alarm
124525,124525,background,test,FSD50K,6.49,bg:general
124532,124532,background,test,FSD50K,10.916,bg:general
124722,124722,background,test,FSD50K,4.344,bg:general
125126,125126,background,test,FSD50K,4.972,hard_neg:alarm
127159,127159,background,test,FSD50K,4.0,bg:general
127450,127450,background,test,FSD50K,29.722,bg:general
127800,127800,background,test,FSD50K,16.821,bg:general
127857,127857,background,test,FSD50K,10.635,hard_neg:alarm
128013,128013,background,test,FSD50K,21.755,hard_neg:alarm
128178,128178,background,test,FSD50K,6.354,bg:general
1283,1283,background,test,FSD50K,9.013,bg:general
128607,128607,background,test,FSD50K,24.552,bg:general
128746,128746,background,test,FSD50K,8.339,bg:general
1290,1290,background,test,FSD50K,19.803,bg:general
129657,129657,background,test,FSD50K,6.267,hard_neg:alarm
131202,131202,background,test,FSD50K,1.0,hard_neg:glass_dishes
131266,131266,background,test,FSD50K,1.092,bg:general
131347,131347,background,test,FSD50K,1.412,bg:general
131560,131560,background,test,FSD50K,10.69,hard_neg:alarm
131568,131568,background,test,FSD50K,9.935,bg:general
131619,131619,background,test,FSD50K,3.75,bg:general
131641,131641,background,test,FSD50K,18.075,hard_neg:alarm
131642,131642,background,test,FSD50K,10.634,hard_neg:alarm
131643,131643,background,test,FSD50K,10.985,hard_neg:alarm
131989,131989,background,test,FSD50K,23.168,hard_neg:alarm
132416,132416,background,test,FSD50K,5.644,bg:general
13244,13244,background,test,FSD50K,5.963,bg:general
132602,132602,background,test,FSD50K,17.981,hard_neg:alarm
132742,132742,background,test,FSD50K,8.354,hard_neg:alarm
132846,132846,background,test,FSD50K,11.241,bg:general
133772,133772,background,test,FSD50K,21.634,bg:general
134688,134688,background,test,FSD50K,5.005,hard_neg:alarm
134747,134747,background,test,FSD50K,13.66,hard_neg:glass_ring
134848,134848,background,test,FSD50K,16.649,hard_neg:glass_dishes
134854,134854,background,test,FSD50K,16.128,bg:general
135191,135191,background,test,FSD50K,16.45,bg:general
135853,135853,background,test,FSD50K,2.264,bg:general
136469,136469,background,test,FSD50K,5.852,hard_neg:glass_dishes
136522,136522,background,test,FSD50K,24.01,hard_neg:alarm
13658,13658,background,test,FSD50K,1.385,bg:general
136642,136642,background,test,FSD50K,0.626,hard_neg:alarm
137134,137134,background,test,FSD50K,7.2,hard_neg:alarm
137164,137164,background,test,FSD50K,15.099,bg:general
137174,137174,background,test,FSD50K,10.789,bg:general
13727,13727,background,test,FSD50K,4.808,hard_neg:alarm
137734,137734,background,test,FSD50K,15.133,hard_neg:alarm
137764,137764,background,test,FSD50K,14.94,bg:general
137886,137886,background,test,FSD50K,22.968,hard_neg:alarm
138037,138037,background,test,FSD50K,0.592,hard_neg:alarm
138049,138049,background,test,FSD50K,7.132,bg:general
138202,138202,background,test,FSD50K,8.618,bg:general
138381,138381,background,test,FSD50K,2.022,bg:general
138961,138961,background,test,FSD50K,11.808,hard_neg:glass_dishes
139768,139768,background,test,FSD50K,18.168,hard_neg:glass_dishes
140301,140301,background,test,FSD50K,3.222,bg:general
140321,140321,background,test,FSD50K,7.614,bg:general
1412,1412,background,test,FSD50K,3.135,bg:general
141308,141308,background,test,FSD50K,24.635,hard_neg:alarm
141309,141309,background,test,FSD50K,4.398,hard_neg:alarm
141525,141525,background,test,FSD50K,4.984,bg:general
141528,141528,background,test,FSD50K,3.44,bg:general
141531,141531,background,test,FSD50K,3.759,bg:general
141533,141533,background,test,FSD50K,3.742,bg:general
142328,142328,background,test,FSD50K,4.996,hard_neg:glass_dishes
144137,144137,background,test,FSD50K,2.378,hard_neg:alarm
144141,144141,background,test,FSD50K,29.284,bg:general
144175,144175,background,test,FSD50K,5.562,hard_neg:glass_dishes
144187,144187,background,test,FSD50K,0.326,hard_neg:glass_dishes
144200,144200,background,test,FSD50K,12.493,bg:general
144883,144883,background,test,FSD50K,15.871,hard_neg:alarm
144939,144939,background,test,FSD50K,1.0,bg:general
145338,145338,background,test,FSD50K,2.618,bg:general
145425,145425,background,test,FSD50K,3.579,bg:general
145441,145441,background,test,FSD50K,1.176,hard_neg:glass_dishes
145449,145449,background,test,FSD50K,4.18,bg:general
14575,14575,background,test,FSD50K,27.673,hard_neg:alarm
14576,14576,background,test,FSD50K,23.884,hard_neg:alarm
14577,14577,background,test,FSD50K,3.883,hard_neg:alarm
146098,146098,background,test,FSD50K,6.885,bg:general
14616,14616,background,test,FSD50K,6.658,bg:general
14618,14618,background,test,FSD50K,23.778,bg:general
146432,146432,background,test,FSD50K,7.357,hard_neg:scream_crowd
146926,146926,background,test,FSD50K,12.826,hard_neg:baby_cry
147036,147036,background,test,FSD50K,1.045,bg:general
148317,148317,background,test,FSD50K,2.364,bg:general
148363,148363,background,test,FSD50K,9.334,bg:general
148854,148854,background,test,FSD50K,24.906,bg:general
148855,148855,background,test,FSD50K,26.781,bg:general
149189,149189,background,test,FSD50K,5.178,bg:general
149190,149190,background,test,FSD50K,6.987,bg:general
149395,149395,background,test,FSD50K,9.997,bg:general
151150,151150,background,test,FSD50K,26.568,hard_neg:alarm
151180,151180,background,test,FSD50K,18.444,bg:general
151205,151205,background,test,FSD50K,5.202,bg:general
151402,151402,background,test,FSD50K,5.028,bg:general
152595,152595,background,test,FSD50K,1.021,hard_neg:alarm
152715,152715,background,test,FSD50K,4.625,bg:general
152953,152953,background,test,FSD50K,4.12,hard_neg:alarm
153054,153054,background,test,FSD50K,3.039,hard_neg:alarm
153057,153057,background,test,FSD50K,1.83,hard_neg:alarm
153111,153111,background,test,FSD50K,3.505,bg:general
153150,153150,background,test,FSD50K,6.667,bg:general
153170,153170,background,test,FSD50K,7.605,hard_neg:alarm
153246,153246,background,test,FSD50K,8.435,bg:general
153268,153268,background,test,FSD50K,12.426,bg:general
153538,153538,background,test,FSD50K,16.718,bg:general
154387,154387,background,test,FSD50K,11.002,hard_neg:alarm
154391,154391,background,test,FSD50K,16.606,bg:general
154402,154402,background,test,FSD50K,10.366,hard_neg:alarm
154418,154418,background,test,FSD50K,5.172,bg:general
154440,154440,background,test,FSD50K,3.963,bg:general
154465,154465,background,test,FSD50K,5.339,bg:general
154466,154466,background,test,FSD50K,6.59,hard_neg:glass_ring
154770,154770,background,test,FSD50K,26.198,hard_neg:alarm
154834,154834,background,test,FSD50K,6.006,hard_neg:baby_cry
154851,154851,background,test,FSD50K,23.275,bg:general
155509,155509,background,test,FSD50K,23.084,bg:general
155510,155510,background,test,FSD50K,7.713,bg:general
155526,155526,background,test,FSD50K,3.814,bg:general
155639,155639,background,test,FSD50K,19.374,hard_neg:alarm
155717,155717,background,test,FSD50K,7.95,hard_neg:alarm
156064,156064,background,test,FSD50K,0.553,hard_neg:alarm
156091,156091,background,test,FSD50K,2.97,hard_neg:alarm
156098,156098,background,test,FSD50K,1.707,hard_neg:baby_cry
156100,156100,background,test,FSD50K,2.324,hard_neg:alarm
156638,156638,background,test,FSD50K,23.406,bg:general
156639,156639,background,test,FSD50K,14.397,bg:general
157433,157433,background,test,FSD50K,24.706,bg:general
157580,157580,background,test,FSD50K,16.461,hard_neg:alarm
157835,157835,background,test,FSD50K,20.211,bg:general
158739,158739,background,test,FSD50K,10.0,bg:general
159492,159492,background,test,FSD50K,29.717,bg:general
159498,159498,background,test,FSD50K,10.586,bg:general
159772,159772,background,test,FSD50K,6.683,bg:general
161657,161657,background,test,FSD50K,4.802,bg:general
161679,161679,background,test,FSD50K,7.315,bg:general
161682,161682,background,test,FSD50K,6.002,bg:general
161684,161684,background,test,FSD50K,7.925,bg:general
161686,161686,background,test,FSD50K,21.321,bg:general
161700,161700,background,test,FSD50K,10.31,bg:general
162310,162310,background,test,FSD50K,3.495,bg:general
162315,162315,background,test,FSD50K,3.995,bg:general
162803,162803,background,test,FSD50K,2.676,bg:general
162816,162816,background,test,FSD50K,3.304,bg:general
162845,162845,background,test,FSD50K,6.453,bg:general
162851,162851,background,test,FSD50K,4.416,hard_neg:alarm
163289,163289,background,test,FSD50K,6.42,bg:general
163418,163418,background,test,FSD50K,6.0,bg:general
163419,163419,background,test,FSD50K,23.734,hard_neg:glass_dishes
164031,164031,background,test,FSD50K,2.246,hard_neg:alarm
164032,164032,background,test,FSD50K,3.167,hard_neg:alarm
164033,164033,background,test,FSD50K,3.186,hard_neg:alarm
164036,164036,background,test,FSD50K,18.771,hard_neg:alarm
164769,164769,background,test,FSD50K,14.381,bg:general
165008,165008,background,test,FSD50K,26.63,bg:general
165431,165431,background,test,FSD50K,21.186,bg:general
165748,165748,background,test,FSD50K,22.642,hard_neg:scream_crowd
165870,165870,background,test,FSD50K,1.055,bg:general
166209,166209,background,test,FSD50K,17.833,bg:general
166366,166366,background,test,FSD50K,3.158,bg:general
166433,166433,background,test,FSD50K,16.832,hard_neg:scream_crowd
166434,166434,background,test,FSD50K,14.697,hard_neg:scream_crowd
166436,166436,background,test,FSD50K,8.124,hard_neg:scream_crowd
166441,166441,background,test,FSD50K,16.51,hard_neg:alarm
167182,167182,background,test,FSD50K,12.004,bg:general
167194,167194,background,test,FSD50K,24.635,hard_neg:alarm
167385,167385,background,test,FSD50K,7.638,bg:general
167509,167509,background,test,FSD50K,9.612,bg:general
16774,16774,background,test,FSD50K,1.415,hard_neg:alarm
168028,168028,background,test,FSD50K,5.014,hard_neg:alarm
168029,168029,background,test,FSD50K,6.501,hard_neg:alarm
168657,168657,background,test,FSD50K,26.76,bg:general
168822,168822,background,test,FSD50K,0.391,hard_neg:glass_dishes
168825,168825,background,test,FSD50K,3.085,hard_neg:alarm
169047,169047,background,test,FSD50K,9.126,bg:general
169127,169127,background,test,FSD50K,23.84,bg:general
17012,17012,background,test,FSD50K,1.566,bg:general
170455,170455,background,test,FSD50K,2.0,hard_neg:alarm
170464,170464,background,test,FSD50K,5.745,hard_neg:alarm
170671,170671,background,test,FSD50K,23.129,bg:general
170847,170847,background,test,FSD50K,9.874,hard_neg:alarm
170848,170848,background,test,FSD50K,4.858,hard_neg:alarm
170876,170876,background,test,FSD50K,2.639,hard_neg:alarm
170877,170877,background,test,FSD50K,2.639,hard_neg:alarm
170880,170880,background,test,FSD50K,2.639,hard_neg:alarm
170881,170881,background,test,FSD50K,2.639,hard_neg:alarm
17093,17093,background,test,FSD50K,10.128,hard_neg:scream_crowd
170962,170962,background,test,FSD50K,5.146,bg:general
171067,171067,background,test,FSD50K,3.821,bg:general
17118,17118,background,test,FSD50K,23.723,hard_neg:glass_dishes
17124,17124,background,test,FSD50K,0.655,hard_neg:alarm
171324,171324,background,test,FSD50K,13.378,hard_neg:alarm
171451,171451,background,test,FSD50K,1.785,bg:general
17146,17146,background,test,FSD50K,23.275,hard_neg:glass_ring
171491,171491,background,test,FSD50K,1.5,bg:general
171511,171511,background,test,FSD50K,8.378,hard_neg:alarm
171674,171674,background,test,FSD50K,7.156,hard_neg:alarm
171679,171679,background,test,FSD50K,3.038,hard_neg:alarm
17208,17208,background,test,FSD50K,22.547,bg:general
172357,172357,background,test,FSD50K,3.709,bg:general
172364,172364,background,test,FSD50K,26.166,hard_neg:glass_dishes
172738,172738,background,test,FSD50K,26.541,hard_neg:baby_cry
172753,172753,background,test,FSD50K,6.453,bg:general
172861,172861,background,test,FSD50K,5.875,bg:general
173551,173551,background,test,FSD50K,4.141,bg:general
173879,173879,background,test,FSD50K,6.908,bg:general
173880,173880,background,test,FSD50K,6.871,bg:general
173946,173946,background,test,FSD50K,28.778,hard_neg:glass_dishes
174618,174618,background,test,FSD50K,24.489,bg:general
17468,17468,background,test,FSD50K,1.671,hard_neg:alarm
174941,174941,background,test,FSD50K,3.456,bg:general
175081,175081,background,test,FSD50K,4.125,hard_neg:alarm
175627,175627,background,test,FSD50K,5.743,bg:general
176003,176003,background,test,FSD50K,1.276,hard_neg:alarm
17737,17737,background,test,FSD50K,13.394,bg:general
177426,177426,background,test,FSD50K,2.09,bg:general
17769,17769,background,test,FSD50K,19.811,bg:general
178377,178377,background,test,FSD50K,3.714,hard_neg:alarm
178398,178398,background,test,FSD50K,12.307,hard_neg:glass_dishes
178889,178889,background,test,FSD50K,7.24,bg:general
178898,178898,background,test,FSD50K,13.709,hard_neg:alarm
17895,17895,background,test,FSD50K,3.971,hard_neg:alarm
179111,179111,background,test,FSD50K,13.04,bg:general
179113,179113,background,test,FSD50K,13.04,hard_neg:alarm
1792,1792,background,test,FSD50K,1.487,bg:general
179339,179339,background,test,FSD50K,5.341,bg:general
179340,179340,background,test,FSD50K,8.542,bg:general
1795,1795,background,test,FSD50K,1.857,bg:general
179713,179713,background,test,FSD50K,15.978,bg:general
180174,180174,background,test,FSD50K,23.969,hard_neg:alarm
180180,180180,background,test,FSD50K,18.707,hard_neg:baby_cry
180338,180338,background,test,FSD50K,14.44,bg:general
180339,180339,background,test,FSD50K,20.598,hard_neg:alarm
180530,180530,background,test,FSD50K,22.635,bg:general
180690,180690,background,test,FSD50K,4.393,bg:general
180694,180694,background,test,FSD50K,4.629,hard_neg:glass_dishes
180737,180737,background,test,FSD50K,2.736,hard_neg:alarm
180913,180913,background,test,FSD50K,3.205,hard_neg:alarm
181190,181190,background,test,FSD50K,24.001,bg:general
181257,181257,background,test,FSD50K,22.197,bg:general
181261,181261,background,test,FSD50K,15.178,bg:general
181363,181363,background,test,FSD50K,27.847,hard_neg:alarm
181827,181827,background,test,FSD50K,8.754,bg:general
181923,181923,background,test,FSD50K,21.442,bg:general
181937,181937,background,test,FSD50K,16.082,hard_neg:alarm
182401,182401,background,test,FSD50K,15.0,hard_neg:alarm
182503,182503,background,test,FSD50K,14.056,bg:general
182811,182811,background,test,FSD50K,11.1,bg:general
183627,183627,background,test,FSD50K,29.579,bg:general
184441,184441,background,test,FSD50K,13.952,hard_neg:alarm
185056,185056,background,test,FSD50K,2.96,hard_neg:alarm
185087,185087,background,test,FSD50K,5.23,bg:general
185196,185196,background,test,FSD50K,4.296,hard_neg:alarm
185197,185197,background,test,FSD50K,3.274,hard_neg:alarm
185631,185631,background,test,FSD50K,2.457,hard_neg:alarm
185821,185821,background,test,FSD50K,8.34,bg:general
185822,185822,background,test,FSD50K,7.67,bg:general
185838,185838,background,test,FSD50K,3.802,bg:general
186096,186096,background,test,FSD50K,2.939,hard_neg:alarm
186393,186393,background,test,FSD50K,6.27,hard_neg:alarm
186395,186395,background,test,FSD50K,17.831,bg:general
186419,186419,background,test,FSD50K,3.623,hard_neg:glass_dishes
186474,186474,background,test,FSD50K,6.096,hard_neg:alarm
186686,186686,background,test,FSD50K,4.0,hard_neg:glass_dishes
186688,186688,background,test,FSD50K,8.0,bg:general
186689,186689,background,test,FSD50K,8.0,bg:general
186692,186692,background,test,FSD50K,8.0,hard_neg:glass_dishes
187281,187281,background,test,FSD50K,9.28,bg:general
187340,187340,background,test,FSD50K,11.167,bg:general
187463,187463,background,test,FSD50K,8.0,hard_neg:glass_ring
187468,187468,background,test,FSD50K,10.0,hard_neg:glass_ring
187600,187600,background,test,FSD50K,25.323,hard_neg:alarm
188009,188009,background,test,FSD50K,17.973,hard_neg:glass_dishes
188032,188032,background,test,FSD50K,1.345,hard_neg:alarm
188038,188038,background,test,FSD50K,2.871,bg:general
189327,189327,background,test,FSD50K,4.99,hard_neg:alarm
189332,189332,background,test,FSD50K,16.396,hard_neg:alarm
189337,189337,background,test,FSD50K,29.36,bg:general
189672,189672,background,test,FSD50K,2.644,bg:general
189727,189727,background,test,FSD50K,0.664,hard_neg:alarm
189754,189754,background,test,FSD50K,0.968,hard_neg:alarm
189755,189755,background,test,FSD50K,0.967,hard_neg:alarm
189762,189762,background,test,FSD50K,14.337,bg:general
189764,189764,background,test,FSD50K,2.551,hard_neg:alarm
189765,189765,background,test,FSD50K,1.326,hard_neg:alarm
189766,189766,background,test,FSD50K,0.934,hard_neg:alarm
189843,189843,background,test,FSD50K,12.029,hard_neg:baby_cry
190647,190647,background,test,FSD50K,18.612,hard_neg:alarm
1909,1909,background,test,FSD50K,4.703,bg:general
190922,190922,background,test,FSD50K,11.951,bg:general
190925,190925,background,test,FSD50K,11.88,bg:general
190953,190953,background,test,FSD50K,21.866,hard_neg:alarm
1911,1911,background,test,FSD50K,2.337,bg:general
191125,191125,background,test,FSD50K,17.796,hard_neg:alarm
191152,191152,background,test,FSD50K,10.69,bg:general
191388,191388,background,test,FSD50K,15.464,bg:general
191733,191733,background,test,FSD50K,7.905,hard_neg:alarm
191737,191737,background,test,FSD50K,26.0,bg:general
191901,191901,background,test,FSD50K,6.006,hard_neg:alarm
192001,192001,background,test,FSD50K,17.58,bg:general
192002,192002,background,test,FSD50K,16.861,hard_neg:scream_crowd
192178,192178,background,test,FSD50K,5.881,bg:general
1922,1922,background,test,FSD50K,15.441,hard_neg:scream_crowd
192454,192454,background,test,FSD50K,21.003,hard_neg:alarm
1925,1925,background,test,FSD50K,18.439,hard_neg:scream_crowd
193059,193059,background,test,FSD50K,13.223,bg:general
193060,193060,background,test,FSD50K,2.764,hard_neg:glass_dishes
1931,1931,background,test,FSD50K,28.922,bg:general
1933,1933,background,test,FSD50K,24.235,bg:general
19345,19345,background,test,FSD50K,7.96,hard_neg:scream_crowd
194675,194675,background,test,FSD50K,17.168,bg:general
194931,194931,background,test,FSD50K,8.568,bg:general
194934,194934,background,test,FSD50K,15.624,bg:general
194944,194944,background,test,FSD50K,29.112,bg:general
194949,194949,background,test,FSD50K,7.56,bg:general
194993,194993,background,test,FSD50K,5.496,bg:general
195181,195181,background,test,FSD50K,1.01,bg:general
195411,195411,background,test,FSD50K,7.692,hard_neg:scream_crowd
19546,19546,background,test,FSD50K,17.926,bg:general
196117,196117,background,test,FSD50K,9.316,hard_neg:scream_crowd
196139,196139,background,test,FSD50K,4.738,hard_neg:alarm
196145,196145,background,test,FSD50K,13.314,bg:general
19615,19615,background,test,FSD50K,2.169,bg:general
196255,196255,background,test,FSD50K,15.16,bg:general
196259,196259,background,test,FSD50K,22.988,hard_neg:alarm
196645,196645,background,test,FSD50K,14.928,hard_neg:scream_crowd
196671,196671,background,test,FSD50K,29.328,bg:general
196676,196676,background,test,FSD50K,8.952,bg:general
197103,197103,background,test,FSD50K,18.459,bg:general
197222,197222,background,test,FSD50K,2.077,hard_neg:alarm
197223,197223,background,test,FSD50K,1.0,hard_neg:alarm
197224,197224,background,test,FSD50K,1.125,hard_neg:alarm
197225,197225,background,test,FSD50K,0.831,hard_neg:alarm
197978,197978,background,test,FSD50K,3.784,bg:general
198241,198241,background,test,FSD50K,23.986,hard_neg:alarm
198385,198385,background,test,FSD50K,3.197,hard_neg:glass_dishes
198394,198394,background,test,FSD50K,0.612,hard_neg:glass_dishes
198395,198395,background,test,FSD50K,0.688,hard_neg:glass_dishes
198396,198396,background,test,FSD50K,0.406,hard_neg:glass_dishes
198397,198397,background,test,FSD50K,0.376,hard_neg:glass_dishes
198402,198402,background,test,FSD50K,1.384,hard_neg:glass_dishes
198403,198403,background,test,FSD50K,3.15,hard_neg:glass_ring
198463,198463,background,test,FSD50K,12.0,bg:general
19853,19853,background,test,FSD50K,2.996,hard_neg:alarm
19859,19859,background,test,FSD50K,11.297,bg:general
198612,198612,background,test,FSD50K,7.57,hard_neg:alarm
198841,198841,background,test,FSD50K,6.323,hard_neg:alarm
198844,198844,background,test,FSD50K,7.282,hard_neg:alarm
198874,198874,background,test,FSD50K,3.187,bg:general
198893,198893,background,test,FSD50K,13.482,bg:general
19911,19911,background,test,FSD50K,1.715,hard_neg:alarm
199277,199277,background,test,FSD50K,12.75,hard_neg:scream_crowd
199881,199881,background,test,FSD50K,12.619,bg:general
199922,199922,background,test,FSD50K,16.508,hard_neg:glass_dishes
200318,200318,background,test,FSD50K,8.955,bg:general
200386,200386,background,test,FSD50K,3.479,bg:general
200809,200809,background,test,FSD50K,28.0,hard_neg:alarm
201283,201283,background,test,FSD50K,5.0,bg:general
201899,201899,background,test,FSD50K,29.0,hard_neg:alarm
201902,201902,background,test,FSD50K,11.024,bg:general
201914,201914,background,test,FSD50K,17.064,bg:general
202029,202029,background,test,FSD50K,5.0,hard_neg:alarm
202420,202420,background,test,FSD50K,17.79,bg:general
202498,202498,background,test,FSD50K,8.859,hard_neg:scream_crowd
20351,20351,background,test,FSD50K,11.316,bg:general
203522,203522,background,test,FSD50K,4.761,bg:general
203785,203785,background,test,FSD50K,1.681,bg:general
204052,204052,background,test,FSD50K,5.51,bg:general
204186,204186,background,test,FSD50K,5.657,hard_neg:alarm
204920,204920,background,test,FSD50K,25.25,bg:general
204947,204947,background,test,FSD50K,14.5,bg:general
205083,205083,background,test,FSD50K,24.462,bg:general
205096,205096,background,test,FSD50K,8.0,bg:general
205097,205097,background,test,FSD50K,15.428,bg:general
205598,205598,background,test,FSD50K,3.305,bg:general
205887,205887,background,test,FSD50K,19.973,hard_neg:alarm
206080,206080,background,test,FSD50K,1.483,hard_neg:alarm
206081,206081,background,test,FSD50K,0.741,hard_neg:alarm
206082,206082,background,test,FSD50K,0.782,hard_neg:alarm
206144,206144,background,test,FSD50K,7.542,hard_neg:glass_dishes
206150,206150,background,test,FSD50K,8.561,hard_neg:glass_dishes
206151,206151,background,test,FSD50K,4.764,hard_neg:glass_dishes
206153,206153,background,test,FSD50K,2.619,hard_neg:glass_dishes
206154,206154,background,test,FSD50K,12.872,hard_neg:glass_dishes
206157,206157,background,test,FSD50K,8.561,hard_neg:glass_dishes
206171,206171,background,test,FSD50K,2.675,hard_neg:glass_dishes
207118,207118,background,test,FSD50K,8.5,bg:general
207135,207135,background,test,FSD50K,17.0,hard_neg:alarm
207451,207451,background,test,FSD50K,21.201,hard_neg:baby_cry
207781,207781,background,test,FSD50K,2.833,bg:general
207871,207871,background,test,FSD50K,9.92,hard_neg:alarm
20842,20842,background,test,FSD50K,8.058,bg:general
209523,209523,background,test,FSD50K,3.081,hard_neg:alarm
209534,209534,background,test,FSD50K,3.278,bg:general
209536,209536,background,test,FSD50K,5.163,hard_neg:alarm
209661,209661,background,test,FSD50K,5.985,bg:general
209969,209969,background,test,FSD50K,16.28,hard_neg:alarm
209970,209970,background,test,FSD50K,4.069,hard_neg:alarm
209977,209977,background,test,FSD50K,0.8,hard_neg:alarm
209979,209979,background,test,FSD50K,5.945,hard_neg:glass_dishes
209988,209988,background,test,FSD50K,4.779,bg:general
209990,209990,background,test,FSD50K,19.88,hard_neg:scream_crowd
210059,210059,background,test,FSD50K,8.917,hard_neg:glass_dishes
210083,210083,background,test,FSD50K,1.044,hard_neg:glass_dishes
210241,210241,background,test,FSD50K,0.995,hard_neg:glass_dishes
210254,210254,background,test,FSD50K,15.633,hard_neg:alarm
210262,210262,background,test,FSD50K,15.633,hard_neg:alarm
210269,210269,background,test,FSD50K,15.633,hard_neg:alarm
210270,210270,background,test,FSD50K,15.633,hard_neg:alarm
210299,210299,background,test,FSD50K,1.411,hard_neg:glass_dishes
210304,210304,background,test,FSD50K,29.625,bg:general
210363,210363,background,test,FSD50K,1.931,hard_neg:alarm
210513,210513,background,test,FSD50K,9.586,hard_neg:alarm
210612,210612,background,test,FSD50K,17.32,hard_neg:alarm
210613,210613,background,test,FSD50K,5.511,bg:general
21147,21147,background,test,FSD50K,3.721,bg:general
211528,211528,background,test,FSD50K,23.094,hard_neg:baby_cry
211623,211623,background,test,FSD50K,3.858,bg:general
211628,211628,background,test,FSD50K,9.854,bg:general
211629,211629,background,test,FSD50K,13.379,bg:general
212693,212693,background,test,FSD50K,1.294,bg:general
212963,212963,background,test,FSD50K,4.103,bg:general
212981,212981,background,test,FSD50K,7.546,bg:general
213984,213984,background,test,FSD50K,3.125,bg:general
214006,214006,background,test,FSD50K,7.761,bg:general
214356,214356,background,test,FSD50K,1.494,hard_neg:glass_dishes
214675,214675,background,test,FSD50K,10.873,bg:general
214989,214989,background,test,FSD50K,7.84,hard_neg:scream_crowd
215178,215178,background,test,FSD50K,22.49,bg:general
216500,216500,background,test,FSD50K,6.061,bg:general
21711,21711,background,test,FSD50K,2.039,bg:general
217138,217138,background,test,FSD50K,3.841,hard_neg:alarm
21733,21733,background,test,FSD50K,11.136,bg:general
217806,217806,background,test,FSD50K,29.676,hard_neg:alarm
218048,218048,background,test,FSD50K,1.881,bg:general
218840,218840,background,test,FSD50K,3.031,bg:general
218843,218843,background,test,FSD50K,8.987,hard_neg:alarm
218844,218844,background,test,FSD50K,4.52,bg:general
218848,218848,background,test,FSD50K,10.496,bg:general
219246,219246,background,test,FSD50K,9.748,hard_neg:alarm
219247,219247,background,test,FSD50K,16.169,bg:general
219307,219307,background,test,FSD50K,22.849,hard_neg:glass_dishes
219308,219308,background,test,FSD50K,15.233,hard_neg:alarm
219355,219355,background,test,FSD50K,6.625,hard_neg:alarm
220716,220716,background,test,FSD50K,11.804,hard_neg:alarm
220961,220961,background,test,FSD50K,3.416,bg:general
221275,221275,background,test,FSD50K,6.511,bg:general
221665,221665,background,test,FSD50K,21.0,bg:general
222671,222671,background,test,FSD50K,0.81,hard_neg:scream_crowd
222763,222763,background,test,FSD50K,6.193,hard_neg:glass_dishes
223280,223280,background,test,FSD50K,22.103,bg:general
223412,223412,background,test,FSD50K,3.031,bg:general
223610,223610,background,test,FSD50K,1.057,bg:general
223615,223615,background,test,FSD50K,2.905,bg:general
223946,223946,background,test,FSD50K,15.294,bg:general
223984,223984,background,test,FSD50K,23.962,bg:general
22457,22457,background,test,FSD50K,5.226,hard_neg:alarm
22693,22693,background,test,FSD50K,26.436,hard_neg:baby_cry
22694,22694,background,test,FSD50K,12.147,hard_neg:baby_cry
22719,22719,background,test,FSD50K,24.375,bg:general
22847,22847,background,test,FSD50K,4.331,hard_neg:alarm
231671,231671,background,test,FSD50K,1.098,bg:general
231800,231800,background,test,FSD50K,28.336,bg:general
231956,231956,background,test,FSD50K,8.152,bg:general
232107,232107,background,test,FSD50K,11.973,bg:general
232210,232210,background,test,FSD50K,3.17,hard_neg:alarm
2323,2323,background,test,FSD50K,10.0,bg:general
232608,232608,background,test,FSD50K,21.059,bg:general
232784,232784,background,test,FSD50K,2.657,hard_neg:alarm
232848,232848,background,test,FSD50K,20.036,bg:general
232963,232963,background,test,FSD50K,2.867,hard_neg:alarm
23299,23299,background,test,FSD50K,13.427,hard_neg:glass_dishes
233049,233049,background,test,FSD50K,2.816,bg:general
233055,233055,background,test,FSD50K,4.893,bg:general
233062,233062,background,test,FSD50K,1.277,hard_neg:alarm
233067,233067,background,test,FSD50K,3.733,hard_neg:glass_dishes
233435,233435,background,test,FSD50K,3.41,bg:general
233502,233502,background,test,FSD50K,3.288,hard_neg:alarm
233512,233512,background,test,FSD50K,4.836,bg:general
233603,233603,background,test,FSD50K,1.5,hard_neg:alarm
233604,233604,background,test,FSD50K,1.014,hard_neg:alarm
23392,23392,background,test,FSD50K,4.624,bg:general
234247,234247,background,test,FSD50K,17.321,hard_neg:alarm
234305,234305,background,test,FSD50K,1.0,bg:general
23441,23441,background,test,FSD50K,2.534,hard_neg:alarm
234634,234634,background,test,FSD50K,27.954,hard_neg:alarm
234681,234681,background,test,FSD50K,9.42,hard_neg:alarm
234697,234697,background,test,FSD50K,0.967,hard_neg:alarm
234739,234739,background,test,FSD50K,12.831,bg:general
235180,235180,background,test,FSD50K,1.889,bg:general
23519,23519,background,test,FSD50K,10.998,bg:general
23533,23533,background,test,FSD50K,7.654,bg:general
235363,235363,background,test,FSD50K,8.705,hard_neg:alarm
235369,235369,background,test,FSD50K,7.0,bg:general
235506,235506,background,test,FSD50K,5.611,hard_neg:alarm
235524,235524,background,test,FSD50K,3.151,bg:general
235594,235594,background,test,FSD50K,15.0,bg:general
235602,235602,background,test,FSD50K,1.836,hard_neg:glass_dishes
235605,235605,background,test,FSD50K,4.205,hard_neg:glass_dishes
235611,235611,background,test,FSD50K,1.934,bg:general
235625,235625,background,test,FSD50K,8.022,bg:general
235724,235724,background,test,FSD50K,24.448,hard_neg:glass_dishes
235962,235962,background,test,FSD50K,9.705,hard_neg:alarm
236007,236007,background,test,FSD50K,12.257,bg:general
236291,236291,background,test,FSD50K,7.746,hard_neg:alarm
23633,23633,background,test,FSD50K,15.726,bg:general
237022,237022,background,test,FSD50K,17.937,hard_neg:scream_crowd
23710,23710,background,test,FSD50K,11.175,bg:general
237230,237230,background,test,FSD50K,6.786,hard_neg:glass_dishes
238015,238015,background,test,FSD50K,25.647,bg:general
238027,238027,background,test,FSD50K,5.144,bg:general
238207,238207,background,test,FSD50K,9.326,bg:general
238209,238209,background,test,FSD50K,9.404,hard_neg:alarm
238432,238432,background,test,FSD50K,2.022,bg:general
238561,238561,background,test,FSD50K,25.491,hard_neg:alarm
238562,238562,background,test,FSD50K,23.703,hard_neg:alarm
238932,238932,background,test,FSD50K,18.75,bg:general
239006,239006,background,test,FSD50K,5.182,hard_neg:glass_dishes
240186,240186,background,test,FSD50K,8.344,hard_neg:baby_cry
240228,240228,background,test,FSD50K,23.041,bg:general
240272,240272,background,test,FSD50K,1.666,bg:general
240280,240280,background,test,FSD50K,9.455,bg:general
240932,240932,background,test,FSD50K,29.303,bg:general
241272,241272,background,test,FSD50K,21.734,bg:general
241880,241880,background,test,FSD50K,17.75,hard_neg:glass_dishes
241921,241921,background,test,FSD50K,21.827,hard_neg:alarm
242160,242160,background,test,FSD50K,8.483,bg:general
242538,242538,background,test,FSD50K,15.883,bg:general
242708,242708,background,test,FSD50K,18.575,bg:general
243012,243012,background,test,FSD50K,9.04,bg:general
243654,243654,background,test,FSD50K,19.437,hard_neg:glass_dishes
243767,243767,background,test,FSD50K,13.898,bg:general
244245,244245,background,test,FSD50K,20.541,hard_neg:glass_dishes
244329,244329,background,test,FSD50K,26.099,bg:general
244456,244456,background,test,FSD50K,22.178,hard_neg:baby_cry
244500,244500,background,test,FSD50K,7.861,hard_neg:scream_crowd
245204,245204,background,test,FSD50K,7.528,hard_neg:glass_dishes
245213,245213,background,test,FSD50K,3.375,bg:general
245445,245445,background,test,FSD50K,10.083,hard_neg:alarm
245500,245500,background,test,FSD50K,0.956,hard_neg:alarm
245639,245639,background,test,FSD50K,3.452,hard_neg:scream_crowd
245858,245858,background,test,FSD50K,2.251,hard_neg:glass_dishes
245860,245860,background,test,FSD50K,8.203,hard_neg:alarm
245940,245940,background,test,FSD50K,5.032,hard_neg:alarm
245943,245943,background,test,FSD50K,6.059,hard_neg:alarm
246056,246056,background,test,FSD50K,16.544,bg:general
246190,246190,background,test,FSD50K,1.996,bg:general
246253,246253,background,test,FSD50K,6.254,bg:general
248202,248202,background,test,FSD50K,5.339,bg:general
248256,248256,background,test,FSD50K,5.0,hard_neg:alarm
249324,249324,background,test,FSD50K,3.313,bg:general
249538,249538,background,test,FSD50K,1.068,hard_neg:alarm
249718,249718,background,test,FSD50K,6.728,bg:general
249835,249835,background,test,FSD50K,0.993,hard_neg:alarm
250389,250389,background,test,FSD50K,23.693,bg:general
250853,250853,background,test,FSD50K,15.606,hard_neg:scream_crowd
251290,251290,background,test,FSD50K,8.454,bg:general
251496,251496,background,test,FSD50K,17.942,hard_neg:alarm
251824,251824,background,test,FSD50K,8.441,bg:general
251901,251901,background,test,FSD50K,8.963,bg:general
251915,251915,background,test,FSD50K,6.396,bg:general
251941,251941,background,test,FSD50K,12.799,hard_neg:baby_cry
25270,25270,background,test,FSD50K,24.157,hard_neg:scream_crowd
25278,25278,background,test,FSD50K,23.297,bg:general
252789,252789,background,test,FSD50K,21.931,bg:general
25293,25293,background,test,FSD50K,8.148,hard_neg:scream_crowd
25295,25295,background,test,FSD50K,3.849,bg:general
25301,25301,background,test,FSD50K,27.259,bg:general
25309,25309,background,test,FSD50K,19.212,bg:general
25312,25312,background,test,FSD50K,18.005,hard_neg:scream_crowd
25314,25314,background,test,FSD50K,19.401,bg:general
25315,25315,background,test,FSD50K,2.127,bg:general
2535,2535,background,test,FSD50K,20.078,bg:general
253598,253598,background,test,FSD50K,6.44,bg:general
2539,2539,background,test,FSD50K,7.717,hard_neg:alarm
254146,254146,background,test,FSD50K,11.266,hard_neg:alarm
25458,25458,background,test,FSD50K,7.334,hard_neg:glass_dishes
254819,254819,background,test,FSD50K,4.207,hard_neg:alarm
254822,254822,background,test,FSD50K,21.334,hard_neg:alarm
254871,254871,background,test,FSD50K,5.341,bg:general
254981,254981,background,test,FSD50K,3.837,bg:general
255565,255565,background,test,FSD50K,8.393,hard_neg:glass_dishes
255856,255856,background,test,FSD50K,26.917,hard_neg:scream_crowd
256081,256081,background,test,FSD50K,6.8,bg:general
256575,256575,background,test,FSD50K,1.335,bg:general
256587,256587,background,test,FSD50K,5.025,bg:general
256859,256859,background,test,FSD50K,2.102,bg:general
257001,257001,background,test,FSD50K,3.941,hard_neg:alarm
257002,257002,background,test,FSD50K,8.0,hard_neg:alarm
257005,257005,background,test,FSD50K,8.587,bg:general
257202,257202,background,test,FSD50K,5.486,hard_neg:alarm
257430,257430,background,test,FSD50K,13.781,hard_neg:alarm
257579,257579,background,test,FSD50K,5.948,hard_neg:scream_crowd
257629,257629,background,test,FSD50K,7.75,bg:general
257711,257711,background,test,FSD50K,5.015,hard_neg:baby_cry
257858,257858,background,test,FSD50K,22.466,hard_neg:scream_crowd
257865,257865,background,test,FSD50K,4.627,bg:general
257868,257868,background,test,FSD50K,3.961,bg:general
258114,258114,background,test,FSD50K,3.283,bg:general
258264,258264,background,test,FSD50K,14.876,hard_neg:alarm
25909,25909,background,test,FSD50K,7.498,bg:general
259190,259190,background,test,FSD50K,4.18,bg:general
259514,259514,background,test,FSD50K,7.498,bg:general
259537,259537,background,test,FSD50K,4.134,hard_neg:alarm
260627,260627,background,test,FSD50K,11.755,hard_neg:alarm
260721,260721,background,test,FSD50K,28.574,hard_neg:glass_dishes
261013,261013,background,test,FSD50K,29.143,bg:general
261838,261838,background,test,FSD50K,19.241,hard_neg:alarm
26184,26184,background,test,FSD50K,25.685,bg:general
26198,26198,background,test,FSD50K,7.134,bg:general
26211,26211,background,test,FSD50K,20.788,bg:general
26228,26228,background,test,FSD50K,5.8,hard_neg:alarm
26230,26230,background,test,FSD50K,1.875,bg:general
262510,262510,background,test,FSD50K,12.546,bg:general
26271,26271,background,test,FSD50K,29.017,bg:general
262957,262957,background,test,FSD50K,17.5,bg:general
263048,263048,background,test,FSD50K,5.974,bg:general
263078,263078,background,test,FSD50K,12.026,hard_neg:alarm
263083,263083,background,test,FSD50K,6.828,bg:general
263680,263680,background,test,FSD50K,27.636,hard_neg:alarm
26385,26385,background,test,FSD50K,2.822,hard_neg:alarm
26402,26402,background,test,FSD50K,2.973,bg:general
264377,264377,background,test,FSD50K,24.584,hard_neg:scream_crowd
264450,264450,background,test,FSD50K,14.0,bg:general
264863,264863,background,test,FSD50K,16.0,hard_neg:alarm
264879,264879,background,test,FSD50K,2.76,bg:general
265109,265109,background,test,FSD50K,1.517,bg:general
265458,265458,background,test,FSD50K,14.0,bg:general
266184,266184,background,test,FSD50K,21.714,hard_neg:scream_crowd
266185,266185,background,test,FSD50K,21.522,hard_neg:scream_crowd
266186,266186,background,test,FSD50K,23.506,hard_neg:scream_crowd
26728,26728,background,test,FSD50K,26.0,hard_neg:scream_crowd
267447,267447,background,test,FSD50K,19.592,bg:general
26769,26769,background,test,FSD50K,11.905,bg:general
26792,26792,background,test,FSD50K,7.802,bg:general
268103,268103,background,test,FSD50K,16.902,hard_neg:scream_crowd
268132,268132,background,test,FSD50K,16.203,bg:general
268147,268147,background,test,FSD50K,5.88,bg:general
268753,268753,background,test,FSD50K,9.631,bg:general
268760,268760,background,test,FSD50K,19.331,bg:general
269278,269278,background,test,FSD50K,28.19,bg:general
269395,269395,background,test,FSD50K,6.507,hard_neg:glass_dishes
270274,270274,background,test,FSD50K,8.023,bg:general
270655,270655,background,test,FSD50K,25.766,hard_neg:alarm
27072,27072,background,test,FSD50K,6.316,bg:general
271110,271110,background,test,FSD50K,27.82,hard_neg:alarm
271601,271601,background,test,FSD50K,6.394,hard_neg:baby_cry
271602,271602,background,test,FSD50K,3.157,hard_neg:baby_cry
271655,271655,background,test,FSD50K,1.663,hard_neg:glass_dishes
272093,272093,background,test,FSD50K,17.717,hard_neg:baby_cry
272216,272216,background,test,FSD50K,14.997,hard_neg:glass_dishes
272223,272223,background,test,FSD50K,20.008,bg:general
272242,272242,background,test,FSD50K,8.967,bg:general
272353,272353,background,test,FSD50K,4.999,bg:general
272381,272381,background,test,FSD50K,3.934,bg:general
273710,273710,background,test,FSD50K,4.972,hard_neg:scream_crowd
274682,274682,background,test,FSD50K,1.092,hard_neg:alarm
274909,274909,background,test,FSD50K,14.458,bg:general
274910,274910,background,test,FSD50K,27.991,bg:general
275468,275468,background,test,FSD50K,22.32,bg:general
275580,275580,background,test,FSD50K,2.133,hard_neg:glass_dishes
275581,275581,background,test,FSD50K,4.417,hard_neg:glass_dishes
276574,276574,background,test,FSD50K,7.869,bg:general
276897,276897,background,test,FSD50K,2.629,bg:general
276965,276965,background,test,FSD50K,10.27,hard_neg:alarm
277009,277009,background,test,FSD50K,5.235,bg:general
277032,277032,background,test,FSD50K,2.42,hard_neg:alarm
277033,277033,background,test,FSD50K,2.575,hard_neg:alarm
277530,277530,background,test,FSD50K,9.0,hard_neg:glass_ring
277741,277741,background,test,FSD50K,13.919,bg:general
278108,278108,background,test,FSD50K,1.359,hard_neg:scream_crowd
280244,280244,background,test,FSD50K,5.636,bg:general
28165,28165,background,test,FSD50K,29.148,hard_neg:alarm
28746,28746,background,test,FSD50K,9.541,bg:general
288930,288930,background,test,FSD50K,21.378,bg:general
288937,288937,background,test,FSD50K,8.029,bg:general
29621,29621,background,test,FSD50K,2.942,hard_neg:alarm
29623,29623,background,test,FSD50K,5.13,hard_neg:alarm
30174,30174,background,test,FSD50K,16.25,bg:general
30303,30303,background,test,FSD50K,30.015,hard_neg:alarm
31462,31462,background,test,FSD50K,6.125,hard_neg:glass_ring
31470,31470,background,test,FSD50K,5.25,bg:general
31490,31490,background,test,FSD50K,18.347,hard_neg:alarm
31548,31548,background,test,FSD50K,1.173,bg:general
315652,315652,background,test,FSD50K,19.328,bg:general
315904,315904,background,test,FSD50K,20.84,hard_neg:alarm
316977,316977,background,test,FSD50K,6.972,hard_neg:alarm
317012,317012,background,test,FSD50K,13.866,hard_neg:glass_dishes
317075,317075,background,test,FSD50K,5.122,hard_neg:alarm
317330,317330,background,test,FSD50K,27.0,hard_neg:alarm
317359,317359,background,test,FSD50K,3.758,bg:general
317445,317445,background,test,FSD50K,27.676,bg:general
317533,317533,background,test,FSD50K,13.932,hard_neg:alarm
317663,317663,background,test,FSD50K,20.657,bg:general
317664,317664,background,test,FSD50K,14.083,hard_neg:glass_dishes
31775,31775,background,test,FSD50K,7.435,hard_neg:alarm
31776,31776,background,test,FSD50K,27.604,bg:general
31839,31839,background,test,FSD50K,23.22,bg:general
318671,318671,background,test,FSD50K,10.566,bg:general
31939,31939,background,test,FSD50K,19.976,bg:general
319403,319403,background,test,FSD50K,15.264,bg:general
319471,319471,background,test,FSD50K,14.77,bg:general
319756,319756,background,test,FSD50K,26.206,bg:general
320234,320234,background,test,FSD50K,19.15,hard_neg:alarm
320450,320450,background,test,FSD50K,4.328,bg:general
320451,320451,background,test,FSD50K,5.806,bg:general
320733,320733,background,test,FSD50K,20.958,hard_neg:glass_dishes
320742,320742,background,test,FSD50K,8.795,bg:general
321198,321198,background,test,FSD50K,5.168,bg:general
321203,321203,background,test,FSD50K,3.449,bg:general
321458,321458,background,test,FSD50K,24.939,bg:general
321729,321729,background,test,FSD50K,22.635,bg:general
321832,321832,background,test,FSD50K,11.492,hard_neg:alarm
322614,322614,background,test,FSD50K,26.004,bg:general
323005,323005,background,test,FSD50K,4.0,bg:general
323174,323174,background,test,FSD50K,4.664,bg:general
32320,32320,background,test,FSD50K,18.0,hard_neg:alarm
32321,32321,background,test,FSD50K,13.0,hard_neg:alarm
323238,323238,background,test,FSD50K,11.301,hard_neg:alarm
323607,323607,background,test,FSD50K,24.62,bg:general
324338,324338,background,test,FSD50K,7.834,bg:general
324423,324423,background,test,FSD50K,23.506,hard_neg:alarm
324485,324485,background,test,FSD50K,18.5,bg:general
324990,324990,background,test,FSD50K,5.39,bg:general
325019,325019,background,test,FSD50K,8.0,bg:general
325493,325493,background,test,FSD50K,8.391,bg:general
325534,325534,background,test,FSD50K,11.613,hard_neg:glass_dishes
325651,325651,background,test,FSD50K,1.29,bg:general
325701,325701,background,test,FSD50K,29.257,hard_neg:alarm
325943,325943,background,test,FSD50K,7.0,bg:general
326122,326122,background,test,FSD50K,29.828,bg:general
326295,326295,background,test,FSD50K,14.698,bg:general
326346,326346,background,test,FSD50K,11.934,bg:general
326348,326348,background,test,FSD50K,26.247,bg:general
326366,326366,background,test,FSD50K,23.996,hard_neg:scream_crowd
326373,326373,background,test,FSD50K,11.52,bg:general
326380,326380,background,test,FSD50K,25.216,bg:general
326464,326464,background,test,FSD50K,4.73,bg:general
32653,32653,background,test,FSD50K,7.375,hard_neg:alarm
326645,326645,background,test,FSD50K,24.345,hard_neg:alarm
326681,326681,background,test,FSD50K,16.268,bg:general
326919,326919,background,test,FSD50K,5.622,bg:general
326956,326956,background,test,FSD50K,6.446,bg:general
326965,326965,background,test,FSD50K,7.161,bg:general
326978,326978,background,test,FSD50K,23.5,hard_neg:glass_dishes
326982,326982,background,test,FSD50K,24.98,bg:general
327006,327006,background,test,FSD50K,10.92,bg:general
327015,327015,background,test,FSD50K,9.78,bg:general
327056,327056,background,test,FSD50K,11.748,bg:general
327059,327059,background,test,FSD50K,10.705,bg:general
32733,32733,background,test,FSD50K,3.649,bg:general
327381,327381,background,test,FSD50K,5.5,hard_neg:alarm
327395,327395,background,test,FSD50K,20.968,bg:general
327396,327396,background,test,FSD50K,22.5,bg:general
327399,327399,background,test,FSD50K,13.5,bg:general
327417,327417,background,test,FSD50K,2.5,hard_neg:alarm
327432,327432,background,test,FSD50K,5.394,bg:general
327538,327538,background,test,FSD50K,6.834,bg:general
327549,327549,background,test,FSD50K,7.11,bg:general
327556,327556,background,test,FSD50K,9.0,hard_neg:glass_dishes
327665,327665,background,test,FSD50K,2.863,bg:general
327668,327668,background,test,FSD50K,13.984,hard_neg:glass_dishes
327671,327671,background,test,FSD50K,18.0,bg:general
327683,327683,background,test,FSD50K,14.176,bg:general
327906,327906,background,test,FSD50K,13.0,bg:general
327912,327912,background,test,FSD50K,12.62,bg:general
327914,327914,background,test,FSD50K,15.641,bg:general
327989,327989,background,test,FSD50K,8.333,bg:general
328066,328066,background,test,FSD50K,15.073,bg:general
32807,32807,background,test,FSD50K,4.375,bg:general
328098,328098,background,test,FSD50K,18.304,bg:general
328130,328130,background,test,FSD50K,11.0,bg:general
328146,328146,background,test,FSD50K,10.972,hard_neg:glass_dishes
328169,328169,background,test,FSD50K,3.961,bg:general
328394,328394,background,test,FSD50K,10.07,bg:general
328424,328424,background,test,FSD50K,16.049,bg:general
328541,328541,background,test,FSD50K,10.844,hard_neg:alarm
328665,328665,background,test,FSD50K,4.676,bg:general
328711,328711,background,test,FSD50K,3.991,bg:general
328758,328758,background,test,FSD50K,16.813,hard_neg:alarm
328892,328892,background,test,FSD50K,6.5,bg:general
329771,329771,background,test,FSD50K,5.462,bg:general
329870,329870,background,test,FSD50K,15.543,bg:general
32990,32990,background,test,FSD50K,19.0,bg:general
329978,329978,background,test,FSD50K,21.972,hard_neg:alarm
330300,330300,background,test,FSD50K,23.592,hard_neg:glass_dishes
330400,330400,background,test,FSD50K,29.284,hard_neg:alarm
330585,330585,background,test,FSD50K,4.967,bg:general
330601,330601,background,test,FSD50K,8.092,hard_neg:alarm
330796,330796,background,test,FSD50K,2.4,bg:general
330956,330956,background,test,FSD50K,22.863,hard_neg:alarm
331336,331336,background,test,FSD50K,16.875,bg:general
331680,331680,background,test,FSD50K,21.25,hard_neg:alarm
331885,331885,background,test,FSD50K,25.785,bg:general
331895,331895,background,test,FSD50K,21.827,bg:general
331948,331948,background,test,FSD50K,21.078,bg:general
331965,331965,background,test,FSD50K,7.759,hard_neg:glass_dishes
332162,332162,background,test,FSD50K,21.372,hard_neg:baby_cry
332558,332558,background,test,FSD50K,21.0,bg:general
332563,332563,background,test,FSD50K,4.0,hard_neg:alarm
333283,333283,background,test,FSD50K,8.174,bg:general
333635,333635,background,test,FSD50K,16.272,bg:general
333659,333659,background,test,FSD50K,5.468,hard_neg:alarm
333916,333916,background,test,FSD50K,1.385,bg:general
334982,334982,background,test,FSD50K,3.631,hard_neg:alarm
334987,334987,background,test,FSD50K,16.431,hard_neg:alarm
335026,335026,background,test,FSD50K,5.202,bg:general
335082,335082,background,test,FSD50K,10.722,bg:general
33563,33563,background,test,FSD50K,7.323,hard_neg:scream_crowd
33564,33564,background,test,FSD50K,19.549,hard_neg:scream_crowd
336255,336255,background,test,FSD50K,9.31,bg:general
336369,336369,background,test,FSD50K,9.096,bg:general
33676,33676,background,test,FSD50K,5.621,bg:general
336784,336784,background,test,FSD50K,7.559,bg:general
336785,336785,background,test,FSD50K,11.062,bg:general
336787,336787,background,test,FSD50K,18.119,bg:general
337298,337298,background,test,FSD50K,2.579,bg:general
337754,337754,background,test,FSD50K,9.509,hard_neg:alarm
337908,337908,background,test,FSD50K,2.704,bg:general
337938,337938,background,test,FSD50K,3.542,bg:general
338168,338168,background,test,FSD50K,12.84,hard_neg:alarm
338169,338169,background,test,FSD50K,14.88,bg:general
338259,338259,background,test,FSD50K,11.979,bg:general
338321,338321,background,test,FSD50K,24.47,hard_neg:scream_crowd
33866,33866,background,test,FSD50K,13.128,bg:general
339080,339080,background,test,FSD50K,2.475,hard_neg:glass_ring
339082,339082,background,test,FSD50K,3.319,hard_neg:glass_ring
339105,339105,background,test,FSD50K,0.77,hard_neg:alarm
339106,339106,background,test,FSD50K,0.77,hard_neg:alarm
339464,339464,background,test,FSD50K,6.875,hard_neg:glass_dishes
339471,339471,background,test,FSD50K,6.875,hard_neg:glass_dishes
339853,339853,background,test,FSD50K,24.427,bg:general
339988,339988,background,test,FSD50K,20.0,hard_neg:alarm
340061,340061,background,test,FSD50K,24.0,hard_neg:alarm
340355,340355,background,test,FSD50K,4.157,bg:general
340361,340361,background,test,FSD50K,13.824,hard_neg:scream_crowd
340862,340862,background,test,FSD50K,11.889,bg:general
340871,340871,background,test,FSD50K,11.889,bg:general
340883,340883,background,test,FSD50K,0.743,hard_neg:glass_dishes
340886,340886,background,test,FSD50K,14.861,bg:general
340898,340898,background,test,FSD50K,5.202,hard_neg:alarm
340905,340905,background,test,FSD50K,0.743,hard_neg:alarm
34131,34131,background,test,FSD50K,12.879,bg:general
341564,341564,background,test,FSD50K,12.42,bg:general
341568,341568,background,test,FSD50K,24.288,hard_neg:scream_crowd
341579,341579,background,test,FSD50K,2.23,hard_neg:glass_dishes
341652,341652,background,test,FSD50K,11.161,bg:general
341870,341870,background,test,FSD50K,0.951,hard_neg:alarm
342166,342166,background,test,FSD50K,3.75,hard_neg:alarm
342654,342654,background,test,FSD50K,10.056,hard_neg:alarm
342656,342656,background,test,FSD50K,9.036,hard_neg:alarm
34272,34272,background,test,FSD50K,1.0,bg:general
343165,343165,background,test,FSD50K,2.427,bg:general
343680,343680,background,test,FSD50K,6.267,hard_neg:glass_dishes
344131,344131,background,test,FSD50K,0.42,hard_neg:glass_dishes
344221,344221,background,test,FSD50K,6.298,hard_neg:alarm
344396,344396,background,test,FSD50K,0.912,hard_neg:glass_dishes
344567,344567,background,test,FSD50K,11.867,bg:general
344603,344603,background,test,FSD50K,3.9,bg:general
344606,344606,background,test,FSD50K,3.9,hard_neg:alarm
344917,344917,background,test,FSD50K,14.815,bg:general
345068,345068,background,test,FSD50K,3.693,hard_neg:alarm
345103,345103,background,test,FSD50K,26.471,bg:general
345133,345133,background,test,FSD50K,9.385,bg:general
345134,345134,background,test,FSD50K,3.497,hard_neg:glass_dishes
345180,345180,background,test,FSD50K,20.248,hard_neg:alarm
345275,345275,background,test,FSD50K,1.225,hard_neg:alarm
345572,345572,background,test,FSD50K,1.89,bg:general
345737,345737,background,test,FSD50K,2.336,hard_neg:alarm
345738,345738,background,test,FSD50K,2.326,hard_neg:alarm
345803,345803,background,test,FSD50K,2.328,hard_neg:alarm
345805,345805,background,test,FSD50K,4.48,hard_neg:alarm
345807,345807,background,test,FSD50K,12.198,hard_neg:alarm
345808,345808,background,test,FSD50K,11.982,hard_neg:alarm
345810,345810,background,test,FSD50K,11.986,hard_neg:alarm
345812,345812,background,test,FSD50K,13.601,hard_neg:alarm
345815,345815,background,test,FSD50K,4.464,hard_neg:alarm
346108,346108,background,test,FSD50K,4.154,hard_neg:alarm
346144,346144,background,test,FSD50K,1.626,bg:general
346610,346610,background,test,FSD50K,10.082,bg:general
346884,346884,background,test,FSD50K,1.778,bg:general
346898,346898,background,test,FSD50K,1.705,hard_neg:scream_crowd
347139,347139,background,test,FSD50K,26.35,bg:general
347143,347143,background,test,FSD50K,6.938,hard_neg:glass_dishes
347219,347219,background,test,FSD50K,17.344,bg:general
347227,347227,background,test,FSD50K,28.812,bg:general
347400,347400,background,test,FSD50K,0.5,hard_neg:alarm
347407,347407,background,test,FSD50K,5.858,bg:general
347708,347708,background,test,FSD50K,22.361,bg:general
347941,347941,background,test,FSD50K,5.991,bg:general
347964,347964,background,test,FSD50K,18.808,hard_neg:alarm
348204,348204,background,test,FSD50K,1.71,bg:general
348322,348322,background,test,FSD50K,1.625,hard_neg:alarm
34865,34865,background,test,FSD50K,13.28,hard_neg:alarm
348994,348994,background,test,FSD50K,3.221,bg:general
349187,349187,background,test,FSD50K,13.819,hard_neg:alarm
349391,349391,background,test,FSD50K,6.4,hard_neg:alarm
349393,349393,background,test,FSD50K,10.58,bg:general
349662,349662,background,test,FSD50K,1.288,hard_neg:alarm
349690,349690,background,test,FSD50K,7.799,bg:general
349691,349691,background,test,FSD50K,15.209,hard_neg:glass_dishes
349714,349714,background,test,FSD50K,9.078,bg:general
34979,34979,background,test,FSD50K,6.226,hard_neg:alarm
349894,349894,background,test,FSD50K,1.201,bg:general
349897,349897,background,test,FSD50K,1.333,bg:general
349922,349922,background,test,FSD50K,3.201,hard_neg:alarm
350283,350283,background,test,FSD50K,21.065,hard_neg:alarm
350318,350318,background,test,FSD50K,15.272,bg:general
350714,350714,background,test,FSD50K,29.675,hard_neg:scream_crowd
351176,351176,background,test,FSD50K,8.728,bg:general
351257,351257,background,test,FSD50K,8.36,hard_neg:alarm
351284,351284,background,test,FSD50K,2.688,hard_neg:alarm
351285,351285,background,test,FSD50K,2.016,hard_neg:alarm
351597,351597,background,test,FSD50K,20.0,bg:general
351770,351770,background,test,FSD50K,18.391,hard_neg:baby_cry
351882,351882,background,test,FSD50K,2.4,bg:general
352012,352012,background,test,FSD50K,28.104,bg:general
35213,35213,background,test,FSD50K,0.492,hard_neg:glass_dishes
352374,352374,background,test,FSD50K,28.0,hard_neg:alarm
35241,35241,background,test,FSD50K,6.035,bg:general
352439,352439,background,test,FSD50K,4.322,bg:general
352612,352612,background,test,FSD50K,7.811,bg:general
352627,352627,background,test,FSD50K,7.393,bg:general
352635,352635,background,test,FSD50K,5.12,bg:general
352638,352638,background,test,FSD50K,5.486,bg:general
352716,352716,background,test,FSD50K,2.0,bg:general
352811,352811,background,test,FSD50K,29.971,bg:general
352902,352902,background,test,FSD50K,21.5,bg:general
353105,353105,background,test,FSD50K,1.8,hard_neg:glass_dishes
353185,353185,background,test,FSD50K,8.653,hard_neg:scream_crowd
353421,353421,background,test,FSD50K,7.5,bg:general
354025,354025,background,test,FSD50K,26.417,bg:general
354062,354062,background,test,FSD50K,2.22,bg:general
35617,35617,background,test,FSD50K,2.1,bg:general
359154,359154,background,test,FSD50K,14.918,hard_neg:baby_cry
360620,360620,background,test,FSD50K,6.411,bg:general
360673,360673,background,test,FSD50K,14.1,hard_neg:glass_dishes
360680,360680,background,test,FSD50K,16.415,hard_neg:glass_dishes
360681,360681,background,test,FSD50K,6.572,hard_neg:glass_dishes
360692,360692,background,test,FSD50K,0.884,hard_neg:alarm
360848,360848,background,test,FSD50K,5.147,bg:general
360884,360884,background,test,FSD50K,19.88,bg:general
361148,361148,background,test,FSD50K,9.765,bg:general
361173,361173,background,test,FSD50K,25.966,bg:general
361870,361870,background,test,FSD50K,8.31,bg:general
361871,361871,background,test,FSD50K,3.883,bg:general
362257,362257,background,test,FSD50K,13.456,bg:general
36266,36266,background,test,FSD50K,24.0,bg:general
362799,362799,background,test,FSD50K,8.223,hard_neg:alarm
362918,362918,background,test,FSD50K,29.792,hard_neg:alarm
363132,363132,background,test,FSD50K,5.03,bg:general
363150,363150,background,test,FSD50K,1.855,bg:general
364356,364356,background,test,FSD50K,6.0,bg:general
364701,364701,background,test,FSD50K,5.773,bg:general
365562,365562,background,test,FSD50K,8.78,hard_neg:glass_dishes
365566,365566,background,test,FSD50K,2.86,hard_neg:alarm
365569,365569,background,test,FSD50K,1.495,bg:general
365575,365575,background,test,FSD50K,4.5,hard_neg:alarm
365610,365610,background,test,FSD50K,3.495,bg:general
365697,365697,background,test,FSD50K,27.64,bg:general
365760,365760,background,test,FSD50K,5.649,bg:general
365964,365964,background,test,FSD50K,11.342,hard_neg:glass_ring
365987,365987,background,test,FSD50K,11.0,hard_neg:glass_dishes
366035,366035,background,test,FSD50K,11.144,hard_neg:glass_dishes
366052,366052,background,test,FSD50K,13.747,bg:general
366102,366102,background,test,FSD50K,2.0,hard_neg:alarm
366152,366152,background,test,FSD50K,23.806,bg:general
366397,366397,background,test,FSD50K,20.5,bg:general
366423,366423,background,test,FSD50K,15.0,bg:general
366440,366440,background,test,FSD50K,5.591,hard_neg:alarm
366576,366576,background,test,FSD50K,18.564,bg:general
366578,366578,background,test,FSD50K,13.951,hard_neg:glass_dishes
366643,366643,background,test,FSD50K,19.92,bg:general
366858,366858,background,test,FSD50K,16.52,bg:general
366859,366859,background,test,FSD50K,6.96,bg:general
366878,366878,background,test,FSD50K,3.629,bg:general
366881,366881,background,test,FSD50K,5.46,bg:general
366957,366957,background,test,FSD50K,11.33,hard_neg:glass_dishes
367079,367079,background,test,FSD50K,10.716,bg:general
367434,367434,background,test,FSD50K,5.536,bg:general
367437,367437,background,test,FSD50K,1.608,hard_neg:alarm
367439,367439,background,test,FSD50K,4.608,bg:general
367447,367447,background,test,FSD50K,16.118,hard_neg:alarm
367744,367744,background,test,FSD50K,29.136,hard_neg:alarm
367811,367811,background,test,FSD50K,19.067,bg:general
368089,368089,background,test,FSD50K,4.978,bg:general
369250,369250,background,test,FSD50K,7.053,hard_neg:alarm
369293,369293,background,test,FSD50K,13.213,hard_neg:glass_dishes
369557,369557,background,test,FSD50K,17.0,bg:general
369686,369686,background,test,FSD50K,11.034,bg:general
369910,369910,background,test,FSD50K,0.347,hard_neg:glass_dishes
369981,369981,background,test,FSD50K,27.11,hard_neg:glass_dishes
371087,371087,background,test,FSD50K,2.984,bg:general
371177,371177,background,test,FSD50K,1.0,hard_neg:alarm
371339,371339,background,test,FSD50K,10.058,hard_neg:scream_crowd
371450,371450,background,test,FSD50K,14.655,hard_neg:alarm
371602,371602,background,test,FSD50K,6.769,hard_neg:scream_crowd
37240,37240,background,test,FSD50K,4.385,bg:general
37243,37243,background,test,FSD50K,5.945,bg:general
372871,372871,background,test,FSD50K,18.127,hard_neg:alarm
372893,372893,background,test,FSD50K,9.936,hard_neg:alarm
376195,376195,background,test,FSD50K,17.237,bg:general
376374,376374,background,test,FSD50K,10.28,hard_neg:alarm
376463,376463,background,test,FSD50K,8.564,hard_neg:glass_dishes
376483,376483,background,test,FSD50K,15.5,bg:general
376500,376500,background,test,FSD50K,5.295,bg:general
376926,376926,background,test,FSD50K,21.0,hard_neg:alarm
376999,376999,background,test,FSD50K,3.996,bg:general
377742,377742,background,test,FSD50K,2.926,bg:general
378070,378070,background,test,FSD50K,28.0,bg:general
378354,378354,background,test,FSD50K,5.24,hard_neg:alarm
378898,378898,background,test,FSD50K,9.22,hard_neg:alarm
378906,378906,background,test,FSD50K,13.84,bg:general
378908,378908,background,test,FSD50K,17.56,hard_neg:alarm
378911,378911,background,test,FSD50K,4.6,hard_neg:alarm
378912,378912,background,test,FSD50K,7.72,hard_neg:alarm
379088,379088,background,test,FSD50K,6.674,bg:general
379186,379186,background,test,FSD50K,6.393,bg:general
37929,37929,background,test,FSD50K,6.943,bg:general
379416,379416,background,test,FSD50K,6.738,hard_neg:alarm
379506,379506,background,test,FSD50K,10.971,hard_neg:glass_dishes
380391,380391,background,test,FSD50K,26.417,bg:general
380398,380398,background,test,FSD50K,11.285,hard_neg:alarm
380400,380400,background,test,FSD50K,9.683,hard_neg:scream_crowd
380443,380443,background,test,FSD50K,3.826,bg:general
380447,380447,background,test,FSD50K,1.689,bg:general
380482,380482,background,test,FSD50K,0.324,hard_neg:alarm
380634,380634,background,test,FSD50K,6.119,bg:general
380696,380696,background,test,FSD50K,4.572,bg:general
380753,380753,background,test,FSD50K,23.48,hard_neg:alarm
380772,380772,background,test,FSD50K,30.0,hard_neg:alarm
381295,381295,background,test,FSD50K,15.37,bg:general
381728,381728,background,test,FSD50K,12.146,hard_neg:alarm
382572,382572,background,test,FSD50K,16.999,hard_neg:alarm
382632,382632,background,test,FSD50K,17.455,bg:general
382982,382982,background,test,FSD50K,3.75,hard_neg:glass_dishes
382984,382984,background,test,FSD50K,9.497,bg:general
383023,383023,background,test,FSD50K,15.209,bg:general
383192,383192,background,test,FSD50K,6.272,bg:general
383264,383264,background,test,FSD50K,7.67,bg:general
38341,38341,background,test,FSD50K,20.062,bg:general
383653,383653,background,test,FSD50K,2.209,bg:general
383732,383732,background,test,FSD50K,25.584,bg:general
383740,383740,background,test,FSD50K,27.167,bg:general
383778,383778,background,test,FSD50K,0.477,hard_neg:alarm
383779,383779,background,test,FSD50K,2.054,hard_neg:alarm
383796,383796,background,test,FSD50K,6.792,bg:general
383832,383832,background,test,FSD50K,5.542,hard_neg:alarm
383866,383866,background,test,FSD50K,28.5,bg:general
384068,384068,background,test,FSD50K,23.191,bg:general
384069,384069,background,test,FSD50K,22.921,bg:general
38486,38486,background,test,FSD50K,5.26,bg:general
38542,38542,background,test,FSD50K,0.967,hard_neg:glass_dishes
385820,385820,background,test,FSD50K,2.052,bg:general
386453,386453,background,test,FSD50K,8.289,hard_neg:alarm
386733,386733,background,test,FSD50K,9.767,hard_neg:alarm
386734,386734,background,test,FSD50K,5.906,hard_neg:alarm
386751,386751,background,test,FSD50K,13.0,bg:general
386755,386755,background,test,FSD50K,5.231,bg:general
38684,38684,background,test,FSD50K,1.266,bg:general
387909,387909,background,test,FSD50K,9.6,bg:general
388044,388044,background,test,FSD50K,8.499,bg:general
388272,388272,background,test,FSD50K,2.508,hard_neg:glass_dishes
388824,388824,background,test,FSD50K,8.0,hard_neg:alarm
389,389,background,test,FSD50K,9.66,hard_neg:glass_dishes
38957,38957,background,test,FSD50K,5.943,hard_neg:glass_dishes
389652,389652,background,test,FSD50K,1.7,bg:general
389761,389761,background,test,FSD50K,15.019,bg:general
389992,389992,background,test,FSD50K,4.349,bg:general
390172,390172,background,test,FSD50K,7.44,bg:general
390250,390250,background,test,FSD50K,26.854,bg:general
390270,390270,background,test,FSD50K,19.096,bg:general
390330,390330,background,test,FSD50K,6.28,hard_neg:glass_dishes
390340,390340,background,test,FSD50K,13.0,hard_neg:glass_dishes
390342,390342,background,test,FSD50K,4.0,hard_neg:glass_dishes
390964,390964,background,test,FSD50K,4.215,hard_neg:alarm
391282,391282,background,test,FSD50K,4.011,bg:general
391436,391436,background,test,FSD50K,10.931,hard_neg:alarm
391496,391496,background,test,FSD50K,7.351,hard_neg:glass_dishes
391516,391516,background,test,FSD50K,22.84,bg:general
391557,391557,background,test,FSD50K,12.031,hard_neg:alarm
391870,391870,background,test,FSD50K,18.061,hard_neg:alarm
391923,391923,background,test,FSD50K,1.874,bg:general
391932,391932,background,test,FSD50K,18.603,bg:general
392257,392257,background,test,FSD50K,28.189,hard_neg:alarm
393140,393140,background,test,FSD50K,2.97,hard_neg:glass_dishes
393179,393179,background,test,FSD50K,4.25,hard_neg:alarm
39319,39319,background,test,FSD50K,0.491,hard_neg:glass_dishes
393333,393333,background,test,FSD50K,5.25,hard_neg:alarm
393465,393465,background,test,FSD50K,2.048,hard_neg:alarm
393509,393509,background,test,FSD50K,1.093,bg:general
393510,393510,background,test,FSD50K,2.09,bg:general
394004,394004,background,test,FSD50K,4.52,bg:general
394057,394057,background,test,FSD50K,8.542,hard_neg:glass_dishes
394221,394221,background,test,FSD50K,18.396,hard_neg:alarm
394655,394655,background,test,FSD50K,1.542,hard_neg:alarm
394656,394656,background,test,FSD50K,17.894,bg:general
394893,394893,background,test,FSD50K,5.132,bg:general
395079,395079,background,test,FSD50K,28.906,hard_neg:glass_dishes
395124,395124,background,test,FSD50K,19.248,hard_neg:scream_crowd
39536,39536,background,test,FSD50K,19.737,bg:general
39537,39537,background,test,FSD50K,26.367,bg:general
39539,39539,background,test,FSD50K,11.425,bg:general
395629,395629,background,test,FSD50K,18.845,hard_neg:alarm
397010,397010,background,test,FSD50K,7.819,hard_neg:scream_crowd
397097,397097,background,test,FSD50K,9.6,hard_neg:alarm
397270,397270,background,test,FSD50K,18.0,hard_neg:glass_dishes
397612,397612,background,test,FSD50K,27.265,bg:general
397621,397621,background,test,FSD50K,6.746,hard_neg:alarm
397622,397622,background,test,FSD50K,26.56,bg:general
397679,397679,background,test,FSD50K,14.337,bg:general
397919,397919,background,test,FSD50K,2.826,hard_neg:alarm
398004,398004,background,test,FSD50K,8.875,hard_neg:alarm
398346,398346,background,test,FSD50K,4.624,hard_neg:alarm
398415,398415,background,test,FSD50K,6.456,hard_neg:alarm
399092,399092,background,test,FSD50K,4.829,hard_neg:alarm
399190,399190,background,test,FSD50K,4.0,hard_neg:alarm
399193,399193,background,test,FSD50K,4.0,hard_neg:alarm
399197,399197,background,test,FSD50K,2.0,hard_neg:alarm
399198,399198,background,test,FSD50K,2.0,hard_neg:alarm
399315,399315,background,test,FSD50K,1.402,hard_neg:alarm
39935,39935,background,test,FSD50K,19.988,bg:general
399536,399536,background,test,FSD50K,24.08,hard_neg:alarm
399538,399538,background,test,FSD50K,27.493,bg:general
399601,399601,background,test,FSD50K,3.959,bg:general
399828,399828,background,test,FSD50K,12.22,hard_neg:alarm
399874,399874,background,test,FSD50K,8.032,bg:general
400079,400079,background,test,FSD50K,21.792,bg:general
400393,400393,background,test,FSD50K,13.898,bg:general
400586,400586,background,test,FSD50K,7.4,hard_neg:scream_crowd
400587,400587,background,test,FSD50K,5.76,hard_neg:scream_crowd
400590,400590,background,test,FSD50K,5.664,hard_neg:scream_crowd
400695,400695,background,test,FSD50K,13.24,hard_neg:alarm
400697,400697,background,test,FSD50K,1.733,hard_neg:alarm
401676,401676,background,test,FSD50K,18.403,bg:general
401721,401721,background,test,FSD50K,24.467,hard_neg:alarm
401722,401722,background,test,FSD50K,4.305,hard_neg:alarm
402129,402129,background,test,FSD50K,2.092,bg:general
402166,402166,background,test,FSD50K,16.328,hard_neg:glass_dishes
402631,402631,background,test,FSD50K,3.236,bg:general
402729,402729,background,test,FSD50K,21.697,hard_neg:baby_cry
402935,402935,background,test,FSD50K,2.4,hard_neg:glass_dishes
403213,403213,background,test,FSD50K,15.83,hard_neg:alarm
403217,403217,background,test,FSD50K,18.215,bg:general
403331,403331,background,test,FSD50K,22.152,hard_neg:alarm
403500,403500,background,test,FSD50K,5.877,bg:general
403542,403542,background,test,FSD50K,5.55,bg:general
403565,403565,background,test,FSD50K,5.519,hard_neg:alarm
403574,403574,background,test,FSD50K,6.055,bg:general
403575,403575,background,test,FSD50K,21.344,hard_neg:alarm
403578,403578,background,test,FSD50K,9.5,hard_neg:glass_dishes
403674,403674,background,test,FSD50K,3.919,hard_neg:alarm
403980,403980,background,test,FSD50K,1.736,hard_neg:alarm
403981,403981,background,test,FSD50K,3.781,hard_neg:alarm
404025,404025,background,test,FSD50K,13.319,bg:general
404142,404142,background,test,FSD50K,19.07,hard_neg:baby_cry
404383,404383,background,test,FSD50K,4.089,bg:general
404390,404390,background,test,FSD50K,12.739,bg:general
404398,404398,background,test,FSD50K,24.369,hard_neg:glass_dishes
404399,404399,background,test,FSD50K,5.539,bg:general
404407,404407,background,test,FSD50K,8.308,hard_neg:glass_dishes
404410,404410,background,test,FSD50K,1.662,hard_neg:glass_dishes
405572,405572,background,test,FSD50K,22.471,hard_neg:alarm
405573,405573,background,test,FSD50K,5.785,hard_neg:alarm
405627,405627,background,test,FSD50K,27.179,hard_neg:alarm
406091,406091,background,test,FSD50K,5.564,hard_neg:glass_dishes
406129,406129,background,test,FSD50K,18.699,bg:general
406230,406230,background,test,FSD50K,8.843,bg:general
406231,406231,background,test,FSD50K,14.763,hard_neg:alarm
406233,406233,background,test,FSD50K,3.308,hard_neg:alarm
406235,406235,background,test,FSD50K,10.427,hard_neg:alarm
406237,406237,background,test,FSD50K,9.718,bg:general
406240,406240,background,test,FSD50K,0.421,hard_neg:alarm
406244,406244,background,test,FSD50K,0.432,hard_neg:alarm
406849,406849,background,test,FSD50K,0.627,hard_neg:glass_ring
406915,406915,background,test,FSD50K,16.271,hard_neg:alarm
406995,406995,background,test,FSD50K,13.0,bg:general
407188,407188,background,test,FSD50K,4.0,hard_neg:glass_dishes
407357,407357,background,test,FSD50K,6.571,bg:general
407360,407360,background,test,FSD50K,6.27,bg:general
407509,407509,background,test,FSD50K,16.0,bg:general
407565,407565,background,test,FSD50K,9.75,hard_neg:glass_dishes
407587,407587,background,test,FSD50K,21.649,hard_neg:baby_cry
407604,407604,background,test,FSD50K,29.42,bg:general
407668,407668,background,test,FSD50K,6.5,bg:general
407691,407691,background,test,FSD50K,9.924,bg:general
407703,407703,background,test,FSD50K,18.123,bg:general
408284,408284,background,test,FSD50K,26.0,bg:general
408380,408380,background,test,FSD50K,14.285,bg:general
408417,408417,background,test,FSD50K,21.632,hard_neg:alarm
40847,40847,background,test,FSD50K,11.177,bg:general
408621,408621,background,test,FSD50K,4.78,hard_neg:baby_cry
408627,408627,background,test,FSD50K,1.687,bg:general
408708,408708,background,test,FSD50K,26.51,hard_neg:glass_ring
408709,408709,background,test,FSD50K,21.99,hard_neg:alarm
408722,408722,background,test,FSD50K,19.5,hard_neg:alarm
408740,408740,background,test,FSD50K,18.0,hard_neg:baby_cry
408863,408863,background,test,FSD50K,9.94,bg:general
409038,409038,background,test,FSD50K,9.935,hard_neg:alarm
409150,409150,background,test,FSD50K,1.684,bg:general
409151,409151,background,test,FSD50K,3.725,bg:general
409230,409230,background,test,FSD50K,12.492,hard_neg:alarm
409254,409254,background,test,FSD50K,4.18,bg:general
409825,409825,background,test,FSD50K,5.5,hard_neg:glass_dishes
410384,410384,background,test,FSD50K,3.345,hard_neg:alarm
410868,410868,background,test,FSD50K,3.563,hard_neg:scream_crowd
411014,411014,background,test,FSD50K,3.629,hard_neg:alarm
411030,411030,background,test,FSD50K,6.067,hard_neg:alarm
411451,411451,background,test,FSD50K,27.638,hard_neg:alarm
411467,411467,background,test,FSD50K,25.806,bg:general
412130,412130,background,test,FSD50K,6.0,bg:general
412136,412136,background,test,FSD50K,6.0,bg:general
412162,412162,background,test,FSD50K,20.02,hard_neg:scream_crowd
412557,412557,background,test,FSD50K,13.845,bg:general
412751,412751,background,test,FSD50K,7.912,bg:general
413036,413036,background,test,FSD50K,3.947,bg:general
413155,413155,background,test,FSD50K,22.49,bg:general
41339,41339,background,test,FSD50K,6.0,bg:general
413657,413657,background,test,FSD50K,4.443,hard_neg:alarm
413691,413691,background,test,FSD50K,1.907,hard_neg:alarm
414023,414023,background,test,FSD50K,4.446,bg:general
414063,414063,background,test,FSD50K,10.16,hard_neg:alarm
414292,414292,background,test,FSD50K,19.019,hard_neg:scream_crowd
414297,414297,background,test,FSD50K,26.91,hard_neg:glass_dishes
414398,414398,background,test,FSD50K,22.32,bg:general
41461,41461,background,test,FSD50K,7.695,hard_neg:glass_dishes
414985,414985,background,test,FSD50K,12.337,hard_neg:scream_crowd
415155,415155,background,test,FSD50K,20.889,bg:general
415230,415230,background,test,FSD50K,9.696,bg:general
415296,415296,background,test,FSD50K,5.695,bg:general
415298,415298,background,test,FSD50K,3.579,hard_neg:alarm
41531,41531,background,test,FSD50K,1.293,bg:general
415763,415763,background,test,FSD50K,2.671,hard_neg:alarm
416197,416197,background,test,FSD50K,27.0,bg:general
417076,417076,background,test,FSD50K,6.326,hard_neg:alarm
417515,417515,background,test,FSD50K,1.851,bg:general
417554,417554,background,test,FSD50K,6.09,hard_neg:scream_crowd
417608,417608,background,test,FSD50K,20.623,hard_neg:alarm
417817,417817,background,test,FSD50K,1.025,bg:general
417823,417823,background,test,FSD50K,1.296,bg:general
417826,417826,background,test,FSD50K,1.163,bg:general
417998,417998,background,test,FSD50K,15.104,hard_neg:glass_dishes
418111,418111,background,test,FSD50K,16.08,bg:general
418377,418377,background,test,FSD50K,2.102,bg:general
418422,418422,background,test,FSD50K,6.097,bg:general
41862,41862,background,test,FSD50K,5.0,bg:general
418783,418783,background,test,FSD50K,15.543,bg:general
419086,419086,background,test,FSD50K,3.24,hard_neg:alarm
419268,419268,background,test,FSD50K,9.985,bg:general
419271,419271,background,test,FSD50K,10.031,bg:general
419421,419421,background,test,FSD50K,13.422,hard_neg:baby_cry
419491,419491,background,test,FSD50K,2.667,hard_neg:alarm
419550,419550,background,test,FSD50K,2.134,bg:general
420830,420830,background,test,FSD50K,11.736,hard_neg:alarm
420887,420887,background,test,FSD50K,13.0,bg:general
421712,421712,background,test,FSD50K,1.125,bg:general
421848,421848,background,test,FSD50K,24.245,bg:general
42206,42206,background,test,FSD50K,5.664,hard_neg:alarm
422147,422147,background,test,FSD50K,7.134,bg:general
422152,422152,background,test,FSD50K,10.254,bg:general
422263,422263,background,test,FSD50K,12.07,hard_neg:glass_dishes
42262,42262,background,test,FSD50K,11.736,hard_neg:alarm
422623,422623,background,test,FSD50K,3.483,bg:general
423005,423005,background,test,FSD50K,9.881,hard_neg:glass_dishes
423103,423103,background,test,FSD50K,7.165,hard_neg:alarm
423104,423104,background,test,FSD50K,6.434,hard_neg:glass_dishes
423217,423217,background,test,FSD50K,1.006,hard_neg:alarm
423626,423626,background,test,FSD50K,8.75,hard_neg:alarm
423990,423990,background,test,FSD50K,0.7,hard_neg:alarm
424295,424295,background,test,FSD50K,25.332,hard_neg:alarm
424461,424461,background,test,FSD50K,27.538,hard_neg:glass_dishes
424463,424463,background,test,FSD50K,1.838,bg:general
424601,424601,background,test,FSD50K,13.14,hard_neg:alarm
424736,424736,background,test,FSD50K,20.922,bg:general
424872,424872,background,test,FSD50K,20.595,bg:general
424902,424902,background,test,FSD50K,5.906,bg:general
424946,424946,background,test,FSD50K,20.712,hard_neg:alarm
425208,425208,background,test,FSD50K,1.531,bg:general
425443,425443,background,test,FSD50K,2.466,bg:general
425451,425451,background,test,FSD50K,5.321,bg:general
425776,425776,background,test,FSD50K,18.089,hard_neg:baby_cry
426594,426594,background,test,FSD50K,0.367,hard_neg:alarm
426596,426596,background,test,FSD50K,1.9,hard_neg:glass_dishes
426765,426765,background,test,FSD50K,1.256,bg:general
426787,426787,background,test,FSD50K,5.206,bg:general
426853,426853,background,test,FSD50K,2.38,bg:general
426921,426921,background,test,FSD50K,22.525,bg:general
427123,427123,background,test,FSD50K,3.45,bg:general
427182,427182,background,test,FSD50K,2.672,bg:general
427414,427414,background,test,FSD50K,9.679,bg:general
428103,428103,background,test,FSD50K,18.972,bg:general
42862,42862,background,test,FSD50K,3.007,bg:general
429028,429028,background,test,FSD50K,1.124,hard_neg:glass_dishes
429149,429149,background,test,FSD50K,10.113,hard_neg:scream_crowd
429397,429397,background,test,FSD50K,10.286,bg:general
429494,429494,background,test,FSD50K,5.709,hard_neg:glass_dishes
429539,429539,background,test,FSD50K,3.967,bg:general
429967,429967,background,test,FSD50K,23.131,bg:general
429994,429994,background,test,FSD50K,5.0,bg:general
430046,430046,background,test,FSD50K,15.954,hard_neg:scream_crowd
430842,430842,background,test,FSD50K,9.2,hard_neg:alarm
430983,430983,background,test,FSD50K,15.453,hard_neg:alarm
431320,431320,background,test,FSD50K,4.946,hard_neg:alarm
431330,431330,background,test,FSD50K,27.0,bg:general
431396,431396,background,test,FSD50K,5.902,hard_neg:alarm
432637,432637,background,test,FSD50K,11.938,bg:general
432641,432641,background,test,FSD50K,2.926,hard_neg:alarm
433539,433539,background,test,FSD50K,13.36,hard_neg:glass_dishes
433600,433600,background,test,FSD50K,3.125,bg:general
434085,434085,background,test,FSD50K,2.95,hard_neg:alarm
434155,434155,background,test,FSD50K,17.187,bg:general
43789,43789,background,test,FSD50K,1.537,bg:general
44597,44597,background,test,FSD50K,1.101,bg:general
44599,44599,background,test,FSD50K,1.16,bg:general
44732,44732,background,test,FSD50K,8.007,bg:general
44791,44791,background,test,FSD50K,27.068,hard_neg:alarm
45907,45907,background,test,FSD50K,2.388,hard_neg:scream_crowd
45914,45914,background,test,FSD50K,0.64,hard_neg:scream_crowd
45915,45915,background,test,FSD50K,2.368,hard_neg:scream_crowd
47276,47276,background,test,FSD50K,5.527,hard_neg:alarm
48213,48213,background,test,FSD50K,9.265,bg:general
48229,48229,background,test,FSD50K,0.727,hard_neg:glass_dishes
48235,48235,background,test,FSD50K,0.521,hard_neg:glass_dishes
49310,49310,background,test,FSD50K,13.715,hard_neg:alarm
49481,49481,background,test,FSD50K,28.329,bg:general
49482,49482,background,test,FSD50K,16.951,bg:general
49777,49777,background,test,FSD50K,9.822,hard_neg:scream_crowd
49781,49781,background,test,FSD50K,1.44,hard_neg:scream_crowd
50243,50243,background,test,FSD50K,1.035,bg:general
50275,50275,background,test,FSD50K,1.092,bg:general
50291,50291,background,test,FSD50K,7.408,bg:general
50307,50307,background,test,FSD50K,1.274,bg:general
50335,50335,background,test,FSD50K,14.88,bg:general
50665,50665,background,test,FSD50K,3.135,hard_neg:baby_cry
50666,50666,background,test,FSD50K,4.737,hard_neg:baby_cry
51405,51405,background,test,FSD50K,26.367,bg:general
51668,51668,background,test,FSD50K,7.332,bg:general
52053,52053,background,test,FSD50K,14.255,hard_neg:alarm
52223,52223,background,test,FSD50K,14.165,bg:general
52287,52287,background,test,FSD50K,10.399,hard_neg:alarm
52303,52303,background,test,FSD50K,28.816,bg:general
52322,52322,background,test,FSD50K,5.004,hard_neg:scream_crowd
52347,52347,background,test,FSD50K,6.693,bg:general
53268,53268,background,test,FSD50K,1.127,hard_neg:alarm
53447,53447,background,test,FSD50K,12.8,hard_neg:alarm
54047,54047,background,test,FSD50K,1.92,hard_neg:alarm
54086,54086,background,test,FSD50K,4.598,hard_neg:alarm
54187,54187,background,test,FSD50K,14.507,hard_neg:alarm
54277,54277,background,test,FSD50K,20.492,hard_neg:alarm
556,556,background,test,FSD50K,2.505,bg:general
55830,55830,background,test,FSD50K,1.814,bg:general
55851,55851,background,test,FSD50K,1.063,bg:general
56369,56369,background,test,FSD50K,12.0,bg:general
56393,56393,background,test,FSD50K,2.383,bg:general
5647,5647,background,test,FSD50K,2.638,bg:general
5649,5649,background,test,FSD50K,2.791,bg:general
56538,56538,background,test,FSD50K,23.331,bg:general
56579,56579,background,test,FSD50K,6.539,hard_neg:scream_crowd
57587,57587,background,test,FSD50K,5.828,hard_neg:scream_crowd
57695,57695,background,test,FSD50K,2.531,hard_neg:alarm
57703,57703,background,test,FSD50K,3.884,bg:general
57771,57771,background,test,FSD50K,4.917,hard_neg:alarm
57806,57806,background,test,FSD50K,2.485,hard_neg:alarm
57809,57809,background,test,FSD50K,1.001,hard_neg:alarm
57907,57907,background,test,FSD50K,12.578,bg:general
58202,58202,background,test,FSD50K,2.108,hard_neg:alarm
58325,58325,background,test,FSD50K,5.617,hard_neg:alarm
58393,58393,background,test,FSD50K,14.202,bg:general
58550,58550,background,test,FSD50K,10.867,hard_neg:alarm
58665,58665,background,test,FSD50K,1.228,bg:general
59231,59231,background,test,FSD50K,1.116,bg:general
59301,59301,background,test,FSD50K,0.414,hard_neg:glass_dishes
59453,59453,background,test,FSD50K,2.32,hard_neg:baby_cry
59454,59454,background,test,FSD50K,1.646,hard_neg:baby_cry
59455,59455,background,test,FSD50K,3.269,hard_neg:baby_cry
59457,59457,background,test,FSD50K,4.436,hard_neg:baby_cry
59578,59578,background,test,FSD50K,23.275,hard_neg:baby_cry
59579,59579,background,test,FSD50K,24.033,hard_neg:baby_cry
59587,59587,background,test,FSD50K,21.081,hard_neg:alarm
59658,59658,background,test,FSD50K,2.038,bg:general
59669,59669,background,test,FSD50K,20.742,bg:general
59677,59677,background,test,FSD50K,17.555,bg:general
59738,59738,background,test,FSD50K,10.058,hard_neg:alarm
59973,59973,background,test,FSD50K,2.171,bg:general
60163,60163,background,test,FSD50K,27.403,hard_neg:alarm
60755,60755,background,test,FSD50K,29.388,hard_neg:alarm
60906,60906,background,test,FSD50K,1.92,bg:general
62025,62025,background,test,FSD50K,13.843,hard_neg:scream_crowd
62478,62478,background,test,FSD50K,16.251,bg:general
62628,62628,background,test,FSD50K,4.861,bg:general
62951,62951,background,test,FSD50K,5.715,bg:general
64073,64073,background,test,FSD50K,7.08,hard_neg:alarm
64085,64085,background,test,FSD50K,1.872,hard_neg:alarm
64091,64091,background,test,FSD50K,4.293,hard_neg:alarm
64457,64457,background,test,FSD50K,14.835,hard_neg:glass_dishes
64498,64498,background,test,FSD50K,11.334,bg:general
64547,64547,background,test,FSD50K,9.96,bg:general
64554,64554,background,test,FSD50K,10.2,bg:general
64617,64617,background,test,FSD50K,18.0,bg:general
64620,64620,background,test,FSD50K,4.8,bg:general
65492,65492,background,test,FSD50K,5.31,bg:general
65867,65867,background,test,FSD50K,4.384,bg:general
65869,65869,background,test,FSD50K,5.648,bg:general
65872,65872,background,test,FSD50K,4.576,bg:general
66583,66583,background,test,FSD50K,24.0,bg:general
67273,67273,background,test,FSD50K,28.607,hard_neg:glass_dishes
67317,67317,background,test,FSD50K,4.516,bg:general
68060,68060,background,test,FSD50K,3.135,hard_neg:alarm
68272,68272,background,test,FSD50K,29.631,hard_neg:alarm
68433,68433,background,test,FSD50K,3.387,bg:general
68971,68971,background,test,FSD50K,11.64,bg:general
68999,68999,background,test,FSD50K,5.078,hard_neg:alarm
69007,69007,background,test,FSD50K,22.0,bg:general
69155,69155,background,test,FSD50K,1.952,hard_neg:baby_cry
69384,69384,background,test,FSD50K,5.002,hard_neg:alarm
69385,69385,background,test,FSD50K,10.002,hard_neg:alarm
69386,69386,background,test,FSD50K,5.033,hard_neg:alarm
69736,69736,background,test,FSD50K,9.805,bg:general
69841,69841,background,test,FSD50K,2.0,bg:general
69844,69844,background,test,FSD50K,2.0,bg:general
69852,69852,background,test,FSD50K,2.0,bg:general
70733,70733,background,test,FSD50K,4.025,bg:general
71104,71104,background,test,FSD50K,4.156,hard_neg:alarm
71212,71212,background,test,FSD50K,2.364,bg:general
71220,71220,background,test,FSD50K,9.899,bg:general
71222,71222,background,test,FSD50K,8.615,hard_neg:alarm
71523,71523,background,test,FSD50K,21.529,bg:general
72240,72240,background,test,FSD50K,3.761,hard_neg:alarm
72558,72558,background,test,FSD50K,5.0,hard_neg:alarm
72571,72571,background,test,FSD50K,5.272,bg:general
72836,72836,background,test,FSD50K,6.582,hard_neg:scream_crowd
72837,72837,background,test,FSD50K,5.99,hard_neg:scream_crowd
72838,72838,background,test,FSD50K,7.535,hard_neg:scream_crowd
72840,72840,background,test,FSD50K,8.638,hard_neg:scream_crowd
72844,72844,background,test,FSD50K,9.904,hard_neg:scream_crowd
72846,72846,background,test,FSD50K,8.174,hard_neg:scream_crowd
73144,73144,background,test,FSD50K,5.376,bg:general
73257,73257,background,test,FSD50K,20.062,bg:general
73589,73589,background,test,FSD50K,3.862,bg:general
73750,73750,background,test,FSD50K,3.862,bg:general
74200,74200,background,test,FSD50K,2.667,bg:general
74501,74501,background,test,FSD50K,8.112,hard_neg:alarm
74794,74794,background,test,FSD50K,1.183,bg:general
75091,75091,background,test,FSD50K,19.379,bg:general
75104,75104,background,test,FSD50K,12.546,hard_neg:alarm
75188,75188,background,test,FSD50K,9.437,bg:general
75195,75195,background,test,FSD50K,1.926,bg:general
75242,75242,background,test,FSD50K,6.453,bg:general
75337,75337,background,test,FSD50K,9.956,bg:general
75403,75403,background,test,FSD50K,12.078,bg:general
76325,76325,background,test,FSD50K,17.305,hard_neg:alarm
76828,76828,background,test,FSD50K,14.416,hard_neg:alarm
76888,76888,background,test,FSD50K,18.762,bg:general
77026,77026,background,test,FSD50K,6.094,bg:general
77119,77119,background,test,FSD50K,1.188,bg:general
77133,77133,background,test,FSD50K,3.844,hard_neg:alarm
77527,77527,background,test,FSD50K,6.105,bg:general
77617,77617,background,test,FSD50K,7.53,bg:general
77763,77763,background,test,FSD50K,9.642,bg:general
78201,78201,background,test,FSD50K,16.233,bg:general
78217,78217,background,test,FSD50K,3.008,bg:general
78237,78237,background,test,FSD50K,22.763,bg:general
78417,78417,background,test,FSD50K,3.994,hard_neg:scream_crowd
78436,78436,background,test,FSD50K,16.997,bg:general
78562,78562,background,test,FSD50K,26.436,hard_neg:alarm
78957,78957,background,test,FSD50K,14.509,hard_neg:alarm
78958,78958,background,test,FSD50K,11.07,hard_neg:alarm
78962,78962,background,test,FSD50K,27.295,bg:general
79356,79356,background,test,FSD50K,5.538,hard_neg:alarm
79598,79598,background,test,FSD50K,14.905,hard_neg:baby_cry
79599,79599,background,test,FSD50K,6.165,hard_neg:glass_dishes
81061,81061,background,test,FSD50K,5.878,hard_neg:alarm
81062,81062,background,test,FSD50K,16.249,hard_neg:alarm
81063,81063,background,test,FSD50K,27.951,hard_neg:alarm
81065,81065,background,test,FSD50K,25.444,hard_neg:alarm
81085,81085,background,test,FSD50K,1.0,hard_neg:alarm
81086,81086,background,test,FSD50K,2.0,hard_neg:alarm
81121,81121,background,test,FSD50K,22.476,hard_neg:glass_dishes
81163,81163,background,test,FSD50K,4.299,hard_neg:alarm
81166,81166,background,test,FSD50K,3.273,hard_neg:alarm
81179,81179,background,test,FSD50K,9.718,hard_neg:alarm
81875,81875,background,test,FSD50K,1.772,hard_neg:alarm
82174,82174,background,test,FSD50K,7.994,bg:general
82227,82227,background,test,FSD50K,3.199,hard_neg:alarm
82228,82228,background,test,FSD50K,3.199,hard_neg:alarm
82322,82322,background,test,FSD50K,24.67,bg:general
82490,82490,background,test,FSD50K,12.656,bg:general
83465,83465,background,test,FSD50K,4.512,hard_neg:alarm
83738,83738,background,test,FSD50K,1.394,bg:general
83907,83907,background,test,FSD50K,1.004,bg:general
84387,84387,background,test,FSD50K,12.8,hard_neg:scream_crowd
84389,84389,background,test,FSD50K,10.157,bg:general
84749,84749,background,test,FSD50K,4.501,bg:general
84764,84764,background,test,FSD50K,11.943,bg:general
84930,84930,background,test,FSD50K,16.309,hard_neg:alarm
85088,85088,background,test,FSD50K,25.13,hard_neg:alarm
85300,85300,background,test,FSD50K,13.976,hard_neg:alarm
85439,85439,background,test,FSD50K,3.967,hard_neg:alarm
85454,85454,background,test,FSD50K,11.767,bg:general
85458,85458,background,test,FSD50K,25.9,bg:general
85681,85681,background,test,FSD50K,2.52,bg:general
85704,85704,background,test,FSD50K,0.96,hard_neg:glass_dishes
86040,86040,background,test,FSD50K,9.66,hard_neg:alarm
86047,86047,background,test,FSD50K,3.003,hard_neg:glass_ring
86343,86343,background,test,FSD50K,7.537,bg:general
86756,86756,background,test,FSD50K,19.61,bg:general
87133,87133,background,test,FSD50K,13.014,bg:general
87275,87275,background,test,FSD50K,6.404,hard_neg:alarm
87433,87433,background,test,FSD50K,0.5,hard_neg:glass_dishes
87717,87717,background,test,FSD50K,1.495,bg:general
88408,88408,background,test,FSD50K,25.387,bg:general
88445,88445,background,test,FSD50K,14.603,hard_neg:alarm
88475,88475,background,test,FSD50K,2.155,bg:general
88528,88528,background,test,FSD50K,5.305,hard_neg:alarm
88787,88787,background,test,FSD50K,15.662,hard_neg:alarm
89287,89287,background,test,FSD50K,8.527,bg:general
89404,89404,background,test,FSD50K,2.0,bg:general
89494,89494,background,test,FSD50K,5.334,bg:general
89946,89946,background,test,FSD50K,2.952,hard_neg:alarm
90649,90649,background,test,FSD50K,17.648,hard_neg:alarm
90791,90791,background,test,FSD50K,8.59,bg:general
90795,90795,background,test,FSD50K,6.315,bg:general
91352,91352,background,test,FSD50K,1.5,bg:general
91366,91366,background,test,FSD50K,1.25,hard_neg:alarm
91557,91557,background,test,FSD50K,24.955,hard_neg:alarm
9248,9248,background,test,FSD50K,2.251,bg:general
9320,9320,background,test,FSD50K,8.19,bg:general
93309,93309,background,test,FSD50K,17.808,bg:general
94033,94033,background,test,FSD50K,4.102,bg:general
94194,94194,background,test,FSD50K,5.466,hard_neg:alarm
94285,94285,background,test,FSD50K,15.886,bg:general
94641,94641,background,test,FSD50K,8.174,hard_neg:glass_dishes
94643,94643,background,test,FSD50K,28.793,bg:general
94669,94669,background,test,FSD50K,1.024,bg:general
94673,94673,background,test,FSD50K,2.166,bg:general
94714,94714,background,test,FSD50K,13.824,bg:general
94756,94756,background,test,FSD50K,24.408,bg:general
94774,94774,background,test,FSD50K,15.372,bg:general
94868,94868,background,test,FSD50K,3.944,hard_neg:alarm
94932,94932,background,test,FSD50K,1.504,bg:general
95087,95087,background,test,FSD50K,16.689,bg:general
95517,95517,background,test,FSD50K,4.974,bg:general
96030,96030,background,test,FSD50K,8.0,hard_neg:glass_dishes
96503,96503,background,test,FSD50K,16.239,hard_neg:alarm
96833,96833,background,test,FSD50K,1.218,hard_neg:glass_dishes
96927,96927,background,test,FSD50K,3.34,hard_neg:glass_dishes
96937,96937,background,test,FSD50K,28.384,bg:general
97605,97605,background,test,FSD50K,29.132,bg:general
97769,97769,background,test,FSD50K,17.653,bg:general
98023,98023,background,test,FSD50K,9.099,hard_neg:alarm
98063,98063,background,test,FSD50K,28.434,bg:general
98208,98208,background,test,FSD50K,16.867,bg:general
98948,98948,background,test,FSD50K,12.591,hard_neg:alarm
9922,9922,background,test,FSD50K,11.703,hard_neg:alarm
9923,9923,background,test,FSD50K,27.2,hard_neg:alarm
99565,99565,background,test,FSD50K,21.191,hard_neg:alarm
996,996,background,test,FSD50K,13.269,bg:general
99633,99633,background,test,FSD50K,5.043,hard_neg:scream_crowd
99634,99634,background,test,FSD50K,3.703,hard_neg:scream_crowd
99907,99907,background,test,FSD50K,2.0,bg:general
99977,99977,background,test,FSD50K,1.7,bg:general
100011,100011,background,train,FSD50K,8.248,bg:general
100017,100017,background,train,FSD50K,9.423,bg:general
100018,100018,background,train,FSD50K,18.171,bg:general
100021,100021,background,train,FSD50K,1.564,hard_neg:glass_dishes
100041,100041,background,train,FSD50K,28.65,bg:general
100150,100150,background,train,FSD50K,6.871,bg:general
100357,100357,background,train,FSD50K,12.748,hard_neg:alarm
100364,100364,background,train,FSD50K,13.981,bg:general
100459,100459,background,train,FSD50K,27.323,hard_neg:alarm
100460,100460,background,train,FSD50K,24.006,hard_neg:alarm
100461,100461,background,train,FSD50K,24.006,hard_neg:alarm
100462,100462,background,train,FSD50K,24.006,hard_neg:alarm
100634,100634,background,train,FSD50K,2.43,hard_neg:alarm
100733,100733,background,train,FSD50K,2.104,hard_neg:glass_ring
100738,100738,background,train,FSD50K,0.37,hard_neg:glass_ring
100767,100767,background,train,FSD50K,1.178,bg:general
100886,100886,background,train,FSD50K,6.362,bg:general
100916,100916,background,train,FSD50K,1.315,bg:general
101141,101141,background,train,FSD50K,3.157,bg:general
101149,101149,background,train,FSD50K,3.485,bg:general
101150,101150,background,train,FSD50K,1.094,bg:general
101155,101155,background,train,FSD50K,2.657,bg:general
101157,101157,background,train,FSD50K,1.813,bg:general
101159,101159,background,train,FSD50K,2.032,bg:general
101163,101163,background,train,FSD50K,3.625,bg:general
101175,101175,background,train,FSD50K,1.704,bg:general
101309,101309,background,train,FSD50K,8.961,hard_neg:scream_crowd
101310,101310,background,train,FSD50K,3.893,hard_neg:scream_crowd
101311,101311,background,train,FSD50K,7.731,hard_neg:scream_crowd
101312,101312,background,train,FSD50K,2.798,hard_neg:scream_crowd
101313,101313,background,train,FSD50K,5.4,hard_neg:scream_crowd
101314,101314,background,train,FSD50K,3.738,hard_neg:scream_crowd
101315,101315,background,train,FSD50K,2.033,hard_neg:scream_crowd
101318,101318,background,train,FSD50K,13.864,hard_neg:scream_crowd
101336,101336,background,train,FSD50K,2.924,bg:general
101900,101900,background,train,FSD50K,7.385,bg:general
101901,101901,background,train,FSD50K,7.385,bg:general
101910,101910,background,train,FSD50K,3.693,bg:general
102187,102187,background,train,FSD50K,5.446,bg:general
102431,102431,background,train,FSD50K,26.226,hard_neg:baby_cry
102434,102434,background,train,FSD50K,2.604,hard_neg:alarm
102435,102435,background,train,FSD50K,3.145,hard_neg:alarm
102623,102623,background,train,FSD50K,1.465,hard_neg:alarm
102697,102697,background,train,FSD50K,14.536,bg:general
102707,102707,background,train,FSD50K,19.279,bg:general
103047,103047,background,train,FSD50K,2.731,bg:general
103185,103185,background,train,FSD50K,21.395,bg:general
103335,103335,background,train,FSD50K,8.931,hard_neg:alarm
103347,103347,background,train,FSD50K,15.019,bg:general
103391,103391,background,train,FSD50K,18.155,hard_neg:alarm
10340,10340,background,train,FSD50K,2.773,bg:general
103423,103423,background,train,FSD50K,1.916,bg:general
10344,10344,background,train,FSD50K,6.945,bg:general
10350,10350,background,train,FSD50K,14.184,bg:general
103628,103628,background,train,FSD50K,1.508,bg:general
10381,10381,background,train,FSD50K,6.929,bg:general
104074,104074,background,train,FSD50K,24.782,bg:general
104177,104177,background,train,FSD50K,8.814,bg:general
104367,104367,background,train,FSD50K,7.0,bg:general
104368,104368,background,train,FSD50K,5.0,bg:general
10439,10439,background,train,FSD50K,3.349,bg:general
104422,104422,background,train,FSD50K,28.578,bg:general
10446,10446,background,train,FSD50K,4.257,bg:general
104475,104475,background,train,FSD50K,9.979,hard_neg:alarm
104476,104476,background,train,FSD50K,10.11,hard_neg:alarm
104526,104526,background,train,FSD50K,2.0,bg:general
104527,104527,background,train,FSD50K,1.427,bg:general
10457,10457,background,train,FSD50K,2.58,bg:general
104670,104670,background,train,FSD50K,23.984,hard_neg:glass_dishes
104720,104720,background,train,FSD50K,2.92,bg:general
104797,104797,background,train,FSD50K,5.582,bg:general
104815,104815,background,train,FSD50K,1.08,hard_neg:glass_dishes
104932,104932,background,train,FSD50K,2.342,bg:general
105076,105076,background,train,FSD50K,1.142,bg:general
105078,105078,background,train,FSD50K,1.974,bg:general
105081,105081,background,train,FSD50K,1.904,bg:general
10522,10522,background,train,FSD50K,6.013,bg:general
105299,105299,background,train,FSD50K,1.504,bg:general
105333,105333,background,train,FSD50K,2.134,bg:general
10546,10546,background,train,FSD50K,5.187,bg:general
106014,106014,background,train,FSD50K,17.646,bg:general
106067,106067,background,train,FSD50K,24.843,bg:general
106135,106135,background,train,FSD50K,9.203,bg:general
106388,106388,background,train,FSD50K,4.674,bg:general
106730,106730,background,train,FSD50K,6.305,bg:general
106744,106744,background,train,FSD50K,3.736,hard_neg:alarm
106803,106803,background,train,FSD50K,3.435,hard_neg:alarm
106831,106831,background,train,FSD50K,8.719,hard_neg:alarm
107275,107275,background,train,FSD50K,4.0,bg:general
107351,107351,background,train,FSD50K,18.424,hard_neg:baby_cry
107465,107465,background,train,FSD50K,2.198,bg:general
107543,107543,background,train,FSD50K,2.694,bg:general
107591,107591,background,train,FSD50K,12.696,bg:general
107637,107637,background,train,FSD50K,1.919,bg:general
107640,107640,background,train,FSD50K,1.121,bg:general
108314,108314,background,train,FSD50K,2.227,bg:general
108408,108408,background,train,FSD50K,9.984,hard_neg:glass_dishes
108411,108411,background,train,FSD50K,29.952,bg:general
108431,108431,background,train,FSD50K,16.406,bg:general
108551,108551,background,train,FSD50K,2.04,bg:general
108685,108685,background,train,FSD50K,1.251,bg:general
108687,108687,background,train,FSD50K,1.276,bg:general
108766,108766,background,train,FSD50K,8.5,bg:general
108797,108797,background,train,FSD50K,19.227,hard_neg:alarm
108842,108842,background,train,FSD50K,10.431,bg:general
108849,108849,background,train,FSD50K,20.122,bg:general
109366,109366,background,train,FSD50K,2.253,bg:general
109482,109482,background,train,FSD50K,9.939,bg:general
109533,109533,background,train,FSD50K,21.882,bg:general
109534,109534,background,train,FSD50K,20.0,bg:general
109535,109535,background,train,FSD50K,18.477,bg:general
109553,109553,background,train,FSD50K,20.394,bg:general
109732,109732,background,train,FSD50K,9.188,bg:general
109733,109733,background,train,FSD50K,9.188,bg:general
109741,109741,background,train,FSD50K,4.594,bg:general
109754,109754,background,train,FSD50K,1.315,hard_neg:glass_ring
109845,109845,background,train,FSD50K,5.312,bg:general
109897,109897,background,train,FSD50K,1.03,bg:general
109934,109934,background,train,FSD50K,1.465,bg:general
109983,109983,background,train,FSD50K,7.595,bg:general
110133,110133,background,train,FSD50K,25.214,hard_neg:alarm
110165,110165,background,train,FSD50K,5.0,hard_neg:alarm
110323,110323,background,train,FSD50K,17.058,bg:general
110324,110324,background,train,FSD50K,13.539,bg:general
110329,110329,background,train,FSD50K,8.049,bg:general
110352,110352,background,train,FSD50K,7.052,bg:general
110400,110400,background,train,FSD50K,5.761,bg:general
110401,110401,background,train,FSD50K,7.069,bg:general
110403,110403,background,train,FSD50K,7.244,bg:general
110411,110411,background,train,FSD50K,5.753,bg:general
110412,110412,background,train,FSD50K,5.837,bg:general
110459,110459,background,train,FSD50K,20.202,hard_neg:glass_dishes
110570,110570,background,train,FSD50K,3.416,hard_neg:alarm
110601,110601,background,train,FSD50K,20.0,bg:general
110692,110692,background,train,FSD50K,11.953,hard_neg:alarm
110854,110854,background,train,FSD50K,23.225,bg:general
111014,111014,background,train,FSD50K,9.6,bg:general
111083,111083,background,train,FSD50K,20.45,bg:general
111093,111093,background,train,FSD50K,4.35,bg:general
111096,111096,background,train,FSD50K,10.65,bg:general
111115,111115,background,train,FSD50K,2.128,bg:general
111124,111124,background,train,FSD50K,16.5,bg:general
111138,111138,background,train,FSD50K,28.056,bg:general
111178,111178,background,train,FSD50K,28.698,bg:general
111645,111645,background,train,FSD50K,13.584,bg:general
111707,111707,background,train,FSD50K,2.256,hard_neg:alarm
111708,111708,background,train,FSD50K,10.577,bg:general
111905,111905,background,train,FSD50K,21.232,bg:general
111950,111950,background,train,FSD50K,6.592,bg:general
112211,112211,background,train,FSD50K,4.0,hard_neg:alarm
112257,112257,background,train,FSD50K,5.225,bg:general
112266,112266,background,train,FSD50K,19.279,bg:general
112332,112332,background,train,FSD50K,15.0,bg:general
112455,112455,background,train,FSD50K,24.78,hard_neg:alarm
112546,112546,background,train,FSD50K,3.84,hard_neg:glass_ring
112561,112561,background,train,FSD50K,15.516,bg:general
112802,112802,background,train,FSD50K,10.58,bg:general
113180,113180,background,train,FSD50K,9.667,bg:general
113183,113183,background,train,FSD50K,2.738,bg:general
113190,113190,background,train,FSD50K,1.067,bg:general
113209,113209,background,train,FSD50K,8.542,bg:general
113210,113210,background,train,FSD50K,3.917,bg:general
113212,113212,background,train,FSD50K,16.0,bg:general
113249,113249,background,train,FSD50K,1.621,bg:general
113319,113319,background,train,FSD50K,6.098,hard_neg:alarm
113329,113329,background,train,FSD50K,18.716,bg:general
113330,113330,background,train,FSD50K,16.905,bg:general
113338,113338,background,train,FSD50K,20.086,bg:general
113343,113343,background,train,FSD50K,26.052,bg:general
113364,113364,background,train,FSD50K,9.671,hard_neg:baby_cry
113513,113513,background,train,FSD50K,19.0,bg:general
113514,113514,background,train,FSD50K,17.334,bg:general
113664,113664,background,train,FSD50K,5.12,bg:general
113672,113672,background,train,FSD50K,5.12,bg:general
113674,113674,background,train,FSD50K,5.12,bg:general
113777,113777,background,train,FSD50K,14.0,hard_neg:glass_dishes
114048,114048,background,train,FSD50K,7.736,bg:general
114193,114193,background,train,FSD50K,0.362,hard_neg:glass_ring
114203,114203,background,train,FSD50K,1.077,hard_neg:glass_ring
114231,114231,background,train,FSD50K,2.219,bg:general
114242,114242,background,train,FSD50K,3.698,bg:general
114244,114244,background,train,FSD50K,4.767,bg:general
114246,114246,background,train,FSD50K,4.546,bg:general
114371,114371,background,train,FSD50K,3.437,hard_neg:glass_ring
114374,114374,background,train,FSD50K,3.971,hard_neg:glass_ring
114448,114448,background,train,FSD50K,1.0,bg:general
114721,114721,background,train,FSD50K,16.682,bg:general
11544,11544,background,train,FSD50K,16.982,bg:general
11578,11578,background,train,FSD50K,5.51,bg:general
11585,11585,background,train,FSD50K,4.891,hard_neg:glass_dishes
11588,11588,background,train,FSD50K,1.331,bg:general
11617,11617,background,train,FSD50K,18.443,bg:general
116349,116349,background,train,FSD50K,18.447,bg:general
116352,116352,background,train,FSD50K,17.667,bg:general
116353,116353,background,train,FSD50K,18.492,bg:general
116355,116355,background,train,FSD50K,10.071,bg:general
116358,116358,background,train,FSD50K,17.949,bg:general
116361,116361,background,train,FSD50K,15.027,bg:general
116362,116362,background,train,FSD50K,10.522,bg:general
116363,116363,background,train,FSD50K,8.307,bg:general
116370,116370,background,train,FSD50K,8.445,bg:general
116371,116371,background,train,FSD50K,8.573,bg:general
116374,116374,background,train,FSD50K,8.41,bg:general
116376,116376,background,train,FSD50K,8.68,bg:general
116378,116378,background,train,FSD50K,7.503,bg:general
116609,116609,background,train,FSD50K,18.836,bg:general
116757,116757,background,train,FSD50K,8.162,bg:general
116877,116877,background,train,FSD50K,4.707,bg:general
116888,116888,background,train,FSD50K,10.516,bg:general
116892,116892,background,train,FSD50K,6.546,bg:general
116923,116923,background,train,FSD50K,4.866,bg:general
116954,116954,background,train,FSD50K,6.062,bg:general
116971,116971,background,train,FSD50K,6.138,bg:general
117165,117165,background,train,FSD50K,4.367,hard_neg:alarm
117561,117561,background,train,FSD50K,8.412,hard_neg:alarm
117562,117562,background,train,FSD50K,8.412,hard_neg:alarm
117563,117563,background,train,FSD50K,8.412,hard_neg:alarm
117564,117564,background,train,FSD50K,8.412,hard_neg:alarm
117565,117565,background,train,FSD50K,8.412,hard_neg:alarm
117566,117566,background,train,FSD50K,8.412,hard_neg:alarm
117567,117567,background,train,FSD50K,8.412,hard_neg:alarm
117568,117568,background,train,FSD50K,8.412,hard_neg:alarm
117569,117569,background,train,FSD50K,8.412,hard_neg:alarm
117570,117570,background,train,FSD50K,8.412,hard_neg:alarm
117571,117571,background,train,FSD50K,8.412,hard_neg:alarm
117572,117572,background,train,FSD50K,8.412,hard_neg:alarm
117765,117765,background,train,FSD50K,9.838,bg:general
117793,117793,background,train,FSD50K,7.34,hard_neg:alarm
117848,117848,background,train,FSD50K,8.574,hard_neg:alarm
117922,117922,background,train,FSD50K,1.019,hard_neg:alarm
118053,118053,background,train,FSD50K,7.97,bg:general
118054,118054,background,train,FSD50K,12.0,bg:general
118059,118059,background,train,FSD50K,11.0,bg:general
118199,118199,background,train,FSD50K,18.319,hard_neg:glass_dishes
118210,118210,background,train,FSD50K,23.524,bg:general
118391,118391,background,train,FSD50K,19.644,hard_neg:alarm
118478,118478,background,train,FSD50K,3.12,bg:general
118520,118520,background,train,FSD50K,12.503,hard_neg:glass_dishes
118721,118721,background,train,FSD50K,3.0,bg:general
118978,118978,background,train,FSD50K,22.674,bg:general
119133,119133,background,train,FSD50K,2.002,hard_neg:glass_dishes
119135,119135,background,train,FSD50K,7.224,bg:general
119161,119161,background,train,FSD50K,23.975,bg:general
119764,119764,background,train,FSD50K,9.387,bg:general
119902,119902,background,train,FSD50K,7.441,bg:general
119917,119917,background,train,FSD50K,7.575,hard_neg:glass_ring
119939,119939,background,train,FSD50K,7.241,bg:general
119941,119941,background,train,FSD50K,4.668,bg:general
119947,119947,background,train,FSD50K,18.786,bg:general
119948,119948,background,train,FSD50K,21.58,bg:general
119949,119949,background,train,FSD50K,18.831,bg:general
119951,119951,background,train,FSD50K,16.339,bg:general
120527,120527,background,train,FSD50K,4.168,hard_neg:glass_dishes
120528,120528,background,train,FSD50K,6.757,hard_neg:glass_dishes
120550,120550,background,train,FSD50K,6.374,bg:general
120552,120552,background,train,FSD50K,12.112,bg:general
120879,120879,background,train,FSD50K,11.819,bg:general
120954,120954,background,train,FSD50K,4.288,bg:general
120955,120955,background,train,FSD50K,3.229,bg:general
121306,121306,background,train,FSD50K,3.221,hard_neg:alarm
121351,121351,background,train,FSD50K,57.572,bg:general
121363,121363,background,train,FSD50K,13.21,bg:general
121364,121364,background,train,FSD50K,19.364,bg:general
121366,121366,background,train,FSD50K,6.268,hard_neg:glass_ring
121572,121572,background,train,FSD50K,17.786,bg:general
121615,121615,background,train,FSD50K,3.83,bg:general
121652,121652,background,train,FSD50K,2.81,bg:general
121730,121730,background,train,FSD50K,1.366,bg:general
121739,121739,background,train,FSD50K,6.861,bg:general
121750,121750,background,train,FSD50K,0.77,hard_neg:alarm
121754,121754,background,train,FSD50K,0.922,hard_neg:alarm
121756,121756,background,train,FSD50K,1.087,hard_neg:alarm
121758,121758,background,train,FSD50K,1.477,hard_neg:alarm
121759,121759,background,train,FSD50K,2.294,hard_neg:alarm
121904,121904,background,train,FSD50K,25.48,hard_neg:alarm
121908,121908,background,train,FSD50K,5.392,hard_neg:alarm
121940,121940,background,train,FSD50K,18.437,bg:general
121973,121973,background,train,FSD50K,2.74,bg:general
121974,121974,background,train,FSD50K,1.802,bg:general
122261,122261,background,train,FSD50K,3.204,bg:general
122266,122266,background,train,FSD50K,0.594,hard_neg:alarm
122267,122267,background,train,FSD50K,0.636,hard_neg:alarm
122272,122272,background,train,FSD50K,0.45,hard_neg:alarm
122274,122274,background,train,FSD50K,0.433,hard_neg:alarm
122275,122275,background,train,FSD50K,0.345,hard_neg:alarm
122277,122277,background,train,FSD50K,1.0,hard_neg:alarm
122740,122740,background,train,FSD50K,2.019,hard_neg:alarm
122989,122989,background,train,FSD50K,0.347,hard_neg:alarm
122990,122990,background,train,FSD50K,0.6,hard_neg:alarm
123008,123008,background,train,FSD50K,14.152,hard_neg:glass_dishes
123014,123014,background,train,FSD50K,7.153,bg:general
123350,123350,background,train,FSD50K,3.704,hard_neg:alarm
123774,123774,background,train,FSD50K,8.0,bg:general
123929,123929,background,train,FSD50K,7.244,bg:general
123936,123936,background,train,FSD50K,11.5,bg:general
123955,123955,background,train,FSD50K,8.203,bg:general
123961,123961,background,train,FSD50K,19.456,bg:general
123969,123969,background,train,FSD50K,6.834,bg:general
123987,123987,background,train,FSD50K,8.338,bg:general
124184,124184,background,train,FSD50K,1.012,bg:general
124194,124194,background,train,FSD50K,1.139,bg:general
124663,124663,background,train,FSD50K,11.4,bg:general
124734,124734,background,train,FSD50K,8.061,hard_neg:alarm
124812,124812,background,train,FSD50K,4.0,bg:general
125102,125102,background,train,FSD50K,0.911,hard_neg:alarm
125287,125287,background,train,FSD50K,1.614,bg:general
125288,125288,background,train,FSD50K,1.15,bg:general
125290,125290,background,train,FSD50K,1.161,bg:general
125320,125320,background,train,FSD50K,3.871,bg:general
125335,125335,background,train,FSD50K,10.444,bg:general
125408,125408,background,train,FSD50K,9.702,bg:general
125420,125420,background,train,FSD50K,9.743,hard_neg:alarm
125520,125520,background,train,FSD50K,8.131,hard_neg:alarm
125596,125596,background,train,FSD50K,1.517,bg:general
125967,125967,background,train,FSD50K,12.627,hard_neg:alarm
12646,12646,background,train,FSD50K,24.0,bg:general
126504,126504,background,train,FSD50K,27.48,hard_neg:alarm
126519,126519,background,train,FSD50K,3.5,hard_neg:alarm
12653,12653,background,train,FSD50K,8.313,bg:general
126531,126531,background,train,FSD50K,0.666,hard_neg:glass_dishes
126559,126559,background,train,FSD50K,3.9,hard_neg:alarm
126560,126560,background,train,FSD50K,4.0,hard_neg:alarm
126561,126561,background,train,FSD50K,4.0,hard_neg:alarm
126731,126731,background,train,FSD50K,13.584,bg:general
12676,12676,background,train,FSD50K,4.749,bg:general
126889,126889,background,train,FSD50K,9.055,hard_neg:glass_ring
12705,12705,background,train,FSD50K,1.86,bg:general
127554,127554,background,train,FSD50K,8.115,bg:general
127644,127644,background,train,FSD50K,8.255,bg:general
12766,12766,background,train,FSD50K,2.0,bg:general
12771,12771,background,train,FSD50K,2.0,bg:general
127840,127840,background,train,FSD50K,4.0,bg:general
127862,127862,background,train,FSD50K,15.312,bg:general
127978,127978,background,train,FSD50K,27.926,bg:general
128021,128021,background,train,FSD50K,0.992,hard_neg:alarm
12812,12812,background,train,FSD50K,8.323,bg:general
128138,128138,background,train,FSD50K,8.563,hard_neg:alarm
128301,128301,background,train,FSD50K,1.498,bg:general
128331,128331,background,train,FSD50K,2.5,bg:general
128631,128631,background,train,FSD50K,1.254,bg:general
128797,128797,background,train,FSD50K,2.2,bg:general
128798,128798,background,train,FSD50K,1.5,bg:general
128809,128809,background,train,FSD50K,1.7,bg:general
128835,128835,background,train,FSD50K,2.4,bg:general
128836,128836,background,train,FSD50K,2.2,bg:general
128841,128841,background,train,FSD50K,1.9,bg:general
128910,128910,background,train,FSD50K,6.069,hard_neg:alarm
129296,129296,background,train,FSD50K,4.901,bg:general
129299,129299,background,train,FSD50K,6.536,bg:general
129464,129464,background,train,FSD50K,6.0,hard_neg:alarm
129882,129882,background,train,FSD50K,2.084,bg:general
130034,130034,background,train,FSD50K,11.595,bg:general
130037,130037,background,train,FSD50K,10.821,bg:general
130054,130054,background,train,FSD50K,19.586,hard_neg:alarm
130405,130405,background,train,FSD50K,2.661,bg:general
130408,130408,background,train,FSD50K,2.152,bg:general
130410,130410,background,train,FSD50K,3.56,bg:general
130416,130416,background,train,FSD50K,2.34,bg:general
130425,130425,background,train,FSD50K,1.434,bg:general
130426,130426,background,train,FSD50K,1.112,bg:general
130430,130430,background,train,FSD50K,1.237,bg:general
130604,130604,background,train,FSD50K,1.0,hard_neg:alarm
130891,130891,background,train,FSD50K,4.597,bg:general
131012,131012,background,train,FSD50K,5.183,bg:general
131400,131400,background,train,FSD50K,1.52,bg:general
131401,131401,background,train,FSD50K,1.775,bg:general
131530,131530,background,train,FSD50K,1.626,bg:general
131591,131591,background,train,FSD50K,10.0,bg:general
131879,131879,background,train,FSD50K,3.402,hard_neg:glass_dishes
131935,131935,background,train,FSD50K,6.701,bg:general
132072,132072,background,train,FSD50K,18.854,bg:general
132074,132074,background,train,FSD50K,16.76,hard_neg:alarm
132240,132240,background,train,FSD50K,21.672,bg:general
132340,132340,background,train,FSD50K,16.487,hard_neg:alarm
132399,132399,background,train,FSD50K,21.507,bg:general
132634,132634,background,train,FSD50K,0.34,hard_neg:glass_dishes
132738,132738,background,train,FSD50K,7.587,hard_neg:scream_crowd
132918,132918,background,train,FSD50K,4.106,hard_neg:glass_dishes
133206,133206,background,train,FSD50K,1.2,bg:general
133282,133282,background,train,FSD50K,1.036,bg:general
133626,133626,background,train,FSD50K,1.186,bg:general
133813,133813,background,train,FSD50K,11.974,hard_neg:alarm
13405,13405,background,train,FSD50K,14.134,bg:general
134067,134067,background,train,FSD50K,7.039,hard_neg:alarm
134439,134439,background,train,FSD50K,5.209,bg:general
134780,134780,background,train,FSD50K,14.3,bg:general
134831,134831,background,train,FSD50K,26.88,bg:general
134862,134862,background,train,FSD50K,8.088,hard_neg:alarm
134863,134863,background,train,FSD50K,8.088,hard_neg:alarm
134952,134952,background,train,FSD50K,11.53,hard_neg:alarm
134956,134956,background,train,FSD50K,11.147,bg:general
135039,135039,background,train,FSD50K,1.036,hard_neg:glass_dishes
13533,13533,background,train,FSD50K,20.636,bg:general
135508,135508,background,train,FSD50K,5.438,bg:general
135509,135509,background,train,FSD50K,17.604,hard_neg:alarm
13551,13551,background,train,FSD50K,24.061,bg:general
135511,135511,background,train,FSD50K,16.538,hard_neg:alarm
135584,135584,background,train,FSD50K,3.0,hard_neg:alarm
135594,135594,background,train,FSD50K,15.073,bg:general
135613,135613,background,train,FSD50K,3.98,hard_neg:alarm
135631,135631,background,train,FSD50K,2.944,bg:general
135633,135633,background,train,FSD50K,9.6,bg:general
13568,13568,background,train,FSD50K,22.439,bg:general
135691,135691,background,train,FSD50K,0.698,hard_neg:alarm
135699,135699,background,train,FSD50K,6.0,hard_neg:glass_ring
135818,135818,background,train,FSD50K,1.638,bg:general
13590,13590,background,train,FSD50K,12.432,bg:general
135992,135992,background,train,FSD50K,4.167,bg:general
136021,136021,background,train,FSD50K,4.167,bg:general
136026,136026,background,train,FSD50K,4.167,bg:general
13613,13613,background,train,FSD50K,8.04,hard_neg:alarm
136170,136170,background,train,FSD50K,4.167,bg:general
136237,136237,background,train,FSD50K,3.125,bg:general
136309,136309,background,train,FSD50K,5.199,bg:general
136480,136480,background,train,FSD50K,7.558,hard_neg:baby_cry
136495,136495,background,train,FSD50K,20.747,bg:general
136579,136579,background,train,FSD50K,14.719,bg:general
136628,136628,background,train,FSD50K,7.992,bg:general
136727,136727,background,train,FSD50K,2.918,bg:general
136859,136859,background,train,FSD50K,1.185,bg:general
136947,136947,background,train,FSD50K,2.495,bg:general
136948,136948,background,train,FSD50K,2.15,bg:general
136951,136951,background,train,FSD50K,1.231,bg:general
136953,136953,background,train,FSD50K,1.865,bg:general
136959,136959,background,train,FSD50K,1.786,bg:general
136963,136963,background,train,FSD50K,1.592,bg:general
137105,137105,background,train,FSD50K,1.208,bg:general
137148,137148,background,train,FSD50K,2.497,bg:general
137258,137258,background,train,FSD50K,26.963,bg:general
137467,137467,background,train,FSD50K,3.125,bg:general
137537,137537,background,train,FSD50K,3.125,bg:general
137556,137556,background,train,FSD50K,3.125,bg:general
137557,137557,background,train,FSD50K,3.125,bg:general
137566,137566,background,train,FSD50K,3.125,bg:general
137603,137603,background,train,FSD50K,3.125,bg:general
137774,137774,background,train,FSD50K,20.204,hard_neg:alarm
137916,137916,background,train,FSD50K,1.913,bg:general
137924,137924,background,train,FSD50K,1.146,bg:general
137999,137999,background,train,FSD50K,4.167,bg:general
13800,13800,background,train,FSD50K,13.96,hard_neg:baby_cry
138003,138003,background,train,FSD50K,6.131,bg:general
13802,13802,background,train,FSD50K,5.632,hard_neg:baby_cry
13803,13803,background,train,FSD50K,6.897,hard_neg:baby_cry
138042,138042,background,train,FSD50K,19.42,hard_neg:alarm
138113,138113,background,train,FSD50K,7.842,bg:general
138272,138272,background,train,FSD50K,6.0,hard_neg:alarm
138277,138277,background,train,FSD50K,8.466,hard_neg:alarm
138323,138323,background,train,FSD50K,1.278,bg:general
138339,138339,background,train,FSD50K,4.046,bg:general
138341,138341,background,train,FSD50K,2.837,bg:general
138465,138465,background,train,FSD50K,28.0,hard_neg:alarm
138468,138468,background,train,FSD50K,5.0,hard_neg:alarm
138672,138672,background,train,FSD50K,24.628,bg:general
138702,138702,background,train,FSD50K,4.167,bg:general
138710,138710,background,train,FSD50K,4.167,bg:general
138712,138712,background,train,FSD50K,4.167,bg:general
13874,13874,background,train,FSD50K,1.701,bg:general
138837,138837,background,train,FSD50K,4.167,bg:general
138845,138845,background,train,FSD50K,4.167,bg:general
138914,138914,background,train,FSD50K,1.667,bg:general
138937,138937,background,train,FSD50K,4.167,bg:general
138938,138938,background,train,FSD50K,4.167,bg:general
139055,139055,background,train,FSD50K,14.304,hard_neg:alarm
139821,139821,background,train,FSD50K,2.0,bg:general
139958,139958,background,train,FSD50K,18.056,hard_neg:alarm
139972,139972,background,train,FSD50K,7.424,hard_neg:scream_crowd
140228,140228,background,train,FSD50K,7.842,bg:general
140413,140413,background,train,FSD50K,14.999,bg:general
140487,140487,background,train,FSD50K,9.12,bg:general
140613,140613,background,train,FSD50K,0.489,hard_neg:glass_ring
140616,140616,background,train,FSD50K,0.368,hard_neg:glass_ring
140617,140617,background,train,FSD50K,0.408,hard_neg:glass_ring
140664,140664,background,train,FSD50K,4.167,bg:general
140674,140674,background,train,FSD50K,4.167,bg:general
140675,140675,background,train,FSD50K,4.167,bg:general
140676,140676,background,train,FSD50K,4.167,bg:general
140689,140689,background,train,FSD50K,4.167,bg:general
140891,140891,background,train,FSD50K,22.779,bg:general
14117,14117,background,train,FSD50K,7.326,bg:general
14160,14160,background,train,FSD50K,5.933,bg:general
141680,141680,background,train,FSD50K,29.0,hard_neg:glass_dishes
141703,141703,background,train,FSD50K,15.093,bg:general
141795,141795,background,train,FSD50K,5.094,bg:general
142008,142008,background,train,FSD50K,9.6,bg:general
142067,142067,background,train,FSD50K,1.25,bg:general
142092,142092,background,train,FSD50K,1.25,bg:general
14222,14222,background,train,FSD50K,5.585,bg:general
142243,142243,background,train,FSD50K,1.042,bg:general
14226,14226,background,train,FSD50K,3.791,bg:general
142475,142475,background,train,FSD50K,1.459,bg:general
142601,142601,background,train,FSD50K,2.232,bg:general
142602,142602,background,train,FSD50K,4.512,bg:general
142605,142605,background,train,FSD50K,5.088,bg:general
14262,14262,background,train,FSD50K,7.783,hard_neg:alarm
14263,14263,background,train,FSD50K,14.065,hard_neg:alarm
14265,14265,background,train,FSD50K,11.202,hard_neg:baby_cry
14268,14268,background,train,FSD50K,4.784,hard_neg:baby_cry
14269,14269,background,train,FSD50K,8.658,hard_neg:baby_cry
14284,14284,background,train,FSD50K,1.5,bg:general
142903,142903,background,train,FSD50K,21.442,hard_neg:alarm
142982,142982,background,train,FSD50K,2.084,bg:general
143047,143047,background,train,FSD50K,1.459,bg:general
143125,143125,background,train,FSD50K,10.56,bg:general
143131,143131,background,train,FSD50K,29.386,bg:general
143134,143134,background,train,FSD50K,2.084,bg:general
143246,143246,background,train,FSD50K,20.787,bg:general
143250,143250,background,train,FSD50K,16.091,bg:general
143251,143251,background,train,FSD50K,11.164,bg:general
143479,143479,background,train,FSD50K,1.459,bg:general
143557,143557,background,train,FSD50K,23.824,bg:general
143563,143563,background,train,FSD50K,29.964,bg:general
143590,143590,background,train,FSD50K,3.109,bg:general
14361,14361,background,train,FSD50K,6.634,hard_neg:glass_ring
14362,14362,background,train,FSD50K,6.398,hard_neg:glass_ring
14363,14363,background,train,FSD50K,6.363,hard_neg:glass_ring
143919,143919,background,train,FSD50K,22.499,hard_neg:baby_cry
143947,143947,background,train,FSD50K,11.113,bg:general
143955,143955,background,train,FSD50K,20.282,bg:general
144009,144009,background,train,FSD50K,1.148,bg:general
144070,144070,background,train,FSD50K,25.774,bg:general
144084,144084,background,train,FSD50K,12.434,hard_neg:alarm
144236,144236,background,train,FSD50K,18.051,hard_neg:alarm
144272,144272,background,train,FSD50K,18.444,bg:general
144446,144446,background,train,FSD50K,3.93,bg:general
144449,144449,background,train,FSD50K,7.006,bg:general
144599,144599,background,train,FSD50K,2.084,bg:general
145264,145264,background,train,FSD50K,12.137,bg:general
145265,145265,background,train,FSD50K,9.857,bg:general
145298,145298,background,train,FSD50K,25.536,bg:general
145481,145481,background,train,FSD50K,22.479,bg:general
145484,145484,background,train,FSD50K,23.873,bg:general
145513,145513,background,train,FSD50K,22.966,hard_neg:glass_ring
145577,145577,background,train,FSD50K,1.435,hard_neg:alarm
145656,145656,background,train,FSD50K,9.071,bg:general
145679,145679,background,train,FSD50K,23.994,bg:general
145877,145877,background,train,FSD50K,1.25,bg:general
146209,146209,background,train,FSD50K,4.087,bg:general
14642,14642,background,train,FSD50K,28.118,bg:general
146761,146761,background,train,FSD50K,8.483,bg:general
146762,146762,background,train,FSD50K,7.0,bg:general
146787,146787,background,train,FSD50K,13.847,bg:general
146960,146960,background,train,FSD50K,2.312,bg:general
146965,146965,background,train,FSD50K,5.402,bg:general
146966,146966,background,train,FSD50K,7.381,bg:general
146968,146968,background,train,FSD50K,2.577,bg:general
146975,146975,background,train,FSD50K,1.368,bg:general
147018,147018,background,train,FSD50K,8.731,bg:general
147077,147077,background,train,FSD50K,4.394,bg:general
147107,147107,background,train,FSD50K,8.96,bg:general
147130,147130,background,train,FSD50K,7.915,bg:general
147132,147132,background,train,FSD50K,14.681,bg:general
147182,147182,background,train,FSD50K,11.912,bg:general
147244,147244,background,train,FSD50K,11.172,bg:general
147317,147317,background,train,FSD50K,4.679,bg:general
147386,147386,background,train,FSD50K,5.339,hard_neg:alarm
147535,147535,background,train,FSD50K,2.296,bg:general
14784,14784,background,train,FSD50K,11.32,bg:general
147933,147933,background,train,FSD50K,21.386,hard_neg:alarm
148266,148266,background,train,FSD50K,4.547,hard_neg:alarm
148297,148297,background,train,FSD50K,18.435,hard_neg:alarm
148324,148324,background,train,FSD50K,4.335,bg:general
148416,148416,background,train,FSD50K,3.334,bg:general
148513,148513,background,train,FSD50K,5.015,bg:general
148537,148537,background,train,FSD50K,1.142,bg:general
148628,148628,background,train,FSD50K,27.67,bg:general
148849,148849,background,train,FSD50K,2.534,bg:general
14890,14890,background,train,FSD50K,5.3,bg:general
14891,14891,background,train,FSD50K,3.71,bg:general
149211,149211,background,train,FSD50K,1.698,bg:general
149268,149268,background,train,FSD50K,5.347,bg:general
149846,149846,background,train,FSD50K,2.0,bg:general
150052,150052,background,train,FSD50K,20.499,hard_neg:alarm
150053,150053,background,train,FSD50K,20.388,hard_neg:alarm
150465,150465,background,train,FSD50K,4.552,bg:general
15083,15083,background,train,FSD50K,2.4,bg:general
150964,150964,background,train,FSD50K,3.945,bg:general
150981,150981,background,train,FSD50K,12.16,hard_neg:alarm
151081,151081,background,train,FSD50K,19.343,hard_neg:baby_cry
151085,151085,background,train,FSD50K,10.838,hard_neg:baby_cry
151147,151147,background,train,FSD50K,20.594,hard_neg:alarm
15115,15115,background,train,FSD50K,4.0,bg:general
151223,151223,background,train,FSD50K,1.167,bg:general
151253,151253,background,train,FSD50K,28.096,bg:general
151292,151292,background,train,FSD50K,6.24,hard_neg:alarm
151305,151305,background,train,FSD50K,0.75,hard_neg:glass_ring
151359,151359,background,train,FSD50K,15.515,hard_neg:alarm
151473,151473,background,train,FSD50K,2.768,bg:general
151522,151522,background,train,FSD50K,1.416,bg:general
151591,151591,background,train,FSD50K,7.153,bg:general
151673,151673,background,train,FSD50K,1.464,bg:general
151773,151773,background,train,FSD50K,21.942,bg:general
151795,151795,background,train,FSD50K,3.883,bg:general
151842,151842,background,train,FSD50K,6.149,bg:general
151877,151877,background,train,FSD50K,23.731,bg:general
151893,151893,background,train,FSD50K,2.518,hard_neg:alarm
151906,151906,background,train,FSD50K,1.548,bg:general
151911,151911,background,train,FSD50K,1.733,bg:general
152025,152025,background,train,FSD50K,7.355,hard_neg:alarm
152152,152152,background,train,FSD50K,1.459,bg:general
152169,152169,background,train,FSD50K,1.25,bg:general
152240,152240,background,train,FSD50K,1.667,bg:general
152310,152310,background,train,FSD50K,1.579,bg:general
152325,152325,background,train,FSD50K,5.826,bg:general
152677,152677,background,train,FSD50K,9.836,bg:general
152753,152753,background,train,FSD50K,3.53,hard_neg:glass_ring
152754,152754,background,train,FSD50K,3.901,hard_neg:glass_ring
152758,152758,background,train,FSD50K,4.969,hard_neg:glass_ring
15285,15285,background,train,FSD50K,4.796,hard_neg:glass_dishes
153159,153159,background,train,FSD50K,1.502,hard_neg:alarm
153252,153252,background,train,FSD50K,8.917,hard_neg:alarm
153255,153255,background,train,FSD50K,5.202,hard_neg:alarm
15356,15356,background,train,FSD50K,12.695,bg:general
153606,153606,background,train,FSD50K,2.802,bg:general
153821,153821,background,train,FSD50K,1.125,bg:general
153933,153933,background,train,FSD50K,2.831,bg:general
15394,15394,background,train,FSD50K,6.175,hard_neg:glass_ring
15395,15395,background,train,FSD50K,18.895,bg:general
15417,15417,background,train,FSD50K,2.813,bg:general
15425,15425,background,train,FSD50K,3.316,bg:general
15429,15429,background,train,FSD50K,7.703,bg:general
154427,154427,background,train,FSD50K,8.332,hard_neg:baby_cry
154428,154428,background,train,FSD50K,7.506,hard_neg:baby_cry
154637,154637,background,train,FSD50K,14.325,bg:general
154642,154642,background,train,FSD50K,1.5,bg:general
15482,15482,background,train,FSD50K,5.334,hard_neg:alarm
154894,154894,background,train,FSD50K,6.018,hard_neg:alarm
154954,154954,background,train,FSD50K,15.966,hard_neg:alarm
154956,154956,background,train,FSD50K,12.606,hard_neg:alarm
155009,155009,background,train,FSD50K,5.564,hard_neg:alarm
155189,155189,background,train,FSD50K,4.438,bg:general
155249,155249,background,train,FSD50K,15.565,bg:general
155251,155251,background,train,FSD50K,17.845,hard_neg:alarm
155381,155381,background,train,FSD50K,15.761,bg:general
15540,15540,background,train,FSD50K,27.482,bg:general
15549,15549,background,train,FSD50K,6.31,bg:general
155573,155573,background,train,FSD50K,14.677,bg:general
15564,15564,background,train,FSD50K,8.809,bg:general
155651,155651,background,train,FSD50K,7.919,bg:general
15568,15568,background,train,FSD50K,10.6,bg:general
155769,155769,background,train,FSD50K,1.016,hard_neg:alarm
155770,155770,background,train,FSD50K,1.879,hard_neg:alarm
155771,155771,background,train,FSD50K,3.078,bg:general
155776,155776,background,train,FSD50K,1.866,hard_neg:alarm
155842,155842,background,train,FSD50K,2.768,bg:general
156031,156031,background,train,FSD50K,7.637,hard_neg:glass_ring
156103,156103,background,train,FSD50K,15.804,bg:general
156121,156121,background,train,FSD50K,0.325,hard_neg:alarm
156122,156122,background,train,FSD50K,0.465,hard_neg:alarm
156123,156123,background,train,FSD50K,0.472,hard_neg:alarm
156124,156124,background,train,FSD50K,0.465,hard_neg:alarm
156125,156125,background,train,FSD50K,0.731,hard_neg:alarm
156126,156126,background,train,FSD50K,0.61,hard_neg:alarm
156128,156128,background,train,FSD50K,20.0,bg:general
156184,156184,background,train,FSD50K,19.581,bg:general
156187,156187,background,train,FSD50K,2.426,bg:general
156192,156192,background,train,FSD50K,5.457,bg:general
156200,156200,background,train,FSD50K,2.441,bg:general
156203,156203,background,train,FSD50K,3.75,bg:general
156308,156308,background,train,FSD50K,7.319,bg:general
156311,156311,background,train,FSD50K,5.155,bg:general
156330,156330,background,train,FSD50K,1.844,bg:general
156333,156333,background,train,FSD50K,6.832,bg:general
156424,156424,background,train,FSD50K,8.5,bg:general
156429,156429,background,train,FSD50K,8.0,bg:general
156453,156453,background,train,FSD50K,5.715,hard_neg:alarm
156546,156546,background,train,FSD50K,5.042,hard_neg:alarm
156547,156547,background,train,FSD50K,21.38,hard_neg:alarm
156553,156553,background,train,FSD50K,4.534,bg:general
156615,156615,background,train,FSD50K,6.4,bg:general
156672,156672,background,train,FSD50K,4.48,hard_neg:alarm
156831,156831,background,train,FSD50K,12.374,hard_neg:alarm
156847,156847,background,train,FSD50K,17.849,bg:general
156887,156887,background,train,FSD50K,29.886,bg:general
156973,156973,background,train,FSD50K,23.036,bg:general
157163,157163,background,train,FSD50K,8.882,hard_neg:baby_cry
157299,157299,background,train,FSD50K,0.975,hard_neg:alarm
157303,157303,background,train,FSD50K,5.538,bg:general
157304,157304,background,train,FSD50K,7.633,bg:general
157468,157468,background,train,FSD50K,14.064,hard_neg:alarm
157590,157590,background,train,FSD50K,5.582,hard_neg:alarm
157591,157591,background,train,FSD50K,3.508,hard_neg:alarm
157592,157592,background,train,FSD50K,4.51,hard_neg:alarm
157593,157593,background,train,FSD50K,4.06,hard_neg:alarm
15813,15813,background,train,FSD50K,15.949,hard_neg:alarm
158427,158427,background,train,FSD50K,5.0,hard_neg:alarm
158469,158469,background,train,FSD50K,4.594,bg:general
158500,158500,background,train,FSD50K,6.888,hard_neg:alarm
158501,158501,background,train,FSD50K,4.975,hard_neg:alarm
158502,158502,background,train,FSD50K,9.824,hard_neg:alarm
158503,158503,background,train,FSD50K,21.01,hard_neg:alarm
158504,158504,background,train,FSD50K,20.514,hard_neg:alarm
158505,158505,background,train,FSD50K,11.889,hard_neg:alarm
158507,158507,background,train,FSD50K,23.929,hard_neg:alarm
158509,158509,background,train,FSD50K,26.689,hard_neg:alarm
158517,158517,background,train,FSD50K,14.442,hard_neg:alarm
158519,158519,background,train,FSD50K,14.079,hard_neg:alarm
158621,158621,background,train,FSD50K,25.758,hard_neg:alarm
158622,158622,background,train,FSD50K,6.0,hard_neg:alarm
158979,158979,background,train,FSD50K,2.513,bg:general
158991,158991,background,train,FSD50K,1.015,hard_neg:glass_dishes
158993,158993,background,train,FSD50K,1.631,hard_neg:glass_dishes
158995,158995,background,train,FSD50K,1.327,hard_neg:glass_dishes
158997,158997,background,train,FSD50K,1.479,hard_neg:glass_dishes
159002,159002,background,train,FSD50K,1.25,hard_neg:glass_dishes
159003,159003,background,train,FSD50K,0.738,hard_neg:glass_dishes
159004,159004,background,train,FSD50K,1.139,hard_neg:glass_dishes
159005,159005,background,train,FSD50K,1.029,hard_neg:glass_dishes
159007,159007,background,train,FSD50K,1.0,hard_neg:glass_dishes
159008,159008,background,train,FSD50K,1.121,hard_neg:glass_dishes
159009,159009,background,train,FSD50K,26.19,bg:general
159092,159092,background,train,FSD50K,1.875,bg:general
159177,159177,background,train,FSD50K,3.437,bg:general
159292,159292,background,train,FSD50K,9.45,bg:general
159645,159645,background,train,FSD50K,6.923,bg:general
159708,159708,background,train,FSD50K,2.454,bg:general
160146,160146,background,train,FSD50K,4.143,bg:general
16026,16026,background,train,FSD50K,2.012,bg:general
160286,160286,background,train,FSD50K,2.728,bg:general
160381,160381,background,train,FSD50K,11.008,bg:general
160442,160442,background,train,FSD50K,20.073,bg:general
160522,160522,background,train,FSD50K,28.843,bg:general
160606,160606,background,train,FSD50K,17.543,bg:general
160674,160674,background,train,FSD50K,1.09,bg:general
160687,160687,background,train,FSD50K,24.284,bg:general
160775,160775,background,train,FSD50K,2.872,hard_neg:alarm
160828,160828,background,train,FSD50K,13.291,bg:general
160874,160874,background,train,FSD50K,17.0,bg:general
160910,160910,background,train,FSD50K,25.098,bg:general
161238,161238,background,train,FSD50K,27.724,bg:general
161347,161347,background,train,FSD50K,5.706,hard_neg:alarm
161545,161545,background,train,FSD50K,9.519,bg:general
161839,161839,background,train,FSD50K,3.301,bg:general
161886,161886,background,train,FSD50K,16.0,bg:general
161969,161969,background,train,FSD50K,1.851,bg:general
16197,16197,background,train,FSD50K,10.465,bg:general
162022,162022,background,train,FSD50K,11.711,hard_neg:alarm
162258,162258,background,train,FSD50K,1.234,bg:general
162263,162263,background,train,FSD50K,14.177,bg:general
162335,162335,background,train,FSD50K,2.56,bg:general
162439,162439,background,train,FSD50K,26.375,bg:general
162443,162443,background,train,FSD50K,11.97,hard_neg:alarm
162499,162499,background,train,FSD50K,4.266,bg:general
162500,162500,background,train,FSD50K,2.375,bg:general
162507,162507,background,train,FSD50K,1.855,bg:general
162511,162511,background,train,FSD50K,1.625,bg:general
162513,162513,background,train,FSD50K,1.625,bg:general
162525,162525,background,train,FSD50K,8.25,bg:general
162540,162540,background,train,FSD50K,13.0,hard_neg:alarm
162541,162541,background,train,FSD50K,13.0,hard_neg:alarm
16259,16259,background,train,FSD50K,5.806,bg:general
162702,162702,background,train,FSD50K,1.376,hard_neg:alarm
162703,162703,background,train,FSD50K,3.219,hard_neg:alarm
162824,162824,background,train,FSD50K,6.645,bg:general
162865,162865,background,train,FSD50K,4.338,hard_neg:glass_dishes
162869,162869,background,train,FSD50K,1.918,bg:general
162880,162880,background,train,FSD50K,2.048,hard_neg:baby_cry
162894,162894,background,train,FSD50K,22.6,bg:general
162929,162929,background,train,FSD50K,5.944,bg:general
162967,162967,background,train,FSD50K,6.006,bg:general
162988,162988,background,train,FSD50K,6.05,bg:general
163012,163012,background,train,FSD50K,4.935,bg:general
163110,163110,background,train,FSD50K,7.064,bg:general
16322,16322,background,train,FSD50K,27.257,bg:general
163558,163558,background,train,FSD50K,15.746,hard_neg:alarm
163561,163561,background,train,FSD50K,8.392,hard_neg:alarm
163562,163562,background,train,FSD50K,9.986,hard_neg:alarm
163591,163591,background,train,FSD50K,4.821,bg:general
163593,163593,background,train,FSD50K,5.433,bg:general
16373,16373,background,train,FSD50K,2.124,bg:general
163730,163730,background,train,FSD50K,5.779,hard_neg:alarm
163731,163731,background,train,FSD50K,1.785,hard_neg:glass_dishes
164006,164006,background,train,FSD50K,2.078,hard_neg:alarm
164089,164089,background,train,FSD50K,1.53,hard_neg:alarm
164090,164090,background,train,FSD50K,1.53,hard_neg:alarm
164404,164404,background,train,FSD50K,1.0,hard_neg:alarm
164524,164524,background,train,FSD50K,7.192,bg:general
16460,16460,background,train,FSD50K,1.528,bg:general
164625,164625,background,train,FSD50K,1.356,hard_neg:alarm
164626,164626,background,train,FSD50K,2.786,hard_neg:alarm
164627,164627,background,train,FSD50K,2.465,hard_neg:alarm
164658,164658,background,train,FSD50K,4.093,bg:general
16466,16466,background,train,FSD50K,4.462,bg:general
164690,164690,background,train,FSD50K,9.561,hard_neg:alarm
164822,164822,background,train,FSD50K,1.672,bg:general
164843,164843,background,train,FSD50K,5.847,hard_neg:alarm
164899,164899,background,train,FSD50K,2.849,bg:general
164939,164939,background,train,FSD50K,26.8,bg:general
165047,165047,background,train,FSD50K,1.858,bg:general
165063,165063,background,train,FSD50K,15.314,hard_neg:alarm
165142,165142,background,train,FSD50K,3.78,bg:general
165238,165238,background,train,FSD50K,8.387,bg:general
165281,165281,background,train,FSD50K,10.027,bg:general
165396,165396,background,train,FSD50K,6.356,bg:general
165427,165427,background,train,FSD50K,7.0,bg:general
165542,165542,background,train,FSD50K,10.9,hard_neg:alarm
165899,165899,background,train,FSD50K,28.456,bg:general
166107,166107,background,train,FSD50K,20.046,bg:general
166141,166141,background,train,FSD50K,2.019,bg:general
166192,166192,background,train,FSD50K,1.851,bg:general
166194,166194,background,train,FSD50K,2.824,bg:general
166239,166239,background,train,FSD50K,2.15,bg:general
166356,166356,background,train,FSD50K,4.701,hard_neg:alarm
166704,166704,background,train,FSD50K,22.428,bg:general
166707,166707,background,train,FSD50K,6.205,bg:general
166709,166709,background,train,FSD50K,15.499,bg:general
166732,166732,background,train,FSD50K,2.822,hard_neg:glass_ring
16675,16675,background,train,FSD50K,23.872,bg:general
16687,16687,background,train,FSD50K,21.99,bg:general
166888,166888,background,train,FSD50K,26.294,hard_neg:alarm
16691,16691,background,train,FSD50K,21.775,bg:general
16693,16693,background,train,FSD50K,28.043,bg:general
166961,166961,background,train,FSD50K,2.002,bg:general
166972,166972,background,train,FSD50K,2.002,bg:general
167226,167226,background,train,FSD50K,7.965,bg:general
167256,167256,background,train,FSD50K,24.0,bg:general
167337,167337,background,train,FSD50K,0.903,hard_neg:alarm
167455,167455,background,train,FSD50K,18.629,bg:general
167532,167532,background,train,FSD50K,6.923,hard_neg:alarm
167533,167533,background,train,FSD50K,6.923,hard_neg:alarm
167535,167535,background,train,FSD50K,6.923,hard_neg:alarm
167536,167536,background,train,FSD50K,6.923,hard_neg:alarm
167538,167538,background,train,FSD50K,6.923,hard_neg:alarm
167539,167539,background,train,FSD50K,6.923,hard_neg:alarm
167540,167540,background,train,FSD50K,6.923,hard_neg:alarm
167541,167541,background,train,FSD50K,6.923,hard_neg:alarm
167544,167544,background,train,FSD50K,6.923,hard_neg:alarm
167545,167545,background,train,FSD50K,6.923,hard_neg:alarm
167546,167546,background,train,FSD50K,6.923,hard_neg:alarm
167547,167547,background,train,FSD50K,6.923,hard_neg:alarm
167548,167548,background,train,FSD50K,6.923,hard_neg:alarm
167549,167549,background,train,FSD50K,6.923,hard_neg:alarm
167550,167550,background,train,FSD50K,6.923,hard_neg:alarm
167551,167551,background,train,FSD50K,6.923,hard_neg:alarm
167553,167553,background,train,FSD50K,6.923,hard_neg:alarm
167640,167640,background,train,FSD50K,2.218,bg:general
167641,167641,background,train,FSD50K,1.799,bg:general
167840,167840,background,train,FSD50K,3.204,bg:general
168117,168117,background,train,FSD50K,28.419,hard_neg:alarm
168123,168123,background,train,FSD50K,2.831,hard_neg:alarm
16845,16845,background,train,FSD50K,12.76,bg:general
168588,168588,background,train,FSD50K,5.715,hard_neg:alarm
168589,168589,background,train,FSD50K,6.067,hard_neg:alarm
168709,168709,background,train,FSD50K,3.0,hard_neg:alarm
168723,168723,background,train,FSD50K,4.273,hard_neg:baby_cry
168729,168729,background,train,FSD50K,20.788,hard_neg:baby_cry
168799,168799,background,train,FSD50K,16.914,bg:general
168816,168816,background,train,FSD50K,16.742,bg:general
168867,168867,background,train,FSD50K,18.072,bg:general
169073,169073,background,train,FSD50K,11.956,bg:general
169113,169113,background,train,FSD50K,21.617,bg:general
169163,169163,background,train,FSD50K,30.0,bg:general
169172,169172,background,train,FSD50K,10.956,bg:general
169209,169209,background,train,FSD50K,1.695,hard_neg:alarm
169584,169584,background,train,FSD50K,1.39,bg:general
169726,169726,background,train,FSD50K,1.253,bg:general
169747,169747,background,train,FSD50K,5.253,bg:general
169958,169958,background,train,FSD50K,26.332,hard_neg:alarm
170243,170243,background,train,FSD50K,0.41,hard_neg:alarm
170501,170501,background,train,FSD50K,18.074,bg:general
170573,170573,background,train,FSD50K,1.035,hard_neg:alarm
170736,170736,background,train,FSD50K,7.364,bg:general
170758,170758,background,train,FSD50K,16.812,bg:general
170760,170760,background,train,FSD50K,15.79,bg:general
170786,170786,background,train,FSD50K,2.755,bg:general
170889,170889,background,train,FSD50K,1.293,bg:general
170898,170898,background,train,FSD50K,20.982,bg:general
171023,171023,background,train,FSD50K,25.548,bg:general
171101,171101,background,train,FSD50K,29.78,bg:general
171113,171113,background,train,FSD50K,3.026,hard_neg:alarm
171115,171115,background,train,FSD50K,1.915,bg:general
171128,171128,background,train,FSD50K,20.7,bg:general
171233,171233,background,train,FSD50K,13.481,bg:general
171249,171249,background,train,FSD50K,22.07,hard_neg:alarm
17128,17128,background,train,FSD50K,4.158,bg:general
171493,171493,background,train,FSD50K,2.274,hard_neg:alarm
171496,171496,background,train,FSD50K,2.265,hard_neg:alarm
171515,171515,background,train,FSD50K,16.679,hard_neg:alarm
171636,171636,background,train,FSD50K,4.83,bg:general
171755,171755,background,train,FSD50K,2.0,hard_neg:alarm
171820,171820,background,train,FSD50K,6.597,bg:general
171942,171942,background,train,FSD50K,14.954,bg:general
172143,172143,background,train,FSD50K,14.896,bg:general
172320,172320,background,train,FSD50K,22.636,bg:general
172407,172407,background,train,FSD50K,5.733,bg:general
17270,17270,background,train,FSD50K,19.13,bg:general
1729,1729,background,train,FSD50K,4.343,bg:general
173000,173000,background,train,FSD50K,1.335,hard_neg:alarm
173001,173001,background,train,FSD50K,1.517,hard_neg:alarm
173110,173110,background,train,FSD50K,9.694,bg:general
173149,173149,background,train,FSD50K,19.493,bg:general
173150,173150,background,train,FSD50K,22.078,bg:general
173310,173310,background,train,FSD50K,22.991,bg:general
173473,173473,background,train,FSD50K,2.101,bg:general
17349,17349,background,train,FSD50K,17.407,bg:general
173685,173685,background,train,FSD50K,1.943,bg:general
173721,173721,background,train,FSD50K,8.0,bg:general
173778,173778,background,train,FSD50K,6.0,bg:general
173795,173795,background,train,FSD50K,3.674,bg:general
173819,173819,background,train,FSD50K,5.874,bg:general
173823,173823,background,train,FSD50K,5.362,bg:general
173830,173830,background,train,FSD50K,8.0,bg:general
173833,173833,background,train,FSD50K,8.0,bg:general
173978,173978,background,train,FSD50K,18.493,hard_neg:alarm
173979,173979,background,train,FSD50K,14.539,bg:general
17405,17405,background,train,FSD50K,2.028,hard_neg:alarm
174134,174134,background,train,FSD50K,9.525,bg:general
174168,174168,background,train,FSD50K,1.565,bg:general
174203,174203,background,train,FSD50K,22.594,bg:general
17436,17436,background,train,FSD50K,13.187,bg:general
17437,17437,background,train,FSD50K,13.187,bg:general
17441,17441,background,train,FSD50K,10.549,bg:general
17442,17442,background,train,FSD50K,11.867,bg:general
17443,17443,background,train,FSD50K,8.845,bg:general
174433,174433,background,train,FSD50K,10.072,bg:general
174498,174498,background,train,FSD50K,4.595,bg:general
174749,174749,background,train,FSD50K,7.879,hard_neg:glass_ring
174789,174789,background,train,FSD50K,1.985,bg:general
174840,174840,background,train,FSD50K,5.718,hard_neg:alarm
174841,174841,background,train,FSD50K,4.907,hard_neg:alarm
174863,174863,background,train,FSD50K,6.607,hard_neg:glass_dishes
174865,174865,background,train,FSD50K,16.873,hard_neg:glass_dishes
174871,174871,background,train,FSD50K,29.954,bg:general
174885,174885,background,train,FSD50K,23.283,bg:general
174896,174896,background,train,FSD50K,3.899,bg:general
174898,174898,background,train,FSD50K,2.104,bg:general
174902,174902,background,train,FSD50K,11.443,bg:general
174903,174903,background,train,FSD50K,25.327,bg:general
175039,175039,background,train,FSD50K,12.827,hard_neg:alarm
175041,175041,background,train,FSD50K,1.356,bg:general
175044,175044,background,train,FSD50K,1.1,bg:general
17506,17506,background,train,FSD50K,3.0,bg:general
175279,175279,background,train,FSD50K,12.9,bg:general
175345,175345,background,train,FSD50K,3.991,bg:general
175416,175416,background,train,FSD50K,5.903,hard_neg:alarm
175417,175417,background,train,FSD50K,8.174,bg:general
175423,175423,background,train,FSD50K,4.027,bg:general
175449,175449,background,train,FSD50K,1.318,bg:general
175462,175462,background,train,FSD50K,1.381,bg:general
175464,175464,background,train,FSD50K,2.958,bg:general
175479,175479,background,train,FSD50K,1.946,bg:general
175482,175482,background,train,FSD50K,2.86,bg:general
175485,175485,background,train,FSD50K,1.278,bg:general
175489,175489,background,train,FSD50K,1.384,bg:general
175491,175491,background,train,FSD50K,1.123,bg:general
175492,175492,background,train,FSD50K,1.033,bg:general
175499,175499,background,train,FSD50K,2.859,bg:general
175512,175512,background,train,FSD50K,1.427,bg:general
17556,17556,background,train,FSD50K,5.0,bg:general
175620,175620,background,train,FSD50K,0.704,hard_neg:alarm
175621,175621,background,train,FSD50K,4.377,hard_neg:alarm
175669,175669,background,train,FSD50K,1.913,bg:general
175842,175842,background,train,FSD50K,1.893,hard_neg:alarm
175843,175843,background,train,FSD50K,1.948,hard_neg:alarm
175844,175844,background,train,FSD50K,3.13,hard_neg:alarm
175845,175845,background,train,FSD50K,5.326,hard_neg:alarm
175846,175846,background,train,FSD50K,2.802,hard_neg:alarm
175847,175847,background,train,FSD50K,1.893,hard_neg:alarm
175848,175848,background,train,FSD50K,3.4,hard_neg:alarm
175849,175849,background,train,FSD50K,2.859,hard_neg:alarm
175850,175850,background,train,FSD50K,3.724,hard_neg:alarm
175851,175851,background,train,FSD50K,2.97,hard_neg:alarm
175852,175852,background,train,FSD50K,2.409,hard_neg:alarm
175853,175853,background,train,FSD50K,1.001,hard_neg:alarm
175854,175854,background,train,FSD50K,2.629,hard_neg:alarm
175855,175855,background,train,FSD50K,2.482,hard_neg:alarm
175856,175856,background,train,FSD50K,5.654,hard_neg:alarm
176066,176066,background,train,FSD50K,18.573,hard_neg:alarm
176155,176155,background,train,FSD50K,12.0,bg:general
176214,176214,background,train,FSD50K,5.749,bg:general
176226,176226,background,train,FSD50K,2.402,hard_neg:glass_dishes
176227,176227,background,train,FSD50K,20.406,hard_neg:glass_dishes
176555,176555,background,train,FSD50K,13.781,hard_neg:alarm
176601,176601,background,train,FSD50K,26.519,bg:general
176634,176634,background,train,FSD50K,16.384,hard_neg:alarm
176638,176638,background,train,FSD50K,9.558,hard_neg:alarm
176650,176650,background,train,FSD50K,27.307,hard_neg:glass_ring
176652,176652,background,train,FSD50K,27.307,bg:general
176736,176736,background,train,FSD50K,17.832,bg:general
176859,176859,background,train,FSD50K,6.165,hard_neg:alarm
176984,176984,background,train,FSD50K,1.604,bg:general
177035,177035,background,train,FSD50K,14.408,bg:general
177209,177209,background,train,FSD50K,1.0,hard_neg:alarm
177214,177214,background,train,FSD50K,2.429,bg:general
177255,177255,background,train,FSD50K,1.482,bg:general
177613,177613,background,train,FSD50K,2.441,bg:general
177615,177615,background,train,FSD50K,9.0,bg:general
177794,177794,background,train,FSD50K,1.715,bg:general
177874,177874,background,train,FSD50K,1.21,hard_neg:alarm
177875,177875,background,train,FSD50K,1.864,hard_neg:alarm
177878,177878,background,train,FSD50K,1.129,bg:general
178032,178032,background,train,FSD50K,1.96,hard_neg:alarm
178067,178067,background,train,FSD50K,6.866,bg:general
178112,178112,background,train,FSD50K,24.577,hard_neg:alarm
178115,178115,background,train,FSD50K,3.588,hard_neg:alarm
178137,178137,background,train,FSD50K,26.054,hard_neg:alarm
178178,178178,background,train,FSD50K,2.27,hard_neg:glass_dishes
178282,178282,background,train,FSD50K,11.786,hard_neg:glass_dishes
178355,178355,background,train,FSD50K,17.28,hard_neg:alarm
178402,178402,background,train,FSD50K,14.637,hard_neg:alarm
178435,178435,background,train,FSD50K,0.643,hard_neg:alarm
178437,178437,background,train,FSD50K,1.842,hard_neg:alarm
178439,178439,background,train,FSD50K,0.778,hard_neg:alarm
178440,178440,background,train,FSD50K,3.771,hard_neg:alarm
178441,178441,background,train,FSD50K,2.032,hard_neg:alarm
178459,178459,background,train,FSD50K,17.639,bg:general
178537,178537,background,train,FSD50K,8.136,hard_neg:alarm
17866,17866,background,train,FSD50K,1.591,bg:general
178817,178817,background,train,FSD50K,10.0,hard_neg:alarm
178819,178819,background,train,FSD50K,4.0,hard_neg:alarm
178820,178820,background,train,FSD50K,1.0,hard_neg:alarm
178821,178821,background,train,FSD50K,1.6,hard_neg:alarm
178823,178823,background,train,FSD50K,4.0,hard_neg:alarm
178884,178884,background,train,FSD50K,1.851,hard_neg:alarm
178997,178997,background,train,FSD50K,5.608,bg:general
179012,179012,background,train,FSD50K,1.15,hard_neg:alarm
179171,179171,background,train,FSD50K,0.677,hard_neg:glass_ring
179172,179172,background,train,FSD50K,0.981,hard_neg:glass_dishes
179173,179173,background,train,FSD50K,0.459,hard_neg:glass_dishes
179174,179174,background,train,FSD50K,0.743,hard_neg:glass_dishes
179175,179175,background,train,FSD50K,0.562,hard_neg:glass_ring
179177,179177,background,train,FSD50K,1.186,hard_neg:glass_dishes
179187,179187,background,train,FSD50K,1.826,bg:general
179237,179237,background,train,FSD50K,5.019,hard_neg:glass_ring
179267,179267,background,train,FSD50K,8.51,hard_neg:glass_ring
179301,179301,background,train,FSD50K,21.28,hard_neg:alarm
179392,179392,background,train,FSD50K,8.83,hard_neg:baby_cry
179393,179393,background,train,FSD50K,6.74,hard_neg:baby_cry
179403,179403,background,train,FSD50K,10.267,hard_neg:baby_cry
179411,179411,background,train,FSD50K,23.876,hard_neg:baby_cry
179662,179662,background,train,FSD50K,17.042,bg:general
179773,179773,background,train,FSD50K,16.3,hard_neg:baby_cry
179858,179858,background,train,FSD50K,3.235,hard_neg:alarm
179860,179860,background,train,FSD50K,2.462,hard_neg:alarm
179861,179861,background,train,FSD50K,2.056,hard_neg:alarm
179862,179862,background,train,FSD50K,2.99,hard_neg:alarm
179863,179863,background,train,FSD50K,2.124,hard_neg:alarm
179864,179864,background,train,FSD50K,2.282,hard_neg:alarm
179865,179865,background,train,FSD50K,2.482,hard_neg:alarm
179866,179866,background,train,FSD50K,2.569,hard_neg:alarm
179867,179867,background,train,FSD50K,3.401,hard_neg:alarm
179868,179868,background,train,FSD50K,6.417,hard_neg:alarm
179900,179900,background,train,FSD50K,11.601,bg:general
179991,179991,background,train,FSD50K,3.428,bg:general
180036,180036,background,train,FSD50K,18.11,bg:general
180046,180046,background,train,FSD50K,29.199,bg:general
180131,180131,background,train,FSD50K,23.259,bg:general
180148,180148,background,train,FSD50K,19.692,bg:general
180229,180229,background,train,FSD50K,12.871,bg:general
180296,180296,background,train,FSD50K,2.417,bg:general
180314,180314,background,train,FSD50K,2.515,hard_neg:baby_cry
180671,180671,background,train,FSD50K,5.568,bg:general
180733,180733,background,train,FSD50K,22.491,bg:general
180780,180780,background,train,FSD50K,1.108,bg:general
180921,180921,background,train,FSD50K,9.002,bg:general
180951,180951,background,train,FSD50K,24.866,bg:general
181071,181071,background,train,FSD50K,21.931,bg:general
181139,181139,background,train,FSD50K,6.184,bg:general
181225,181225,background,train,FSD50K,1.545,bg:general
181351,181351,background,train,FSD50K,7.072,bg:general
181377,181377,background,train,FSD50K,5.966,bg:general
181528,181528,background,train,FSD50K,8.856,bg:general
181633,181633,background,train,FSD50K,9.428,bg:general
181716,181716,background,train,FSD50K,7.247,hard_neg:glass_dishes
181771,181771,background,train,FSD50K,18.052,bg:general
181811,181811,background,train,FSD50K,13.221,bg:general
181957,181957,background,train,FSD50K,17.389,bg:general
182016,182016,background,train,FSD50K,6.435,bg:general
182017,182017,background,train,FSD50K,2.787,bg:general
182024,182024,background,train,FSD50K,2.952,bg:general
182351,182351,background,train,FSD50K,1.495,hard_neg:alarm
182404,182404,background,train,FSD50K,11.843,bg:general
182474,182474,background,train,FSD50K,4.323,hard_neg:alarm
182510,182510,background,train,FSD50K,28.917,hard_neg:glass_dishes
182569,182569,background,train,FSD50K,1.287,bg:general
182628,182628,background,train,FSD50K,22.955,bg:general
182713,182713,background,train,FSD50K,19.718,bg:general
18276,18276,background,train,FSD50K,1.978,hard_neg:baby_cry
18284,18284,background,train,FSD50K,29.935,hard_neg:baby_cry
182857,182857,background,train,FSD50K,27.198,hard_neg:alarm
18290,18290,background,train,FSD50K,11.439,bg:general
18291,18291,background,train,FSD50K,13.828,hard_neg:baby_cry
182965,182965,background,train,FSD50K,5.209,bg:general
182979,182979,background,train,FSD50K,5.209,bg:general
183066,183066,background,train,FSD50K,3.125,bg:general
18315,18315,background,train,FSD50K,3.866,bg:general
183614,183614,background,train,FSD50K,1.254,bg:general
18372,18372,background,train,FSD50K,1.029,bg:general
183750,183750,background,train,FSD50K,3.125,bg:general
183760,183760,background,train,FSD50K,2.084,bg:general
183796,183796,background,train,FSD50K,4.167,bg:general
183821,183821,background,train,FSD50K,4.167,bg:general
183937,183937,background,train,FSD50K,4.0,bg:general
184000,184000,background,train,FSD50K,3.7,hard_neg:alarm
184001,184001,background,train,FSD50K,3.7,hard_neg:alarm
184355,184355,background,train,FSD50K,15.61,hard_neg:alarm
184616,184616,background,train,FSD50K,1.585,bg:general
184742,184742,background,train,FSD50K,1.959,bg:general
18475,18475,background,train,FSD50K,1.893,bg:general
184833,184833,background,train,FSD50K,8.451,hard_neg:scream_crowd
184947,184947,background,train,FSD50K,13.738,bg:general
184958,184958,background,train,FSD50K,9.561,bg:general
185199,185199,background,train,FSD50K,5.894,hard_neg:alarm
185347,185347,background,train,FSD50K,17.148,bg:general
185415,185415,background,train,FSD50K,1.945,bg:general
185474,185474,background,train,FSD50K,9.3,hard_neg:alarm
185560,185560,background,train,FSD50K,28.113,hard_neg:alarm
185619,185619,background,train,FSD50K,3.135,bg:general
185708,185708,background,train,FSD50K,8.619,hard_neg:alarm
185711,185711,background,train,FSD50K,16.598,bg:general
185751,185751,background,train,FSD50K,1.497,bg:general
185756,185756,background,train,FSD50K,6.192,bg:general
185887,185887,background,train,FSD50K,2.363,hard_neg:alarm
185999,185999,background,train,FSD50K,11.551,bg:general
186013,186013,background,train,FSD50K,3.0,bg:general
186022,186022,background,train,FSD50K,3.406,hard_neg:alarm
18603,18603,background,train,FSD50K,25.0,bg:general
186040,186040,background,train,FSD50K,11.692,hard_neg:alarm
186049,186049,background,train,FSD50K,9.757,hard_neg:glass_ring
186244,186244,background,train,FSD50K,14.85,hard_neg:alarm
186255,186255,background,train,FSD50K,9.898,hard_neg:alarm
18632,18632,background,train,FSD50K,19.892,hard_neg:alarm
186504,186504,background,train,FSD50K,6.0,bg:general
186531,186531,background,train,FSD50K,8.313,hard_neg:glass_dishes
186661,186661,background,train,FSD50K,2.0,bg:general
186673,186673,background,train,FSD50K,8.878,bg:general
187033,187033,background,train,FSD50K,14.475,bg:general
187034,187034,background,train,FSD50K,8.8,bg:general
187041,187041,background,train,FSD50K,5.248,bg:general
187044,187044,background,train,FSD50K,12.694,bg:general
187045,187045,background,train,FSD50K,6.326,bg:general
187148,187148,background,train,FSD50K,16.3,bg:general
187266,187266,background,train,FSD50K,15.884,bg:general
187269,187269,background,train,FSD50K,7.999,bg:general
187306,187306,background,train,FSD50K,1.485,hard_neg:alarm
187314,187314,background,train,FSD50K,1.374,hard_neg:alarm
187381,187381,background,train,FSD50K,6.845,bg:general
187681,187681,background,train,FSD50K,6.319,bg:general
187708,187708,background,train,FSD50K,15.505,bg:general
18773,18773,background,train,FSD50K,2.915,bg:general
187809,187809,background,train,FSD50K,4.363,bg:general
187930,187930,background,train,FSD50K,27.719,bg:general
187954,187954,background,train,FSD50K,1.448,bg:general
188012,188012,background,train,FSD50K,11.94,hard_neg:alarm
188192,188192,background,train,FSD50K,9.163,bg:general
188224,188224,background,train,FSD50K,6.25,hard_neg:glass_dishes
188225,188225,background,train,FSD50K,4.25,hard_neg:glass_dishes
188226,188226,background,train,FSD50K,10.322,hard_neg:glass_dishes
188229,188229,background,train,FSD50K,12.25,bg:general
188233,188233,background,train,FSD50K,3.263,bg:general
188240,188240,background,train,FSD50K,16.667,hard_neg:alarm
188446,188446,background,train,FSD50K,12.171,bg:general
188518,188518,background,train,FSD50K,3.519,hard_neg:glass_ring
188524,188524,background,train,FSD50K,2.973,hard_neg:glass_ring
188693,188693,background,train,FSD50K,1.382,hard_neg:alarm
188694,188694,background,train,FSD50K,3.855,hard_neg:alarm
188695,188695,background,train,FSD50K,21.955,hard_neg:alarm
188763,188763,background,train,FSD50K,1.253,bg:general
188770,188770,background,train,FSD50K,6.0,hard_neg:alarm
188828,188828,background,train,FSD50K,18.623,hard_neg:alarm
188903,188903,background,train,FSD50K,4.0,hard_neg:glass_ring
188923,188923,background,train,FSD50K,3.267,bg:general
188930,188930,background,train,FSD50K,9.369,hard_neg:alarm
188931,188931,background,train,FSD50K,0.665,hard_neg:alarm
18917,18917,background,train,FSD50K,4.83,bg:general
189182,189182,background,train,FSD50K,5.926,bg:general
189185,189185,background,train,FSD50K,6.282,bg:general
189531,189531,background,train,FSD50K,2.808,bg:general
189545,189545,background,train,FSD50K,2.135,bg:general
189579,189579,background,train,FSD50K,1.436,hard_neg:alarm
189635,189635,background,train,FSD50K,28.682,bg:general
189784,189784,background,train,FSD50K,11.75,bg:general
189836,189836,background,train,FSD50K,11.06,bg:general
189961,189961,background,train,FSD50K,10.337,bg:general
190028,190028,background,train,FSD50K,20.48,bg:general
190075,190075,background,train,FSD50K,4.738,bg:general
190133,190133,background,train,FSD50K,27.842,bg:general
19026,19026,background,train,FSD50K,1.925,hard_neg:alarm
190661,190661,background,train,FSD50K,16.992,bg:general
190664,190664,background,train,FSD50K,18.956,bg:general
190894,190894,background,train,FSD50K,20.585,bg:general
190914,190914,background,train,FSD50K,5.295,bg:general
191172,191172,background,train,FSD50K,1.142,bg:general
191489,191489,background,train,FSD50K,0.542,hard_neg:glass_dishes
191509,191509,background,train,FSD50K,10.821,bg:general
191912,191912,background,train,FSD50K,19.113,bg:general
192343,192343,background,train,FSD50K,3.093,hard_neg:alarm
192393,192393,background,train,FSD50K,11.677,bg:general
192395,192395,background,train,FSD50K,8.36,bg:general
192761,192761,background,train,FSD50K,0.925,hard_neg:alarm
193064,193064,background,train,FSD50K,28.792,bg:general
193170,193170,background,train,FSD50K,6.199,bg:general
193395,193395,background,train,FSD50K,4.0,hard_neg:alarm
193591,193591,background,train,FSD50K,16.271,bg:general
193812,193812,background,train,FSD50K,10.154,bg:general
193816,193816,background,train,FSD50K,20.308,bg:general
193832,193832,background,train,FSD50K,3.039,bg:general
193837,193837,background,train,FSD50K,2.003,bg:general
193840,193840,background,train,FSD50K,2.385,bg:general
193854,193854,background,train,FSD50K,2.275,bg:general
193947,193947,background,train,FSD50K,1.001,bg:general
193949,193949,background,train,FSD50K,1.001,bg:general
193951,193951,background,train,FSD50K,1.001,bg:general
193952,193952,background,train,FSD50K,1.001,bg:general
193953,193953,background,train,FSD50K,1.001,bg:general
193957,193957,background,train,FSD50K,1.001,bg:general
193958,193958,background,train,FSD50K,1.001,bg:general
193961,193961,background,train,FSD50K,1.001,bg:general
193962,193962,background,train,FSD50K,1.001,bg:general
193963,193963,background,train,FSD50K,1.001,bg:general
193966,193966,background,train,FSD50K,1.001,bg:general
193968,193968,background,train,FSD50K,1.001,bg:general
193972,193972,background,train,FSD50K,20.501,bg:general
193973,193973,background,train,FSD50K,24.501,bg:general
194279,194279,background,train,FSD50K,8.621,hard_neg:alarm
194280,194280,background,train,FSD50K,28.848,hard_neg:alarm
194657,194657,background,train,FSD50K,8.524,hard_neg:glass_ring
194698,194698,background,train,FSD50K,2.272,hard_neg:glass_ring
19487,19487,background,train,FSD50K,1.335,bg:general
194872,194872,background,train,FSD50K,14.862,bg:general
19488,19488,background,train,FSD50K,20.621,bg:general
19501,19501,background,train,FSD50K,2.295,bg:general
195072,195072,background,train,FSD50K,1.277,bg:general
195219,195219,background,train,FSD50K,8.156,bg:general
195412,195412,background,train,FSD50K,26.88,bg:general
195607,195607,background,train,FSD50K,3.0,hard_neg:glass_ring
195617,195617,background,train,FSD50K,10.09,bg:general
19562,19562,background,train,FSD50K,17.113,bg:general
195791,195791,background,train,FSD50K,20.53,bg:general
195794,195794,background,train,FSD50K,25.643,bg:general
196061,196061,background,train,FSD50K,2.031,bg:general
196104,196104,background,train,FSD50K,4.708,bg:general
196156,196156,background,train,FSD50K,15.47,hard_neg:baby_cry
196295,196295,background,train,FSD50K,15.976,bg:general
196322,196322,background,train,FSD50K,5.295,bg:general
196348,196348,background,train,FSD50K,10.832,bg:general
196368,196368,background,train,FSD50K,9.494,hard_neg:alarm
196370,196370,background,train,FSD50K,4.701,hard_neg:alarm
196371,196371,background,train,FSD50K,4.832,hard_neg:alarm
196372,196372,background,train,FSD50K,10.349,hard_neg:alarm
196373,196373,background,train,FSD50K,7.112,hard_neg:alarm
196374,196374,background,train,FSD50K,7.792,hard_neg:alarm
196375,196375,background,train,FSD50K,7.798,hard_neg:alarm
196376,196376,background,train,FSD50K,7.604,hard_neg:alarm
196377,196377,background,train,FSD50K,11.647,hard_neg:alarm
196378,196378,background,train,FSD50K,6.655,hard_neg:alarm
196379,196379,background,train,FSD50K,6.861,hard_neg:alarm
196380,196380,background,train,FSD50K,8.261,hard_neg:alarm
196567,196567,background,train,FSD50K,16.172,bg:general
196703,196703,background,train,FSD50K,14.426,bg:general
196705,196705,background,train,FSD50K,2.625,bg:general
196721,196721,background,train,FSD50K,4.083,bg:general
196838,196838,background,train,FSD50K,8.984,hard_neg:alarm
196880,196880,background,train,FSD50K,2.995,bg:general
197248,197248,background,train,FSD50K,12.0,bg:general
197305,197305,background,train,FSD50K,1.849,bg:general
197383,197383,background,train,FSD50K,25.98,hard_neg:glass_dishes
197447,197447,background,train,FSD50K,21.588,bg:general
197472,197472,background,train,FSD50K,0.894,hard_neg:alarm
197713,197713,background,train,FSD50K,3.205,hard_neg:alarm
197718,197718,background,train,FSD50K,22.91,hard_neg:baby_cry
197911,197911,background,train,FSD50K,20.459,bg:general
197913,197913,background,train,FSD50K,20.459,bg:general
198088,198088,background,train,FSD50K,8.778,bg:general
198091,198091,background,train,FSD50K,9.572,bg:general
198250,198250,background,train,FSD50K,3.507,bg:general
198255,198255,background,train,FSD50K,1.974,bg:general
198261,198261,background,train,FSD50K,2.787,bg:general
198339,198339,background,train,FSD50K,13.142,bg:general
198408,198408,background,train,FSD50K,5.273,hard_neg:alarm
198409,198409,background,train,FSD50K,5.364,hard_neg:alarm
19841,19841,background,train,FSD50K,11.0,bg:general
198496,198496,background,train,FSD50K,25.826,hard_neg:alarm
19880,19880,background,train,FSD50K,10.389,hard_neg:alarm
198965,198965,background,train,FSD50K,18.296,bg:general
198983,198983,background,train,FSD50K,4.325,bg:general
198987,198987,background,train,FSD50K,3.802,bg:general
19910,19910,background,train,FSD50K,16.186,bg:general
199344,199344,background,train,FSD50K,4.738,bg:general
199400,199400,background,train,FSD50K,7.875,hard_neg:glass_ring
199418,199418,background,train,FSD50K,10.778,bg:general
199453,199453,background,train,FSD50K,2.248,bg:general
199507,199507,background,train,FSD50K,9.088,bg:general
199653,199653,background,train,FSD50K,15.465,bg:general
199657,199657,background,train,FSD50K,19.488,hard_neg:alarm
199993,199993,background,train,FSD50K,1.875,bg:general
200144,200144,background,train,FSD50K,2.5,bg:general
200155,200155,background,train,FSD50K,1.25,bg:general
200330,200330,background,train,FSD50K,18.764,bg:general
200332,200332,background,train,FSD50K,15.111,bg:general
200335,200335,background,train,FSD50K,13.953,bg:general
200353,200353,background,train,FSD50K,3.337,bg:general
20069,20069,background,train,FSD50K,12.168,hard_neg:alarm
20074,20074,background,train,FSD50K,5.079,bg:general
20081,20081,background,train,FSD50K,1.939,bg:general
20086,20086,background,train,FSD50K,1.486,bg:general
20101,20101,background,train,FSD50K,18.009,hard_neg:alarm
201183,201183,background,train,FSD50K,14.733,bg:general
201303,201303,background,train,FSD50K,2.833,bg:general
201305,201305,background,train,FSD50K,2.81,bg:general
201325,201325,background,train,FSD50K,19.636,hard_neg:alarm
201549,201549,background,train,FSD50K,5.596,bg:general
201591,201591,background,train,FSD50K,16.459,bg:general
201654,201654,background,train,FSD50K,3.753,bg:general
201852,201852,background,train,FSD50K,3.943,bg:general
201855,201855,background,train,FSD50K,4.1,hard_neg:alarm
201877,201877,background,train,FSD50K,3.213,hard_neg:alarm
201878,201878,background,train,FSD50K,11.886,hard_neg:alarm
201911,201911,background,train,FSD50K,5.472,bg:general
201917,201917,background,train,FSD50K,10.0,hard_neg:alarm
201946,201946,background,train,FSD50K,1.56,hard_neg:alarm
20195,20195,background,train,FSD50K,14.35,bg:general
20196,20196,background,train,FSD50K,7.327,hard_neg:glass_dishes
20197,20197,background,train,FSD50K,18.298,hard_neg:glass_dishes
201984,201984,background,train,FSD50K,3.204,hard_neg:alarm
202001,202001,background,train,FSD50K,12.0,bg:general
202128,202128,background,train,FSD50K,8.064,hard_neg:alarm
202188,202188,background,train,FSD50K,8.0,bg:general
20224,20224,background,train,FSD50K,4.162,bg:general
202258,202258,background,train,FSD50K,6.981,hard_neg:alarm
202274,202274,background,train,FSD50K,13.898,bg:general
202290,202290,background,train,FSD50K,8.177,bg:general
202423,202423,background,train,FSD50K,10.014,hard_neg:alarm
202474,202474,background,train,FSD50K,5.0,hard_neg:alarm
202489,202489,background,train,FSD50K,13.411,bg:general
202512,202512,background,train,FSD50K,28.015,hard_neg:alarm
202676,202676,background,train,FSD50K,9.248,hard_neg:alarm
202730,202730,background,train,FSD50K,17.356,hard_neg:baby_cry
202748,202748,background,train,FSD50K,24.347,bg:general
20284,20284,background,train,FSD50K,1.098,hard_neg:alarm
203036,203036,background,train,FSD50K,24.149,bg:general
203172,203172,background,train,FSD50K,21.231,hard_neg:glass_dishes
203287,203287,background,train,FSD50K,23.948,hard_neg:alarm
203539,203539,background,train,FSD50K,1.512,hard_neg:alarm
203540,203540,background,train,FSD50K,1.008,hard_neg:alarm
203941,203941,background,train,FSD50K,8.966,hard_neg:alarm
203942,203942,background,train,FSD50K,11.968,hard_neg:alarm
203943,203943,background,train,FSD50K,22.777,hard_neg:alarm
203944,203944,background,train,FSD50K,7.17,hard_neg:alarm
203945,203945,background,train,FSD50K,8.963,hard_neg:alarm
203946,203946,background,train,FSD50K,14.394,hard_neg:alarm
203947,203947,background,train,FSD50K,8.185,hard_neg:alarm
203948,203948,background,train,FSD50K,12.135,hard_neg:alarm
204045,204045,background,train,FSD50K,9.238,hard_neg:glass_dishes
204047,204047,background,train,FSD50K,20.115,hard_neg:glass_dishes
204110,204110,background,train,FSD50K,3.739,bg:general
204118,204118,background,train,FSD50K,0.836,hard_neg:glass_ring
204126,204126,background,train,FSD50K,0.645,hard_neg:glass_ring
204128,204128,background,train,FSD50K,0.476,hard_neg:glass_ring
204135,204135,background,train,FSD50K,1.196,hard_neg:glass_ring
204330,204330,background,train,FSD50K,3.351,bg:general
204335,204335,background,train,FSD50K,15.677,bg:general
20435,20435,background,train,FSD50K,4.456,bg:general
204404,204404,background,train,FSD50K,8.058,bg:general
204423,204423,background,train,FSD50K,4.005,hard_neg:alarm
204424,204424,background,train,FSD50K,3.945,hard_neg:alarm
204425,204425,background,train,FSD50K,4.246,hard_neg:alarm
204426,204426,background,train,FSD50K,4.279,hard_neg:alarm
204684,204684,background,train,FSD50K,20.651,hard_neg:alarm
205695,205695,background,train,FSD50K,6.061,bg:general
205742,205742,background,train,FSD50K,10.159,bg:general
205743,205743,background,train,FSD50K,10.496,bg:general
20578,20578,background,train,FSD50K,17.562,bg:general
205949,205949,background,train,FSD50K,9.309,hard_neg:alarm
205951,205951,background,train,FSD50K,18.565,hard_neg:alarm
207252,207252,background,train,FSD50K,9.086,bg:general
20731,20731,background,train,FSD50K,13.189,hard_neg:glass_dishes
207352,207352,background,train,FSD50K,16.51,hard_neg:alarm
207751,207751,background,train,FSD50K,17.398,hard_neg:alarm
207935,207935,background,train,FSD50K,1.0,bg:general
20840,20840,background,train,FSD50K,4.742,bg:general
208658,208658,background,train,FSD50K,18.216,hard_neg:glass_dishes
208664,208664,background,train,FSD50K,18.576,hard_neg:glass_dishes
208699,208699,background,train,FSD50K,1.479,hard_neg:alarm
208700,208700,background,train,FSD50K,1.591,hard_neg:alarm
208740,208740,background,train,FSD50K,1.447,hard_neg:glass_ring
208741,208741,background,train,FSD50K,3.468,hard_neg:glass_ring
208746,208746,background,train,FSD50K,7.512,bg:general
208904,208904,background,train,FSD50K,1.875,bg:general
208911,208911,background,train,FSD50K,1.125,bg:general
208920,208920,background,train,FSD50K,3.0,bg:general
209038,209038,background,train,FSD50K,6.283,bg:general
209045,209045,background,train,FSD50K,18.286,bg:general
209075,209075,background,train,FSD50K,2.026,bg:general
209111,209111,background,train,FSD50K,1.5,bg:general
209207,209207,background,train,FSD50K,29.307,bg:general
209445,209445,background,train,FSD50K,11.046,bg:general
209610,209610,background,train,FSD50K,16.764,bg:general
209627,209627,background,train,FSD50K,1.039,bg:general
209698,209698,background,train,FSD50K,16.936,hard_neg:alarm
209873,209873,background,train,FSD50K,1.263,bg:general
209983,209983,background,train,FSD50K,1.987,bg:general
210004,210004,background,train,FSD50K,11.986,bg:general
210170,210170,background,train,FSD50K,23.624,bg:general
210179,210179,background,train,FSD50K,4.017,bg:general
210428,210428,background,train,FSD50K,2.446,bg:general
210429,210429,background,train,FSD50K,26.711,bg:general
21050,21050,background,train,FSD50K,8.583,bg:general
210581,210581,background,train,FSD50K,5.016,hard_neg:glass_dishes
21063,21063,background,train,FSD50K,28.286,bg:general
210648,210648,background,train,FSD50K,1.483,bg:general
210652,210652,background,train,FSD50K,1.179,bg:general
21069,21069,background,train,FSD50K,17.0,bg:general
210877,210877,background,train,FSD50K,22.074,bg:general
21105,21105,background,train,FSD50K,15.935,bg:general
211102,211102,background,train,FSD50K,10.589,bg:general
211103,211103,background,train,FSD50K,13.189,hard_neg:alarm
211156,211156,background,train,FSD50K,1.306,hard_neg:glass_dishes
211157,211157,background,train,FSD50K,1.275,hard_neg:glass_dishes
211159,211159,background,train,FSD50K,0.583,hard_neg:glass_dishes
211160,211160,background,train,FSD50K,0.532,hard_neg:glass_dishes
211162,211162,background,train,FSD50K,0.683,hard_neg:glass_ring
211408,211408,background,train,FSD50K,9.555,hard_neg:alarm
211451,211451,background,train,FSD50K,14.569,hard_neg:alarm
212006,212006,background,train,FSD50K,0.37,hard_neg:alarm
212127,212127,background,train,FSD50K,3.398,hard_neg:alarm
212128,212128,background,train,FSD50K,1.402,hard_neg:alarm
212129,212129,background,train,FSD50K,1.017,hard_neg:alarm
212182,212182,background,train,FSD50K,12.76,hard_neg:alarm
212186,212186,background,train,FSD50K,28.48,hard_neg:alarm
212187,212187,background,train,FSD50K,25.64,hard_neg:alarm
212194,212194,background,train,FSD50K,26.28,bg:general
212289,212289,background,train,FSD50K,4.417,bg:general
212401,212401,background,train,FSD50K,7.252,bg:general
212405,212405,background,train,FSD50K,12.096,bg:general
212464,212464,background,train,FSD50K,6.593,bg:general
212522,212522,background,train,FSD50K,6.888,bg:general
212531,212531,background,train,FSD50K,3.936,hard_neg:alarm
212532,212532,background,train,FSD50K,5.352,hard_neg:alarm
212533,212533,background,train,FSD50K,8.427,hard_neg:alarm
212534,212534,background,train,FSD50K,13.776,hard_neg:alarm
212535,212535,background,train,FSD50K,0.696,hard_neg:alarm
212600,212600,background,train,FSD50K,1.212,bg:general
212633,212633,background,train,FSD50K,0.356,hard_neg:glass_dishes
212662,212662,background,train,FSD50K,25.25,bg:general
212721,212721,background,train,FSD50K,1.968,hard_neg:glass_dishes
212722,212722,background,train,FSD50K,2.16,hard_neg:glass_dishes
212723,212723,background,train,FSD50K,2.328,hard_neg:glass_dishes
212820,212820,background,train,FSD50K,23.876,bg:general
212845,212845,background,train,FSD50K,3.792,bg:general
213155,213155,background,train,FSD50K,1.152,hard_neg:glass_ring
213205,213205,background,train,FSD50K,4.479,bg:general
213208,213208,background,train,FSD50K,3.936,bg:general
213399,213399,background,train,FSD50K,1.352,bg:general
213546,213546,background,train,FSD50K,27.294,bg:general
213560,213560,background,train,FSD50K,17.058,bg:general
213889,213889,background,train,FSD50K,14.933,bg:general
213890,213890,background,train,FSD50K,18.329,hard_neg:alarm
2139,2139,background,train,FSD50K,0.772,hard_neg:glass_dishes
214020,214020,background,train,FSD50K,7.027,hard_neg:alarm
214186,214186,background,train,FSD50K,1.09,hard_neg:glass_dishes
214187,214187,background,train,FSD50K,0.564,hard_neg:glass_dishes
214188,214188,background,train,FSD50K,0.731,hard_neg:glass_dishes
214189,214189,background,train,FSD50K,1.282,hard_neg:glass_dishes
214190,214190,background,train,FSD50K,1.397,hard_neg:glass_dishes
214191,214191,background,train,FSD50K,0.923,hard_neg:glass_dishes
214192,214192,background,train,FSD50K,1.936,hard_neg:glass_dishes
214193,214193,background,train,FSD50K,0.616,hard_neg:glass_dishes
214628,214628,background,train,FSD50K,9.836,bg:general
214890,214890,background,train,FSD50K,1.011,bg:general
214988,214988,background,train,FSD50K,2.527,bg:general
215035,215035,background,train,FSD50K,1.992,bg:general
215593,215593,background,train,FSD50K,2.456,bg:general
215599,215599,background,train,FSD50K,2.62,bg:general
215712,215712,background,train,FSD50K,15.048,bg:general
215818,215818,background,train,FSD50K,12.452,hard_neg:alarm
215819,215819,background,train,FSD50K,15.498,hard_neg:alarm
215820,215820,background,train,FSD50K,10.86,hard_neg:alarm
215821,215821,background,train,FSD50K,10.692,hard_neg:alarm
215822,215822,background,train,FSD50K,11.616,hard_neg:alarm
215845,215845,background,train,FSD50K,1.045,bg:general
215963,215963,background,train,FSD50K,17.032,bg:general
216001,216001,background,train,FSD50K,19.012,hard_neg:glass_dishes
216009,216009,background,train,FSD50K,8.666,hard_neg:alarm
216090,216090,background,train,FSD50K,0.592,hard_neg:alarm
216120,216120,background,train,FSD50K,7.5,bg:general
216127,216127,background,train,FSD50K,14.0,bg:general
216150,216150,background,train,FSD50K,24.969,bg:general
216214,216214,background,train,FSD50K,15.211,bg:general
216222,216222,background,train,FSD50K,3.0,bg:general
216225,216225,background,train,FSD50K,3.0,bg:general
216232,216232,background,train,FSD50K,3.0,bg:general
216319,216319,background,train,FSD50K,2.0,bg:general
216382,216382,background,train,FSD50K,10.033,bg:general
216397,216397,background,train,FSD50K,15.0,bg:general
216405,216405,background,train,FSD50K,20.073,bg:general
216494,216494,background,train,FSD50K,27.759,bg:general
216563,216563,background,train,FSD50K,1.958,bg:general
216756,216756,background,train,FSD50K,8.763,bg:general
21680,21680,background,train,FSD50K,5.346,hard_neg:alarm
21687,21687,background,train,FSD50K,3.648,hard_neg:alarm
217002,217002,background,train,FSD50K,8.262,bg:general
217206,217206,background,train,FSD50K,16.091,bg:general
217355,217355,background,train,FSD50K,17.796,bg:general
217358,217358,background,train,FSD50K,11.0,bg:general
21737,21737,background,train,FSD50K,11.441,bg:general
21750,21750,background,train,FSD50K,20.102,bg:general
217527,217527,background,train,FSD50K,29.875,hard_neg:alarm
21765,21765,background,train,FSD50K,9.431,bg:general
217767,217767,background,train,FSD50K,16.324,bg:general
217940,217940,background,train,FSD50K,1.229,bg:general
217948,217948,background,train,FSD50K,1.327,bg:general
217967,217967,background,train,FSD50K,8.821,bg:general
217989,217989,background,train,FSD50K,0.937,hard_neg:alarm
217991,217991,background,train,FSD50K,9.828,bg:general
21800,21800,background,train,FSD50K,1.014,bg:general
218069,218069,background,train,FSD50K,1.44,bg:general
218177,218177,background,train,FSD50K,22.454,bg:general
21819,21819,background,train,FSD50K,2.087,bg:general
218307,218307,background,train,FSD50K,3.794,bg:general
218317,218317,background,train,FSD50K,23.002,hard_neg:alarm
21871,21871,background,train,FSD50K,2.926,hard_neg:alarm
218773,218773,background,train,FSD50K,2.217,bg:general
218821,218821,background,train,FSD50K,1.984,bg:general
218977,218977,background,train,FSD50K,2.0,bg:general
218981,218981,background,train,FSD50K,2.5,bg:general
219052,219052,background,train,FSD50K,19.468,bg:general
219053,219053,background,train,FSD50K,16.674,bg:general
219090,219090,background,train,FSD50K,0.9,hard_neg:glass_ring
219176,219176,background,train,FSD50K,4.392,bg:general
219217,219217,background,train,FSD50K,13.69,bg:general
219222,219222,background,train,FSD50K,12.0,bg:general
219244,219244,background,train,FSD50K,8.522,hard_neg:alarm
219311,219311,background,train,FSD50K,3.031,bg:general
219366,219366,background,train,FSD50K,15.439,bg:general
219369,219369,background,train,FSD50K,6.296,bg:general
219467,219467,background,train,FSD50K,23.206,bg:general
219508,219508,background,train,FSD50K,16.366,bg:general
219526,219526,background,train,FSD50K,8.635,bg:general
219551,219551,background,train,FSD50K,7.023,hard_neg:glass_dishes
219552,219552,background,train,FSD50K,12.32,bg:general
219553,219553,background,train,FSD50K,8.585,bg:general
219769,219769,background,train,FSD50K,6.629,bg:general
21985,21985,background,train,FSD50K,21.002,hard_neg:alarm
21986,21986,background,train,FSD50K,8.327,hard_neg:alarm
219900,219900,background,train,FSD50K,1.093,bg:general
219911,219911,background,train,FSD50K,1.2,bg:general
220019,220019,background,train,FSD50K,1.37,bg:general
220146,220146,background,train,FSD50K,4.258,bg:general
220283,220283,background,train,FSD50K,5.852,bg:general
220774,220774,background,train,FSD50K,24.091,bg:general
22084,22084,background,train,FSD50K,1.254,bg:general
220945,220945,background,train,FSD50K,9.796,bg:general
220959,220959,background,train,FSD50K,17.6,hard_neg:glass_dishes
220988,220988,background,train,FSD50K,5.976,bg:general
22099,22099,background,train,FSD50K,3.922,bg:general
221,221,background,train,FSD50K,3.003,bg:general
221085,221085,background,train,FSD50K,2.5,hard_neg:alarm
221086,221086,background,train,FSD50K,5.0,hard_neg:alarm
221087,221087,background,train,FSD50K,5.0,hard_neg:alarm
221088,221088,background,train,FSD50K,5.0,hard_neg:alarm
221359,221359,background,train,FSD50K,6.557,hard_neg:alarm
2215,2215,background,train,FSD50K,3.553,bg:general
221522,221522,background,train,FSD50K,13.506,hard_neg:alarm
221639,221639,background,train,FSD50K,17.581,hard_neg:alarm
221644,221644,background,train,FSD50K,20.12,hard_neg:alarm
221678,221678,background,train,FSD50K,5.968,bg:general
221681,221681,background,train,FSD50K,12.432,bg:general
221709,221709,background,train,FSD50K,19.542,bg:general
221711,221711,background,train,FSD50K,18.006,bg:general
221718,221718,background,train,FSD50K,15.403,bg:general
221719,221719,background,train,FSD50K,18.006,bg:general
221798,221798,background,train,FSD50K,7.803,bg:general
221942,221942,background,train,FSD50K,3.79,bg:general
221950,221950,background,train,FSD50K,9.0,bg:general
221958,221958,background,train,FSD50K,10.007,hard_neg:scream_crowd
222193,222193,background,train,FSD50K,4.409,bg:general
222219,222219,background,train,FSD50K,1.881,bg:general
222221,222221,background,train,FSD50K,1.254,bg:general
222227,222227,background,train,FSD50K,1.394,bg:general
222331,222331,background,train,FSD50K,1.51,bg:general
222524,222524,background,train,FSD50K,24.915,bg:general
222638,222638,background,train,FSD50K,19.792,bg:general
222680,222680,background,train,FSD50K,1.005,bg:general
222808,222808,background,train,FSD50K,26.424,bg:general
222924,222924,background,train,FSD50K,8.098,bg:general
223176,223176,background,train,FSD50K,4.502,hard_neg:alarm
223182,223182,background,train,FSD50K,0.778,hard_neg:alarm
223183,223183,background,train,FSD50K,0.817,hard_neg:alarm
223320,223320,background,train,FSD50K,9.796,hard_neg:alarm
22345,22345,background,train,FSD50K,18.96,bg:general
22346,22346,background,train,FSD50K,16.848,bg:general
223496,223496,background,train,FSD50K,2.933,bg:general
223505,223505,background,train,FSD50K,20.742,hard_neg:alarm
223506,223506,background,train,FSD50K,16.056,hard_neg:alarm
223521,223521,background,train,FSD50K,7.461,hard_neg:scream_crowd
223562,223562,background,train,FSD50K,2.296,hard_neg:alarm
223671,223671,background,train,FSD50K,2.481,hard_neg:alarm
223672,223672,background,train,FSD50K,3.713,hard_neg:alarm
223673,223673,background,train,FSD50K,2.614,hard_neg:alarm
223743,223743,background,train,FSD50K,13.954,bg:general
223745,223745,background,train,FSD50K,8.617,hard_neg:scream_crowd
22382,22382,background,train,FSD50K,16.744,bg:general
22410,22410,background,train,FSD50K,1.5,hard_neg:alarm
22411,22411,background,train,FSD50K,2.0,hard_neg:alarm
22588,22588,background,train,FSD50K,13.061,bg:general
22597,22597,background,train,FSD50K,25.078,bg:general
22619,22619,background,train,FSD50K,24.471,bg:general
22622,22622,background,train,FSD50K,12.202,hard_neg:alarm
22627,22627,background,train,FSD50K,0.998,hard_neg:alarm
22770,22770,background,train,FSD50K,0.486,hard_neg:glass_dishes
22865,22865,background,train,FSD50K,1.114,bg:general
22876,22876,background,train,FSD50K,6.917,hard_neg:alarm
22877,22877,background,train,FSD50K,17.241,hard_neg:alarm
22885,22885,background,train,FSD50K,6.428,bg:general
22962,22962,background,train,FSD50K,9.093,bg:general
22967,22967,background,train,FSD50K,22.753,bg:general
231447,231447,background,train,FSD50K,12.0,bg:general
231740,231740,background,train,FSD50K,3.527,bg:general
231743,231743,background,train,FSD50K,3.344,bg:general
231912,231912,background,train,FSD50K,10.306,bg:general
232285,232285,background,train,FSD50K,25.482,bg:general
232493,232493,background,train,FSD50K,12.48,bg:general
232530,232530,background,train,FSD50K,2.588,bg:general
232537,232537,background,train,FSD50K,18.438,bg:general
232607,232607,background,train,FSD50K,14.326,bg:general
232696,232696,background,train,FSD50K,21.889,bg:general
232761,232761,background,train,FSD50K,2.484,bg:general
232834,232834,background,train,FSD50K,1.46,bg:general
232861,232861,background,train,FSD50K,7.431,bg:general
23288,23288,background,train,FSD50K,18.0,bg:general
232903,232903,background,train,FSD50K,26.849,bg:general
232918,232918,background,train,FSD50K,9.195,bg:general
232925,232925,background,train,FSD50K,4.075,bg:general
233001,233001,background,train,FSD50K,4.081,bg:general
233011,233011,background,train,FSD50K,3.239,bg:general
233171,233171,background,train,FSD50K,1.404,bg:general
233244,233244,background,train,FSD50K,2.953,bg:general
233288,233288,background,train,FSD50K,11.06,bg:general
233381,233381,background,train,FSD50K,1.365,hard_neg:glass_dishes
233389,233389,background,train,FSD50K,7.887,bg:general
233413,233413,background,train,FSD50K,2.967,bg:general
233425,233425,background,train,FSD50K,2.967,bg:general
233464,233464,background,train,FSD50K,17.268,bg:general
233469,233469,background,train,FSD50K,19.895,bg:general
233586,233586,background,train,FSD50K,7.0,hard_neg:glass_dishes
233645,233645,background,train,FSD50K,29.915,hard_neg:alarm
233715,233715,background,train,FSD50K,6.092,hard_neg:glass_dishes
233785,233785,background,train,FSD50K,11.755,bg:general
234035,234035,background,train,FSD50K,9.206,bg:general
234088,234088,background,train,FSD50K,19.134,bg:general
234268,234268,background,train,FSD50K,22.655,bg:general
234303,234303,background,train,FSD50K,14.44,bg:general
234335,234335,background,train,FSD50K,13.765,bg:general
234523,234523,background,train,FSD50K,2.462,hard_neg:alarm
234524,234524,background,train,FSD50K,1.812,hard_neg:alarm
234563,234563,background,train,FSD50K,2.462,hard_neg:alarm
234564,234564,background,train,FSD50K,1.812,hard_neg:alarm
234565,234565,background,train,FSD50K,1.951,hard_neg:alarm
234566,234566,background,train,FSD50K,2.067,hard_neg:alarm
234613,234613,background,train,FSD50K,1.729,bg:general
234942,234942,background,train,FSD50K,25.345,bg:general
235103,235103,background,train,FSD50K,2.021,bg:general
235114,235114,background,train,FSD50K,1.01,bg:general
235191,235191,background,train,FSD50K,6.331,hard_neg:scream_crowd
235265,235265,background,train,FSD50K,2.128,hard_neg:alarm
235277,235277,background,train,FSD50K,1.127,bg:general
235377,235377,background,train,FSD50K,1.875,bg:general
235459,235459,background,train,FSD50K,22.189,bg:general
235460,235460,background,train,FSD50K,10.177,bg:general
235496,235496,background,train,FSD50K,2.763,hard_neg:glass_dishes
235497,235497,background,train,FSD50K,2.315,hard_neg:glass_dishes
235499,235499,background,train,FSD50K,2.102,bg:general
23583,23583,background,train,FSD50K,5.276,bg:general
235903,235903,background,train,FSD50K,1.777,hard_neg:glass_dishes
236,236,background,train,FSD50K,11.093,bg:general
236327,236327,background,train,FSD50K,3.553,bg:general
236340,236340,background,train,FSD50K,1.021,bg:general
236355,236355,background,train,FSD50K,2.535,bg:general
23641,23641,background,train,FSD50K,7.164,bg:general
236455,236455,background,train,FSD50K,2.75,bg:general
23646,23646,background,train,FSD50K,1.275,bg:general
23647,23647,background,train,FSD50K,1.498,bg:general
23648,23648,background,train,FSD50K,1.777,bg:general
23650,23650,background,train,FSD50K,2.208,bg:general
236501,236501,background,train,FSD50K,1.5,bg:general
23655,23655,background,train,FSD50K,1.021,bg:general
236559,236559,background,train,FSD50K,3.347,bg:general
23656,23656,background,train,FSD50K,1.26,bg:general
236650,236650,background,train,FSD50K,2.375,bg:general
236653,236653,background,train,FSD50K,1.175,bg:general
23667,23667,background,train,FSD50K,1.886,bg:general
23670,23670,background,train,FSD50K,1.16,bg:general
23673,23673,background,train,FSD50K,4.963,bg:general
236798,236798,background,train,FSD50K,4.4,bg:general
236799,236799,background,train,FSD50K,5.652,hard_neg:alarm
236809,236809,background,train,FSD50K,4.124,bg:general
23684,23684,background,train,FSD50K,3.702,bg:general
23686,23686,background,train,FSD50K,4.405,bg:general
236957,236957,background,train,FSD50K,4.271,bg:general
23722,23722,background,train,FSD50K,16.498,bg:general
237380,237380,background,train,FSD50K,2.454,bg:general
237403,237403,background,train,FSD50K,8.02,bg:general
237411,237411,background,train,FSD50K,17.0,bg:general
237412,237412,background,train,FSD50K,16.589,bg:general
237419,237419,background,train,FSD50K,16.092,hard_neg:baby_cry
23756,23756,background,train,FSD50K,15.037,bg:general
237574,237574,background,train,FSD50K,20.454,bg:general
237653,237653,background,train,FSD50K,2.484,bg:general
237974,237974,background,train,FSD50K,11.047,bg:general
238059,238059,background,train,FSD50K,1.59,bg:general
238075,238075,background,train,FSD50K,6.087,hard_neg:alarm
238147,238147,background,train,FSD50K,2.749,bg:general
238243,238243,background,train,FSD50K,1.804,bg:general
238250,238250,background,train,FSD50K,6.85,hard_neg:baby_cry
238390,238390,background,train,FSD50K,6.078,hard_neg:alarm
238402,238402,background,train,FSD50K,1.0,bg:general
238409,238409,background,train,FSD50K,6.834,hard_neg:glass_dishes
238418,238418,background,train,FSD50K,7.09,hard_neg:glass_dishes
238424,238424,background,train,FSD50K,7.09,bg:general
238570,238570,background,train,FSD50K,4.8,bg:general
238574,238574,background,train,FSD50K,2.265,bg:general
23861,23861,background,train,FSD50K,17.604,bg:general
238676,238676,background,train,FSD50K,3.397,bg:general
238679,238679,background,train,FSD50K,3.855,bg:general
238698,238698,background,train,FSD50K,2.892,bg:general
238751,238751,background,train,FSD50K,9.379,bg:general
238793,238793,background,train,FSD50K,11.141,bg:general
23880,23880,background,train,FSD50K,3.8,hard_neg:baby_cry
238853,238853,background,train,FSD50K,2.939,bg:general
238981,238981,background,train,FSD50K,9.862,bg:general
239030,239030,background,train,FSD50K,1.51,hard_neg:alarm
239031,239031,background,train,FSD50K,1.51,hard_neg:alarm
239069,239069,background,train,FSD50K,2.5,bg:general
23907,23907,background,train,FSD50K,6.572,bg:general
239126,239126,background,train,FSD50K,9.6,bg:general
239164,239164,background,train,FSD50K,8.623,bg:general
239464,239464,background,train,FSD50K,5.334,bg:general
239469,239469,background,train,FSD50K,5.334,bg:general
239496,239496,background,train,FSD50K,16.262,bg:general
239573,239573,background,train,FSD50K,2.034,bg:general
239575,239575,background,train,FSD50K,2.851,bg:general
239681,239681,background,train,FSD50K,6.25,bg:general
239792,239792,background,train,FSD50K,6.25,bg:general
239862,239862,background,train,FSD50K,6.25,bg:general
240125,240125,background,train,FSD50K,8.184,bg:general
240333,240333,background,train,FSD50K,15.2,bg:general
240372,240372,background,train,FSD50K,3.589,hard_neg:baby_cry
240540,240540,background,train,FSD50K,7.958,bg:general
240608,240608,background,train,FSD50K,1.001,bg:general
240688,240688,background,train,FSD50K,13.849,bg:general
240785,240785,background,train,FSD50K,0.326,hard_neg:glass_dishes
240980,240980,background,train,FSD50K,13.795,bg:general
240984,240984,background,train,FSD50K,10.536,bg:general
24103,24103,background,train,FSD50K,23.219,hard_neg:glass_ring
241132,241132,background,train,FSD50K,1.904,bg:general
241265,241265,background,train,FSD50K,19.094,bg:general
241419,241419,background,train,FSD50K,16.0,hard_neg:alarm
241524,241524,background,train,FSD50K,5.852,bg:general
241722,241722,background,train,FSD50K,8.31,bg:general
241833,241833,background,train,FSD50K,4.625,bg:general
241901,241901,background,train,FSD50K,5.715,bg:general
241902,241902,background,train,FSD50K,12.235,bg:general
241904,241904,background,train,FSD50K,7.973,bg:general
241998,241998,background,train,FSD50K,4.24,hard_neg:alarm
242000,242000,background,train,FSD50K,4.125,hard_neg:alarm
242015,242015,background,train,FSD50K,17.79,bg:general
242077,242077,background,train,FSD50K,3.676,bg:general
242231,242231,background,train,FSD50K,2.344,bg:general
242254,242254,background,train,FSD50K,9.708,hard_neg:glass_ring
242262,242262,background,train,FSD50K,10.0,hard_neg:glass_ring
242269,242269,background,train,FSD50K,10.0,hard_neg:glass_ring
242270,242270,background,train,FSD50K,10.0,hard_neg:glass_ring
242272,242272,background,train,FSD50K,10.0,hard_neg:glass_ring
24232,24232,background,train,FSD50K,2.232,hard_neg:alarm
24233,24233,background,train,FSD50K,5.899,hard_neg:alarm
242338,242338,background,train,FSD50K,4.0,hard_neg:glass_ring
242339,242339,background,train,FSD50K,4.0,hard_neg:glass_ring
242340,242340,background,train,FSD50K,3.5,hard_neg:glass_ring
242341,242341,background,train,FSD50K,3.5,hard_neg:glass_ring
242345,242345,background,train,FSD50K,3.0,hard_neg:glass_ring
242359,242359,background,train,FSD50K,6.0,hard_neg:glass_ring
24236,24236,background,train,FSD50K,5.159,hard_neg:alarm
242360,242360,background,train,FSD50K,4.5,hard_neg:glass_ring
242361,242361,background,train,FSD50K,3.5,hard_neg:glass_ring
242362,242362,background,train,FSD50K,3.0,hard_neg:glass_ring
242363,242363,background,train,FSD50K,5.0,hard_neg:glass_ring
242367,242367,background,train,FSD50K,5.5,hard_neg:glass_ring
242376,242376,background,train,FSD50K,3.5,hard_neg:glass_ring
242377,242377,background,train,FSD50K,3.5,hard_neg:glass_ring
242384,242384,background,train,FSD50K,3.5,hard_neg:glass_ring
242389,242389,background,train,FSD50K,4.0,hard_neg:glass_ring
242391,242391,background,train,FSD50K,5.0,hard_neg:glass_ring
242394,242394,background,train,FSD50K,5.5,hard_neg:glass_ring
242395,242395,background,train,FSD50K,4.5,hard_neg:glass_ring
242433,242433,background,train,FSD50K,10.0,hard_neg:glass_ring
24244,24244,background,train,FSD50K,1.111,bg:general
242443,242443,background,train,FSD50K,4.5,hard_neg:glass_ring
242444,242444,background,train,FSD50K,3.261,hard_neg:glass_ring
24245,24245,background,train,FSD50K,1.07,bg:general
242453,242453,background,train,FSD50K,4.5,hard_neg:glass_ring
242454,242454,background,train,FSD50K,3.5,hard_neg:glass_ring
242457,242457,background,train,FSD50K,5.0,hard_neg:glass_ring
24246,24246,background,train,FSD50K,1.257,bg:general
242460,242460,background,train,FSD50K,4.0,hard_neg:glass_ring
242462,242462,background,train,FSD50K,4.0,hard_neg:glass_ring
242494,242494,background,train,FSD50K,21.554,hard_neg:alarm
242502,242502,background,train,FSD50K,0.423,hard_neg:alarm
242574,242574,background,train,FSD50K,15.256,bg:general
242576,242576,background,train,FSD50K,14.603,bg:general
242579,242579,background,train,FSD50K,10.5,bg:general
242686,242686,background,train,FSD50K,2.044,bg:general
242698,242698,background,train,FSD50K,1.08,bg:general
24271,24271,background,train,FSD50K,8.998,hard_neg:alarm
242738,242738,background,train,FSD50K,1.594,bg:general
242741,242741,background,train,FSD50K,1.537,bg:general
242747,242747,background,train,FSD50K,7.385,bg:general
242911,242911,background,train,FSD50K,2.476,hard_neg:baby_cry
24312,24312,background,train,FSD50K,2.0,bg:general
24313,24313,background,train,FSD50K,2.004,bg:general
243406,243406,background,train,FSD50K,3.81,hard_neg:scream_crowd
243547,243547,background,train,FSD50K,13.604,bg:general
243548,243548,background,train,FSD50K,16.0,bg:general
243551,243551,background,train,FSD50K,10.674,bg:general
243571,243571,background,train,FSD50K,10.048,bg:general
243607,243607,background,train,FSD50K,2.685,hard_neg:alarm
243661,243661,background,train,FSD50K,18.822,hard_neg:baby_cry
24373,24373,background,train,FSD50K,14.198,bg:general
244193,244193,background,train,FSD50K,1.285,hard_neg:glass_ring
244406,244406,background,train,FSD50K,1.178,bg:general
244482,244482,background,train,FSD50K,1.4,bg:general
244712,244712,background,train,FSD50K,24.107,bg:general
244782,244782,background,train,FSD50K,28.432,bg:general
244807,244807,background,train,FSD50K,25.002,bg:general
244925,244925,background,train,FSD50K,20.308,hard_neg:glass_dishes
244927,244927,background,train,FSD50K,7.36,hard_neg:alarm
244932,244932,background,train,FSD50K,1.009,hard_neg:alarm
245028,245028,background,train,FSD50K,4.226,hard_neg:alarm
245199,245199,background,train,FSD50K,1.459,bg:general
24520,24520,background,train,FSD50K,15.623,hard_neg:alarm
245300,245300,background,train,FSD50K,9.027,hard_neg:baby_cry
245311,245311,background,train,FSD50K,1.623,hard_neg:alarm
245313,245313,background,train,FSD50K,1.855,hard_neg:alarm
245578,245578,background,train,FSD50K,3.824,bg:general
245581,245581,background,train,FSD50K,6.784,bg:general
245673,245673,background,train,FSD50K,7.425,bg:general
245683,245683,background,train,FSD50K,22.286,bg:general
245684,245684,background,train,FSD50K,28.23,bg:general
245703,245703,background,train,FSD50K,16.341,bg:general
245888,245888,background,train,FSD50K,10.353,hard_neg:alarm
245910,245910,background,train,FSD50K,0.84,hard_neg:glass_ring
246309,246309,background,train,FSD50K,21.978,hard_neg:baby_cry
246318,246318,background,train,FSD50K,3.971,bg:general
246327,246327,background,train,FSD50K,1.001,bg:general
246328,246328,background,train,FSD50K,1.023,hard_neg:alarm
24637,24637,background,train,FSD50K,4.0,bg:general
246390,246390,background,train,FSD50K,23.569,hard_neg:alarm
246776,246776,background,train,FSD50K,6.289,bg:general
246853,246853,background,train,FSD50K,6.14,bg:general
24695,24695,background,train,FSD50K,19.692,bg:general
247110,247110,background,train,FSD50K,4.375,bg:general
247129,247129,background,train,FSD50K,2.5,bg:general
247138,247138,background,train,FSD50K,3.625,bg:general
247225,247225,background,train,FSD50K,8.076,bg:general
247273,247273,background,train,FSD50K,4.125,bg:general
247281,247281,background,train,FSD50K,4.863,bg:general
247314,247314,background,train,FSD50K,3.405,bg:general
247323,247323,background,train,FSD50K,3.095,bg:general
24735,24735,background,train,FSD50K,7.993,hard_neg:alarm
24736,24736,background,train,FSD50K,27.261,hard_neg:alarm
247484,247484,background,train,FSD50K,5.743,bg:general
247588,247588,background,train,FSD50K,5.981,bg:general
24775,24775,background,train,FSD50K,26.443,bg:general
24794,24794,background,train,FSD50K,14.185,bg:general
24800,24800,background,train,FSD50K,12.075,bg:general
24822,24822,background,train,FSD50K,28.376,bg:general
248296,248296,background,train,FSD50K,27.004,bg:general
248478,248478,background,train,FSD50K,5.5,bg:general
248483,248483,background,train,FSD50K,5.0,bg:general
249150,249150,background,train,FSD50K,1.724,hard_neg:alarm
249159,249159,background,train,FSD50K,9.73,bg:general
249191,249191,background,train,FSD50K,5.042,hard_neg:alarm
24928,24928,background,train,FSD50K,27.022,hard_neg:alarm
24929,24929,background,train,FSD50K,27.063,hard_neg:alarm
249303,249303,background,train,FSD50K,4.906,hard_neg:alarm
249304,249304,background,train,FSD50K,15.138,hard_neg:alarm
249509,249509,background,train,FSD50K,4.713,hard_neg:alarm
249510,249510,background,train,FSD50K,3.864,hard_neg:alarm
249511,249511,background,train,FSD50K,4.916,hard_neg:alarm
249513,249513,background,train,FSD50K,5.21,hard_neg:alarm
249515,249515,background,train,FSD50K,4.114,hard_neg:alarm
249546,249546,background,train,FSD50K,2.448,bg:general
24966,24966,background,train,FSD50K,11.583,bg:general
249679,249679,background,train,FSD50K,20.496,bg:general
24968,24968,background,train,FSD50K,11.195,bg:general
249722,249722,background,train,FSD50K,7.381,bg:general
24973,24973,background,train,FSD50K,2.588,bg:general
249809,249809,background,train,FSD50K,4.296,bg:general
249931,249931,background,train,FSD50K,2.339,hard_neg:alarm
250007,250007,background,train,FSD50K,6.625,bg:general
250047,250047,background,train,FSD50K,1.304,hard_neg:alarm
250048,250048,background,train,FSD50K,1.006,hard_neg:alarm
250049,250049,background,train,FSD50K,1.653,hard_neg:alarm
250050,250050,background,train,FSD50K,1.122,hard_neg:alarm
250051,250051,background,train,FSD50K,1.306,hard_neg:alarm
250052,250052,background,train,FSD50K,1.013,hard_neg:alarm
250063,250063,background,train,FSD50K,7.853,bg:general
250094,250094,background,train,FSD50K,4.1,bg:general
250095,250095,background,train,FSD50K,4.525,bg:general
250096,250096,background,train,FSD50K,22.224,hard_neg:alarm
250103,250103,background,train,FSD50K,2.677,bg:general
250229,250229,background,train,FSD50K,8.98,bg:general
250252,250252,background,train,FSD50K,8.924,bg:general
250257,250257,background,train,FSD50K,7.924,bg:general
250261,250261,background,train,FSD50K,3.83,hard_neg:alarm
250285,250285,background,train,FSD50K,11.06,hard_neg:alarm
25031,25031,background,train,FSD50K,7.708,hard_neg:alarm
25032,25032,background,train,FSD50K,7.708,hard_neg:alarm
250359,250359,background,train,FSD50K,12.873,bg:general
25042,25042,background,train,FSD50K,10.397,bg:general
250629,250629,background,train,FSD50K,5.172,hard_neg:alarm
25063,25063,background,train,FSD50K,7.567,bg:general
250630,250630,background,train,FSD50K,2.379,hard_neg:alarm
250631,250631,background,train,FSD50K,2.326,hard_neg:alarm
250632,250632,background,train,FSD50K,2.614,hard_neg:alarm
250646,250646,background,train,FSD50K,3.271,bg:general
250653,250653,background,train,FSD50K,13.139,bg:general
250654,250654,background,train,FSD50K,2.273,hard_neg:alarm
250679,250679,background,train,FSD50K,7.731,hard_neg:baby_cry
250691,250691,background,train,FSD50K,7.213,hard_neg:glass_dishes
250692,250692,background,train,FSD50K,4.417,hard_neg:glass_dishes
250695,250695,background,train,FSD50K,1.621,hard_neg:glass_dishes
250696,250696,background,train,FSD50K,6.91,hard_neg:glass_dishes
250702,250702,background,train,FSD50K,1.853,bg:general
250943,250943,background,train,FSD50K,22.106,bg:general
250991,250991,background,train,FSD50K,29.76,bg:general
251034,251034,background,train,FSD50K,6.891,bg:general
251126,251126,background,train,FSD50K,4.041,bg:general
251302,251302,background,train,FSD50K,11.147,bg:general
251341,251341,background,train,FSD50K,1.017,hard_neg:alarm
251352,251352,background,train,FSD50K,23.018,bg:general
251495,251495,background,train,FSD50K,16.767,bg:general
251540,251540,background,train,FSD50K,18.143,hard_neg:alarm
251542,251542,background,train,FSD50K,10.632,hard_neg:alarm
251564,251564,background,train,FSD50K,22.88,hard_neg:alarm
251578,251578,background,train,FSD50K,18.861,bg:general
251583,251583,background,train,FSD50K,9.096,hard_neg:alarm
251815,251815,background,train,FSD50K,9.584,bg:general
251894,251894,background,train,FSD50K,5.896,hard_neg:alarm
251957,251957,background,train,FSD50K,18.853,bg:general
251962,251962,background,train,FSD50K,24.4,bg:general
251969,251969,background,train,FSD50K,8.06,bg:general
252015,252015,background,train,FSD50K,27.507,bg:general
252440,252440,background,train,FSD50K,8.02,bg:general
252511,252511,background,train,FSD50K,8.02,bg:general
252621,252621,background,train,FSD50K,8.046,bg:general
252783,252783,background,train,FSD50K,7.09,bg:general
252864,252864,background,train,FSD50K,15.014,bg:general
252870,252870,background,train,FSD50K,20.002,bg:general
253313,253313,background,train,FSD50K,21.253,hard_neg:alarm
253314,253314,background,train,FSD50K,21.576,hard_neg:alarm
253315,253315,background,train,FSD50K,18.394,hard_neg:alarm
253316,253316,background,train,FSD50K,21.738,hard_neg:alarm
253337,253337,background,train,FSD50K,27.836,hard_neg:glass_dishes
253338,253338,background,train,FSD50K,20.416,hard_neg:glass_dishes
253587,253587,background,train,FSD50K,17.918,hard_neg:scream_crowd
253603,253603,background,train,FSD50K,13.864,hard_neg:scream_crowd
253638,253638,background,train,FSD50K,14.779,bg:general
253711,253711,background,train,FSD50K,4.004,bg:general
253713,253713,background,train,FSD50K,3.5,hard_neg:alarm
253726,253726,background,train,FSD50K,20.653,bg:general
253766,253766,background,train,FSD50K,1.151,bg:general
253775,253775,background,train,FSD50K,1.103,bg:general
253928,253928,background,train,FSD50K,3.4,hard_neg:alarm
253945,253945,background,train,FSD50K,8.0,bg:general
253982,253982,background,train,FSD50K,2.28,hard_neg:alarm
254071,254071,background,train,FSD50K,1.774,bg:general
254128,254128,background,train,FSD50K,7.758,bg:general
254130,254130,background,train,FSD50K,26.986,bg:general
254186,254186,background,train,FSD50K,5.6,hard_neg:alarm
254294,254294,background,train,FSD50K,2.913,bg:general
254303,254303,background,train,FSD50K,4.839,bg:general
254325,254325,background,train,FSD50K,21.045,bg:general
254332,254332,background,train,FSD50K,10.996,bg:general
254388,254388,background,train,FSD50K,1.086,bg:general
254473,254473,background,train,FSD50K,4.967,hard_neg:baby_cry
254474,254474,background,train,FSD50K,11.445,hard_neg:baby_cry
254475,254475,background,train,FSD50K,12.363,hard_neg:baby_cry
254476,254476,background,train,FSD50K,5.519,hard_neg:baby_cry
254478,254478,background,train,FSD50K,7.612,hard_neg:baby_cry
254481,254481,background,train,FSD50K,4.805,bg:general
254482,254482,background,train,FSD50K,14.468,bg:general
254507,254507,background,train,FSD50K,21.602,hard_neg:alarm
254585,254585,background,train,FSD50K,1.865,bg:general
25463,25463,background,train,FSD50K,5.585,bg:general
254659,254659,background,train,FSD50K,16.0,bg:general
254678,254678,background,train,FSD50K,2.513,hard_neg:alarm
254788,254788,background,train,FSD50K,23.068,bg:general
25480,25480,background,train,FSD50K,14.434,hard_neg:alarm
254869,254869,background,train,FSD50K,7.759,hard_neg:baby_cry
254894,254894,background,train,FSD50K,24.855,bg:general
254907,254907,background,train,FSD50K,4.0,hard_neg:alarm
255009,255009,background,train,FSD50K,4.572,bg:general
255193,255193,background,train,FSD50K,14.781,hard_neg:alarm
255194,255194,background,train,FSD50K,14.762,hard_neg:alarm
255195,255195,background,train,FSD50K,14.854,hard_neg:alarm
255208,255208,background,train,FSD50K,3.426,hard_neg:glass_dishes
255319,255319,background,train,FSD50K,24.845,bg:general
255547,255547,background,train,FSD50K,19.903,bg:general
255617,255617,background,train,FSD50K,3.997,hard_neg:glass_ring
255619,255619,background,train,FSD50K,5.001,hard_neg:glass_ring
255622,255622,background,train,FSD50K,6.01,hard_neg:glass_ring
255624,255624,background,train,FSD50K,6.008,hard_neg:glass_ring
255648,255648,background,train,FSD50K,4.995,hard_neg:glass_ring
255650,255650,background,train,FSD50K,2.502,hard_neg:glass_ring
255651,255651,background,train,FSD50K,2.0,hard_neg:glass_ring
255652,255652,background,train,FSD50K,2.491,hard_neg:glass_ring
255654,255654,background,train,FSD50K,2.999,hard_neg:glass_ring
255658,255658,background,train,FSD50K,6.007,hard_neg:glass_ring
255659,255659,background,train,FSD50K,6.991,hard_neg:glass_ring
255662,255662,background,train,FSD50K,3.015,hard_neg:glass_ring
255668,255668,background,train,FSD50K,1.503,hard_neg:glass_ring
255677,255677,background,train,FSD50K,5.653,bg:general
255686,255686,background,train,FSD50K,5.305,bg:general
255699,255699,background,train,FSD50K,26.406,hard_neg:alarm
255700,255700,background,train,FSD50K,17.533,hard_neg:alarm
255782,255782,background,train,FSD50K,8.528,bg:general
255850,255850,background,train,FSD50K,17.507,hard_neg:alarm
255875,255875,background,train,FSD50K,11.262,bg:general
255881,255881,background,train,FSD50K,1.773,bg:general
256127,256127,background,train,FSD50K,11.964,hard_neg:alarm
256159,256159,background,train,FSD50K,5.69,hard_neg:alarm
256160,256160,background,train,FSD50K,11.303,hard_neg:alarm
256210,256210,background,train,FSD50K,2.464,hard_neg:alarm
256211,256211,background,train,FSD50K,3.14,hard_neg:alarm
256212,256212,background,train,FSD50K,19.064,bg:general
256222,256222,background,train,FSD50K,22.142,hard_neg:glass_ring
256295,256295,background,train,FSD50K,8.62,bg:general
256307,256307,background,train,FSD50K,1.96,bg:general
256323,256323,background,train,FSD50K,24.024,bg:general
256339,256339,background,train,FSD50K,20.592,bg:general
256340,256340,background,train,FSD50K,20.592,bg:general
256341,256341,background,train,FSD50K,20.7,bg:general
256346,256346,background,train,FSD50K,12.96,bg:general
256348,256348,background,train,FSD50K,5.364,bg:general
256352,256352,background,train,FSD50K,2.412,bg:general
256355,256355,background,train,FSD50K,3.276,bg:general
256356,256356,background,train,FSD50K,3.276,bg:general
256360,256360,background,train,FSD50K,3.816,bg:general
256363,256363,background,train,FSD50K,3.924,bg:general
256367,256367,background,train,FSD50K,3.456,bg:general
256369,256369,background,train,FSD50K,3.636,bg:general
256376,256376,background,train,FSD50K,15.54,bg:general
256381,256381,background,train,FSD50K,15.54,bg:general
256382,256382,background,train,FSD50K,15.54,bg:general
256415,256415,background,train,FSD50K,5.329,bg:general
256510,256510,background,train,FSD50K,4.0,bg:general
256788,256788,background,train,FSD50K,14.685,bg:general
256810,256810,background,train,FSD50K,6.619,bg:general
256814,256814,background,train,FSD50K,20.328,bg:general
256822,256822,background,train,FSD50K,10.544,bg:general
256863,256863,background,train,FSD50K,16.161,bg:general
257016,257016,background,train,FSD50K,24.542,bg:general
257039,257039,background,train,FSD50K,11.063,bg:general
257089,257089,background,train,FSD50K,13.297,bg:general
257090,257090,background,train,FSD50K,12.924,bg:general
257103,257103,background,train,FSD50K,3.789,bg:general
257194,257194,background,train,FSD50K,1.491,bg:general
257275,257275,background,train,FSD50K,2.849,bg:general
257350,257350,background,train,FSD50K,6.449,hard_neg:glass_ring
257494,257494,background,train,FSD50K,7.189,bg:general
257584,257584,background,train,FSD50K,9.65,bg:general
257746,257746,background,train,FSD50K,19.087,bg:general
257784,257784,background,train,FSD50K,9.998,bg:general
257788,257788,background,train,FSD50K,8.429,bg:general
257806,257806,background,train,FSD50K,1.243,hard_neg:alarm
257807,257807,background,train,FSD50K,2.856,bg:general
257812,257812,background,train,FSD50K,7.613,bg:general
257815,257815,background,train,FSD50K,4.911,bg:general
257818,257818,background,train,FSD50K,9.399,bg:general
257949,257949,background,train,FSD50K,4.625,hard_neg:alarm
257950,257950,background,train,FSD50K,9.542,hard_neg:alarm
258005,258005,background,train,FSD50K,15.375,bg:general
258016,258016,background,train,FSD50K,3.386,hard_neg:alarm
258049,258049,background,train,FSD50K,6.427,bg:general
258089,258089,background,train,FSD50K,2.078,hard_neg:alarm
258138,258138,background,train,FSD50K,8.112,bg:general
258175,258175,background,train,FSD50K,19.98,hard_neg:alarm
258176,258176,background,train,FSD50K,11.954,hard_neg:alarm
258177,258177,background,train,FSD50K,9.99,hard_neg:alarm
258178,258178,background,train,FSD50K,14.985,hard_neg:alarm
258179,258179,background,train,FSD50K,1.11,hard_neg:alarm
258180,258180,background,train,FSD50K,1.728,hard_neg:alarm
258193,258193,background,train,FSD50K,0.361,hard_neg:alarm
25821,25821,background,train,FSD50K,15.067,hard_neg:alarm
259180,259180,background,train,FSD50K,3.646,bg:general
259553,259553,background,train,FSD50K,2.001,hard_neg:glass_dishes
259605,259605,background,train,FSD50K,5.336,bg:general
259606,259606,background,train,FSD50K,18.482,hard_neg:baby_cry
259608,259608,background,train,FSD50K,23.683,hard_neg:baby_cry
259609,259609,background,train,FSD50K,16.16,hard_neg:baby_cry
259610,259610,background,train,FSD50K,16.833,hard_neg:baby_cry
259627,259627,background,train,FSD50K,20.107,bg:general
259671,259671,background,train,FSD50K,19.368,hard_neg:glass_dishes
259926,259926,background,train,FSD50K,2.24,hard_neg:alarm
259927,259927,background,train,FSD50K,2.239,hard_neg:alarm
259949,259949,background,train,FSD50K,5.071,hard_neg:glass_ring
259976,259976,background,train,FSD50K,25.367,bg:general
259977,259977,background,train,FSD50K,9.226,bg:general
259978,259978,background,train,FSD50K,19.047,bg:general
259992,259992,background,train,FSD50K,3.404,hard_neg:alarm
260101,260101,background,train,FSD50K,20.136,bg:general
260121,260121,background,train,FSD50K,26.482,bg:general
260122,260122,background,train,FSD50K,20.368,bg:general
260124,260124,background,train,FSD50K,19.711,bg:general
26039,26039,background,train,FSD50K,4.296,bg:general
260743,260743,background,train,FSD50K,15.999,bg:general
260958,260958,background,train,FSD50K,3.564,bg:general
26104,26104,background,train,FSD50K,16.439,bg:general
261301,261301,background,train,FSD50K,1.855,bg:general
261331,261331,background,train,FSD50K,1.533,bg:general
261379,261379,background,train,FSD50K,6.949,bg:general
261386,261386,background,train,FSD50K,1.933,bg:general
261393,261393,background,train,FSD50K,2.613,bg:general
261420,261420,background,train,FSD50K,16.0,bg:general
26143,26143,background,train,FSD50K,2.326,bg:general
26147,26147,background,train,FSD50K,4.751,hard_neg:baby_cry
261595,261595,background,train,FSD50K,2.497,bg:general
261597,261597,background,train,FSD50K,1.834,bg:general
26176,26176,background,train,FSD50K,1.95,hard_neg:alarm
26177,26177,background,train,FSD50K,3.941,hard_neg:alarm
26180,26180,background,train,FSD50K,4.521,bg:general
262648,262648,background,train,FSD50K,7.073,hard_neg:alarm
262654,262654,background,train,FSD50K,15.952,bg:general
262853,262853,background,train,FSD50K,2.667,hard_neg:alarm
262878,262878,background,train,FSD50K,2.2,hard_neg:alarm
262897,262897,background,train,FSD50K,14.744,hard_neg:alarm
262900,262900,background,train,FSD50K,1.5,hard_neg:alarm
262911,262911,background,train,FSD50K,0.57,hard_neg:alarm
263,263,background,train,FSD50K,4.313,hard_neg:baby_cry
263030,263030,background,train,FSD50K,5.945,bg:general
263152,263152,background,train,FSD50K,15.619,bg:general
263166,263166,background,train,FSD50K,25.314,bg:general
26345,26345,background,train,FSD50K,14.443,bg:general
26348,26348,background,train,FSD50K,2.195,hard_neg:alarm
263487,263487,background,train,FSD50K,6.016,bg:general
263523,263523,background,train,FSD50K,25.32,bg:general
263542,263542,background,train,FSD50K,6.105,bg:general
263619,263619,background,train,FSD50K,12.108,hard_neg:glass_dishes
26373,26373,background,train,FSD50K,17.973,hard_neg:alarm
2638,2638,background,train,FSD50K,1.971,bg:general
263865,263865,background,train,FSD50K,7.251,bg:general
2639,2639,background,train,FSD50K,3.756,bg:general
263935,263935,background,train,FSD50K,22.47,bg:general
263962,263962,background,train,FSD50K,10.031,bg:general
264031,264031,background,train,FSD50K,7.212,bg:general
264274,264274,background,train,FSD50K,7.709,bg:general
264346,264346,background,train,FSD50K,0.556,hard_neg:alarm
264875,264875,background,train,FSD50K,10.163,bg:general
264919,264919,background,train,FSD50K,20.758,bg:general
264993,264993,background,train,FSD50K,11.125,hard_neg:alarm
265017,265017,background,train,FSD50K,27.748,hard_neg:alarm
265080,265080,background,train,FSD50K,8.997,hard_neg:alarm
265083,265083,background,train,FSD50K,8.427,hard_neg:alarm
265085,265085,background,train,FSD50K,8.459,hard_neg:alarm
265088,265088,background,train,FSD50K,6.623,hard_neg:alarm
265360,265360,background,train,FSD50K,7.0,bg:general
265403,265403,background,train,FSD50K,1.494,hard_neg:glass_ring
265544,265544,background,train,FSD50K,5.84,bg:general
265636,265636,background,train,FSD50K,5.744,bg:general
265644,265644,background,train,FSD50K,23.728,hard_neg:alarm
265755,265755,background,train,FSD50K,0.528,hard_neg:alarm
265769,265769,background,train,FSD50K,2.057,hard_neg:alarm
265977,265977,background,train,FSD50K,13.072,hard_neg:alarm
265992,265992,background,train,FSD50K,15.674,bg:general
266525,266525,background,train,FSD50K,25.374,bg:general
266592,266592,background,train,FSD50K,3.8,bg:general
266650,266650,background,train,FSD50K,15.125,bg:general
266848,266848,background,train,FSD50K,27.17,hard_neg:alarm
266891,266891,background,train,FSD50K,1.009,hard_neg:alarm
266924,266924,background,train,FSD50K,9.922,hard_neg:alarm
267149,267149,background,train,FSD50K,1.563,bg:general
267199,267199,background,train,FSD50K,25.5,hard_neg:alarm
267249,267249,background,train,FSD50K,3.399,bg:general
267251,267251,background,train,FSD50K,10.874,bg:general
267290,267290,background,train,FSD50K,13.044,hard_neg:glass_ring
267520,267520,background,train,FSD50K,21.119,bg:general
267697,267697,background,train,FSD50K,20.764,bg:general
26776,26776,background,train,FSD50K,4.154,bg:general
267881,267881,background,train,FSD50K,2.365,hard_neg:alarm
267900,267900,background,train,FSD50K,4.225,hard_neg:alarm
267901,267901,background,train,FSD50K,10.108,hard_neg:alarm
267920,267920,background,train,FSD50K,1.335,bg:general
267967,267967,background,train,FSD50K,2.163,hard_neg:alarm
267969,267969,background,train,FSD50K,16.024,hard_neg:alarm
267976,267976,background,train,FSD50K,15.577,bg:general
268015,268015,background,train,FSD50K,9.477,hard_neg:alarm
268018,268018,background,train,FSD50K,3.957,bg:general
268074,268074,background,train,FSD50K,2.757,hard_neg:alarm
268076,268076,background,train,FSD50K,2.057,hard_neg:alarm
268126,268126,background,train,FSD50K,25.048,bg:general
26819,26819,background,train,FSD50K,6.645,bg:general
26820,26820,background,train,FSD50K,11.122,bg:general
26821,26821,background,train,FSD50K,19.51,bg:general
26822,26822,background,train,FSD50K,21.001,bg:general
26823,26823,background,train,FSD50K,15.338,bg:general
26825,26825,background,train,FSD50K,14.733,bg:general
268255,268255,background,train,FSD50K,5.334,bg:general
268268,268268,background,train,FSD50K,2.667,bg:general
26832,26832,background,train,FSD50K,1.65,hard_neg:glass_ring
26834,26834,background,train,FSD50K,18.077,hard_neg:alarm
26839,26839,background,train,FSD50K,6.55,bg:general
26841,26841,background,train,FSD50K,13.145,bg:general
268575,268575,background,train,FSD50K,18.875,bg:general
268586,268586,background,train,FSD50K,5.352,hard_neg:glass_ring
268649,268649,background,train,FSD50K,4.087,bg:general
26866,26866,background,train,FSD50K,9.833,bg:general
26868,26868,background,train,FSD50K,10.954,bg:general
268791,268791,background,train,FSD50K,23.963,bg:general
268804,268804,background,train,FSD50K,2.198,bg:general
268805,268805,background,train,FSD50K,0.531,hard_neg:alarm
268823,268823,background,train,FSD50K,8.0,hard_neg:alarm
268851,268851,background,train,FSD50K,3.623,bg:general
268916,268916,background,train,FSD50K,0.732,hard_neg:alarm
268917,268917,background,train,FSD50K,0.764,hard_neg:alarm
268956,268956,background,train,FSD50K,22.546,bg:general
268958,268958,background,train,FSD50K,26.33,bg:general
268960,268960,background,train,FSD50K,29.279,bg:general
268966,268966,background,train,FSD50K,16.149,bg:general
269117,269117,background,train,FSD50K,3.808,bg:general
26914,26914,background,train,FSD50K,7.67,bg:general
269379,269379,background,train,FSD50K,14.976,hard_neg:alarm
269380,269380,background,train,FSD50K,27.776,hard_neg:alarm
269483,269483,background,train,FSD50K,4.292,hard_neg:glass_dishes
269484,269484,background,train,FSD50K,4.991,bg:general
269520,269520,background,train,FSD50K,2.379,bg:general
269541,269541,background,train,FSD50K,4.0,hard_neg:alarm
26958,26958,background,train,FSD50K,7.344,bg:general
26960,26960,background,train,FSD50K,5.651,hard_neg:alarm
26961,26961,background,train,FSD50K,1.685,hard_neg:alarm
26962,26962,background,train,FSD50K,1.958,hard_neg:alarm
26963,26963,background,train,FSD50K,15.284,hard_neg:alarm
26964,26964,background,train,FSD50K,3.768,hard_neg:alarm
26965,26965,background,train,FSD50K,11.474,hard_neg:alarm
26972,26972,background,train,FSD50K,2.461,bg:general
26974,26974,background,train,FSD50K,10.853,hard_neg:alarm
269771,269771,background,train,FSD50K,2.354,bg:general
269907,269907,background,train,FSD50K,4.825,bg:general
270234,270234,background,train,FSD50K,2.729,bg:general
270243,270243,background,train,FSD50K,3.698,bg:general
270522,270522,background,train,FSD50K,1.501,hard_neg:alarm
270643,270643,background,train,FSD50K,11.077,hard_neg:alarm
270821,270821,background,train,FSD50K,20.016,bg:general
270879,270879,background,train,FSD50K,4.569,bg:general
270883,270883,background,train,FSD50K,20.861,hard_neg:alarm
271063,271063,background,train,FSD50K,8.452,hard_neg:alarm
271152,271152,background,train,FSD50K,26.097,hard_neg:alarm
271332,271332,background,train,FSD50K,16.144,bg:general
271335,271335,background,train,FSD50K,18.051,bg:general
271389,271389,background,train,FSD50K,29.075,hard_neg:alarm
271399,271399,background,train,FSD50K,27.157,hard_neg:alarm
2717,2717,background,train,FSD50K,8.348,bg:general
272404,272404,background,train,FSD50K,7.851,bg:general
272438,272438,background,train,FSD50K,3.926,bg:general
272478,272478,background,train,FSD50K,26.079,hard_neg:glass_dishes
272480,272480,background,train,FSD50K,20.845,hard_neg:glass_dishes
272544,272544,background,train,FSD50K,17.503,bg:general
27273,27273,background,train,FSD50K,9.433,bg:general
273187,273187,background,train,FSD50K,16.009,hard_neg:alarm
273213,273213,background,train,FSD50K,12.202,hard_neg:alarm
273320,273320,background,train,FSD50K,29.78,hard_neg:alarm
273344,273344,background,train,FSD50K,19.847,hard_neg:alarm
273345,273345,background,train,FSD50K,9.424,hard_neg:alarm
273348,273348,background,train,FSD50K,7.046,hard_neg:alarm
273349,273349,background,train,FSD50K,14.524,hard_neg:alarm
273396,273396,background,train,FSD50K,20.961,bg:general
273432,273432,background,train,FSD50K,5.072,bg:general
27353,27353,background,train,FSD50K,2.051,bg:general
273540,273540,background,train,FSD50K,7.106,hard_neg:alarm
27355,27355,background,train,FSD50K,1.077,bg:general
273593,273593,background,train,FSD50K,6.024,bg:general
273594,273594,background,train,FSD50K,3.148,bg:general
273598,273598,background,train,FSD50K,2.619,bg:general
273687,273687,background,train,FSD50K,19.598,bg:general
273719,273719,background,train,FSD50K,10.065,hard_neg:alarm
273872,273872,background,train,FSD50K,3.928,bg:general
273885,273885,background,train,FSD50K,7.319,bg:general
273887,273887,background,train,FSD50K,10.0,bg:general
273890,273890,background,train,FSD50K,5.0,bg:general
273891,273891,background,train,FSD50K,5.0,bg:general
273994,273994,background,train,FSD50K,1.527,bg:general
274002,274002,background,train,FSD50K,6.789,bg:general
274040,274040,background,train,FSD50K,10.089,bg:general
274041,274041,background,train,FSD50K,10.311,bg:general
274044,274044,background,train,FSD50K,4.801,bg:general
274049,274049,background,train,FSD50K,1.362,bg:general
274053,274053,background,train,FSD50K,1.032,bg:general
274057,274057,background,train,FSD50K,1.658,bg:general
274068,274068,background,train,FSD50K,1.307,bg:general
274252,274252,background,train,FSD50K,0.964,hard_neg:alarm
274288,274288,background,train,FSD50K,8.869,hard_neg:alarm
274289,274289,background,train,FSD50K,6.058,hard_neg:alarm
274327,274327,background,train,FSD50K,2.333,bg:general
274400,274400,background,train,FSD50K,29.83,hard_neg:alarm
274436,274436,background,train,FSD50K,28.129,hard_neg:alarm
27451,27451,background,train,FSD50K,18.051,hard_neg:baby_cry
274592,274592,background,train,FSD50K,17.399,bg:general
274647,274647,background,train,FSD50K,16.491,bg:general
274751,274751,background,train,FSD50K,4.322,hard_neg:glass_ring
274759,274759,background,train,FSD50K,2.751,hard_neg:alarm
274777,274777,background,train,FSD50K,2.434,bg:general
274806,274806,background,train,FSD50K,12.565,hard_neg:alarm
274871,274871,background,train,FSD50K,1.805,bg:general
274877,274877,background,train,FSD50K,21.894,bg:general
274891,274891,background,train,FSD50K,1.628,bg:general
274927,274927,background,train,FSD50K,6.22,bg:general
274980,274980,background,train,FSD50K,1.267,bg:general
274990,274990,background,train,FSD50K,26.308,bg:general
275053,275053,background,train,FSD50K,20.16,hard_neg:alarm
275055,275055,background,train,FSD50K,1.067,bg:general
275065,275065,background,train,FSD50K,5.944,hard_neg:glass_ring
275068,275068,background,train,FSD50K,2.267,hard_neg:alarm
275069,275069,background,train,FSD50K,2.378,hard_neg:alarm
275070,275070,background,train,FSD50K,10.216,hard_neg:alarm
275071,275071,background,train,FSD50K,2.27,hard_neg:alarm
275072,275072,background,train,FSD50K,2.247,hard_neg:alarm
275091,275091,background,train,FSD50K,5.101,bg:general
275216,275216,background,train,FSD50K,2.928,bg:general
275286,275286,background,train,FSD50K,6.82,bg:general
275493,275493,background,train,FSD50K,2.174,bg:general
275558,275558,background,train,FSD50K,12.774,hard_neg:alarm
275564,275564,background,train,FSD50K,2.371,hard_neg:alarm
275565,275565,background,train,FSD50K,2.373,hard_neg:alarm
275566,275566,background,train,FSD50K,2.331,hard_neg:alarm
275567,275567,background,train,FSD50K,2.331,hard_neg:alarm
275568,275568,background,train,FSD50K,2.379,hard_neg:alarm
275569,275569,background,train,FSD50K,2.388,hard_neg:alarm
275570,275570,background,train,FSD50K,2.382,hard_neg:alarm
275571,275571,background,train,FSD50K,2.376,hard_neg:alarm
275588,275588,background,train,FSD50K,6.252,bg:general
275598,275598,background,train,FSD50K,12.38,bg:general
275629,275629,background,train,FSD50K,5.235,hard_neg:alarm
275713,275713,background,train,FSD50K,12.947,bg:general
275910,275910,background,train,FSD50K,1.431,hard_neg:alarm
27648,27648,background,train,FSD50K,26.372,bg:general
276563,276563,background,train,FSD50K,6.0,bg:general
276564,276564,background,train,FSD50K,3.0,bg:general
276607,276607,background,train,FSD50K,2.0,hard_neg:alarm
276608,276608,background,train,FSD50K,2.5,hard_neg:alarm
276612,276612,background,train,FSD50K,2.5,hard_neg:alarm
276778,276778,background,train,FSD50K,1.5,bg:general
276826,276826,background,train,FSD50K,1.5,bg:general
27701,27701,background,train,FSD50K,4.523,hard_neg:glass_ring
27702,27702,background,train,FSD50K,3.406,hard_neg:glass_ring
277021,277021,background,train,FSD50K,6.32,bg:general
277043,277043,background,train,FSD50K,2.801,bg:general
277253,277253,background,train,FSD50K,1.019,bg:general
277301,277301,background,train,FSD50K,2.589,bg:general
277330,277330,background,train,FSD50K,20.988,bg:general
277361,277361,background,train,FSD50K,5.725,bg:general
277505,277505,background,train,FSD50K,14.956,bg:general
277507,277507,background,train,FSD50K,6.223,bg:general
277510,277510,background,train,FSD50K,9.207,hard_neg:alarm
277547,277547,background,train,FSD50K,5.747,bg:general
277553,277553,background,train,FSD50K,2.195,bg:general
277598,277598,background,train,FSD50K,3.266,bg:general
278113,278113,background,train,FSD50K,20.344,bg:general
278121,278121,background,train,FSD50K,26.077,bg:general
278159,278159,background,train,FSD50K,5.957,bg:general
27881,27881,background,train,FSD50K,0.484,hard_neg:alarm
27882,27882,background,train,FSD50K,0.783,hard_neg:alarm
278873,278873,background,train,FSD50K,7.5,bg:general
278887,278887,background,train,FSD50K,28.75,bg:general
278926,278926,background,train,FSD50K,23.238,bg:general
27895,27895,background,train,FSD50K,3.932,bg:general
279008,279008,background,train,FSD50K,16.263,bg:general
27928,27928,background,train,FSD50K,30.0,bg:general
27974,27974,background,train,FSD50K,14.486,bg:general
2821,2821,background,train,FSD50K,1.313,bg:general
28242,28242,background,train,FSD50K,3.653,hard_neg:alarm
2826,2826,background,train,FSD50K,3.556,bg:general
2830,2830,background,train,FSD50K,8.399,bg:general
2832,2832,background,train,FSD50K,2.724,bg:general
28658,28658,background,train,FSD50K,14.681,bg:general
28677,28677,background,train,FSD50K,2.013,bg:general
2933,2933,background,train,FSD50K,2.868,bg:general
2937,2937,background,train,FSD50K,0.82,hard_neg:alarm
29558,29558,background,train,FSD50K,20.239,bg:general
29604,29604,background,train,FSD50K,9.718,bg:general
29624,29624,background,train,FSD50K,10.391,bg:general
29654,29654,background,train,FSD50K,13.263,bg:general
29679,29679,background,train,FSD50K,1.085,hard_neg:alarm
29680,29680,background,train,FSD50K,4.193,bg:general
29724,29724,background,train,FSD50K,1.25,hard_neg:alarm
29726,29726,background,train,FSD50K,1.501,hard_neg:alarm
29739,29739,background,train,FSD50K,29.78,bg:general
29881,29881,background,train,FSD50K,2.896,bg:general
29901,29901,background,train,FSD50K,2.069,bg:general
29914,29914,background,train,FSD50K,2.792,bg:general
29950,29950,background,train,FSD50K,16.712,hard_neg:alarm
29951,29951,background,train,FSD50K,1.414,hard_neg:alarm
29962,29962,background,train,FSD50K,10.049,hard_neg:alarm
30024,30024,background,train,FSD50K,3.625,bg:general
30037,30037,background,train,FSD50K,7.705,bg:general
30085,30085,background,train,FSD50K,3.89,hard_neg:alarm
30164,30164,background,train,FSD50K,6.719,hard_neg:glass_ring
30203,30203,background,train,FSD50K,2.078,bg:general
30250,30250,background,train,FSD50K,3.788,bg:general
30416,30416,background,train,FSD50K,13.871,bg:general
30653,30653,background,train,FSD50K,2.056,bg:general
30654,30654,background,train,FSD50K,3.008,bg:general
31133,31133,background,train,FSD50K,1.5,hard_neg:alarm
31236,31236,background,train,FSD50K,12.814,bg:general
31260,31260,background,train,FSD50K,2.441,bg:general
31299,31299,background,train,FSD50K,29.127,hard_neg:alarm
31356,31356,background,train,FSD50K,2.485,bg:general
31359,31359,background,train,FSD50K,2.206,bg:general
31360,31360,background,train,FSD50K,2.647,bg:general
31373,31373,background,train,FSD50K,8.545,hard_neg:glass_dishes
31374,31374,background,train,FSD50K,4.877,hard_neg:glass_dishes
315693,315693,background,train,FSD50K,5.391,bg:general
315708,315708,background,train,FSD50K,5.37,bg:general
315919,315919,background,train,FSD50K,1.696,hard_neg:alarm
315922,315922,background,train,FSD50K,4.273,bg:general
315928,315928,background,train,FSD50K,8.899,bg:general
316001,316001,background,train,FSD50K,4.0,hard_neg:alarm
31650,31650,background,train,FSD50K,17.072,bg:general
316581,316581,background,train,FSD50K,1.65,bg:general
316634,316634,background,train,FSD50K,20.0,bg:general
316640,316640,background,train,FSD50K,12.075,hard_neg:scream_crowd
316643,316643,background,train,FSD50K,15.636,hard_neg:glass_dishes
316646,316646,background,train,FSD50K,2.276,bg:general
316843,316843,background,train,FSD50K,1.719,hard_neg:alarm
316882,316882,background,train,FSD50K,15.514,bg:general
316924,316924,background,train,FSD50K,2.568,bg:general
317131,317131,background,train,FSD50K,3.992,bg:general
317458,317458,background,train,FSD50K,10.058,bg:general
317478,317478,background,train,FSD50K,7.153,bg:general
317525,317525,background,train,FSD50K,1.575,bg:general
317851,317851,background,train,FSD50K,9.74,hard_neg:alarm
31799,31799,background,train,FSD50K,2.5,hard_neg:alarm
31802,31802,background,train,FSD50K,2.736,hard_neg:alarm
318082,318082,background,train,FSD50K,3.623,bg:general
318083,318083,background,train,FSD50K,4.289,bg:general
318084,318084,background,train,FSD50K,4.296,bg:general
318085,318085,background,train,FSD50K,1.622,bg:general
318091,318091,background,train,FSD50K,3.13,bg:general
318193,318193,background,train,FSD50K,1.478,hard_neg:alarm
318633,318633,background,train,FSD50K,21.3,bg:general
318910,318910,background,train,FSD50K,13.526,hard_neg:alarm
318945,318945,background,train,FSD50K,1.509,hard_neg:alarm
3190,3190,background,train,FSD50K,10.264,bg:general
319019,319019,background,train,FSD50K,3.85,hard_neg:baby_cry
319036,319036,background,train,FSD50K,15.9,hard_neg:alarm
319040,319040,background,train,FSD50K,7.988,hard_neg:alarm
319041,319041,background,train,FSD50K,3.007,hard_neg:alarm
319269,319269,background,train,FSD50K,18.0,bg:general
319497,319497,background,train,FSD50K,12.49,bg:general
319537,319537,background,train,FSD50K,15.209,hard_neg:baby_cry
319619,319619,background,train,FSD50K,10.454,bg:general
319705,319705,background,train,FSD50K,6.219,bg:general
319806,319806,background,train,FSD50K,0.431,hard_neg:glass_ring
319808,319808,background,train,FSD50K,0.318,hard_neg:glass_ring
319813,319813,background,train,FSD50K,0.541,hard_neg:glass_ring
320102,320102,background,train,FSD50K,9.323,bg:general
320293,320293,background,train,FSD50K,18.098,bg:general
320300,320300,background,train,FSD50K,20.416,bg:general
320301,320301,background,train,FSD50K,13.676,bg:general
320345,320345,background,train,FSD50K,5.747,bg:general
320376,320376,background,train,FSD50K,29.376,bg:general
3206,3206,background,train,FSD50K,3.858,bg:general
320724,320724,background,train,FSD50K,11.161,bg:general
3209,3209,background,train,FSD50K,2.946,bg:general
3212,3212,background,train,FSD50K,6.155,bg:general
321256,321256,background,train,FSD50K,10.787,bg:general
321283,321283,background,train,FSD50K,0.918,hard_neg:glass_dishes
321290,321290,background,train,FSD50K,0.997,hard_neg:glass_dishes
321643,321643,background,train,FSD50K,2.543,hard_neg:glass_ring
321676,321676,background,train,FSD50K,0.512,hard_neg:alarm
321677,321677,background,train,FSD50K,0.4,hard_neg:alarm
321678,321678,background,train,FSD50K,0.402,hard_neg:alarm
321684,321684,background,train,FSD50K,0.513,hard_neg:alarm
32185,32185,background,train,FSD50K,1.684,bg:general
321952,321952,background,train,FSD50K,3.925,bg:general
321979,321979,background,train,FSD50K,20.977,bg:general
322047,322047,background,train,FSD50K,6.71,bg:general
322129,322129,background,train,FSD50K,15.832,hard_neg:alarm
322130,322130,background,train,FSD50K,2.913,hard_neg:alarm
32217,32217,background,train,FSD50K,15.003,hard_neg:alarm
32218,32218,background,train,FSD50K,24.338,hard_neg:alarm
32219,32219,background,train,FSD50K,12.114,hard_neg:alarm
322203,322203,background,train,FSD50K,21.979,bg:general
32225,32225,background,train,FSD50K,22.668,bg:general
322314,322314,background,train,FSD50K,21.525,bg:general
322394,322394,background,train,FSD50K,1.568,bg:general
322404,322404,background,train,FSD50K,0.418,hard_neg:glass_dishes
322405,322405,background,train,FSD50K,2.253,hard_neg:glass_dishes
322406,322406,background,train,FSD50K,1.01,hard_neg:glass_dishes
322407,322407,background,train,FSD50K,7.101,hard_neg:glass_dishes
322427,322427,background,train,FSD50K,2.649,bg:general
322464,322464,background,train,FSD50K,24.13,bg:general
322469,322469,background,train,FSD50K,2.64,hard_neg:alarm
322475,322475,background,train,FSD50K,4.296,bg:general
322478,322478,background,train,FSD50K,3.853,bg:general
322507,322507,background,train,FSD50K,2.503,bg:general
322511,322511,background,train,FSD50K,2.719,bg:general
322581,322581,background,train,FSD50K,27.738,hard_neg:alarm
322582,322582,background,train,FSD50K,22.991,hard_neg:alarm
322945,322945,background,train,FSD50K,6.64,bg:general
322946,322946,background,train,FSD50K,15.642,bg:general
322948,322948,background,train,FSD50K,10.743,bg:general
323016,323016,background,train,FSD50K,0.8,hard_neg:alarm
323019,323019,background,train,FSD50K,0.8,hard_neg:alarm
32305,32305,background,train,FSD50K,3.429,bg:general
323122,323122,background,train,FSD50K,8.239,hard_neg:alarm
323123,323123,background,train,FSD50K,10.207,hard_neg:alarm
323125,323125,background,train,FSD50K,6.663,hard_neg:alarm
323126,323126,background,train,FSD50K,11.563,hard_neg:alarm
323127,323127,background,train,FSD50K,5.718,hard_neg:alarm
323128,323128,background,train,FSD50K,4.957,hard_neg:alarm
323129,323129,background,train,FSD50K,2.674,hard_neg:alarm
323130,323130,background,train,FSD50K,6.756,hard_neg:alarm
323131,323131,background,train,FSD50K,13.344,hard_neg:alarm
323132,323132,background,train,FSD50K,9.048,hard_neg:alarm
323186,323186,background,train,FSD50K,4.366,hard_neg:alarm
323221,323221,background,train,FSD50K,6.486,bg:general
323232,323232,background,train,FSD50K,6.486,bg:general
32330,32330,background,train,FSD50K,11.137,bg:general
323357,323357,background,train,FSD50K,24.294,bg:general
323395,323395,background,train,FSD50K,28.287,bg:general
323397,323397,background,train,FSD50K,14.043,bg:general
323450,323450,background,train,FSD50K,23.52,bg:general
323663,323663,background,train,FSD50K,7.702,bg:general
323695,323695,background,train,FSD50K,1.058,bg:general
323781,323781,background,train,FSD50K,23.604,bg:general
324053,324053,background,train,FSD50K,5.564,bg:general
324057,324057,background,train,FSD50K,11.017,bg:general
324092,324092,background,train,FSD50K,6.191,bg:general
324120,324120,background,train,FSD50K,5.058,bg:general
32417,32417,background,train,FSD50K,0.92,hard_neg:alarm
324228,324228,background,train,FSD50K,28.056,bg:general
324248,324248,background,train,FSD50K,0.902,hard_neg:alarm
324331,324331,background,train,FSD50K,5.225,bg:general
324415,324415,background,train,FSD50K,3.869,hard_neg:alarm
324459,324459,background,train,FSD50K,6.49,hard_neg:alarm
324464,324464,background,train,FSD50K,8.499,bg:general
324530,324530,background,train,FSD50K,1.453,bg:general
324555,324555,background,train,FSD50K,1.733,hard_neg:glass_ring
324557,324557,background,train,FSD50K,1.228,hard_neg:glass_ring
324586,324586,background,train,FSD50K,3.995,hard_neg:alarm
324635,324635,background,train,FSD50K,1.858,bg:general
324693,324693,background,train,FSD50K,0.993,hard_neg:alarm
324725,324725,background,train,FSD50K,28.792,bg:general
324746,324746,background,train,FSD50K,3.224,bg:general
324755,324755,background,train,FSD50K,29.777,bg:general
325093,325093,background,train,FSD50K,26.4,bg:general
325199,325199,background,train,FSD50K,5.21,bg:general
325202,325202,background,train,FSD50K,13.608,bg:general
325252,325252,background,train,FSD50K,10.282,hard_neg:glass_dishes
325253,325253,background,train,FSD50K,3.918,hard_neg:glass_dishes
325254,325254,background,train,FSD50K,6.434,hard_neg:glass_dishes
325255,325255,background,train,FSD50K,7.4,hard_neg:glass_dishes
325376,325376,background,train,FSD50K,1.907,bg:general
32550,32550,background,train,FSD50K,28.0,bg:general
325539,325539,background,train,FSD50K,5.99,bg:general
325615,325615,background,train,FSD50K,18.942,bg:general
325853,325853,background,train,FSD50K,18.705,bg:general
325854,325854,background,train,FSD50K,29.0,bg:general
325872,325872,background,train,FSD50K,20.0,bg:general
325894,325894,background,train,FSD50K,2.56,hard_neg:alarm
325970,325970,background,train,FSD50K,3.6,bg:general
326025,326025,background,train,FSD50K,10.381,bg:general
326096,326096,background,train,FSD50K,1.057,bg:general
32611,32611,background,train,FSD50K,1.991,bg:general
326195,326195,background,train,FSD50K,14.0,bg:general
326196,326196,background,train,FSD50K,7.0,bg:general
326252,326252,background,train,FSD50K,15.357,hard_neg:alarm
32630,32630,background,train,FSD50K,6.781,bg:general
326353,326353,background,train,FSD50K,10.391,hard_neg:alarm
326356,326356,background,train,FSD50K,15.0,bg:general
326392,326392,background,train,FSD50K,7.5,bg:general
326393,326393,background,train,FSD50K,9.5,bg:general
326412,326412,background,train,FSD50K,24.454,bg:general
326413,326413,background,train,FSD50K,25.897,bg:general
326669,326669,background,train,FSD50K,3.8,hard_neg:glass_dishes
326706,326706,background,train,FSD50K,13.766,bg:general
326730,326730,background,train,FSD50K,10.722,hard_neg:alarm
326743,326743,background,train,FSD50K,12.309,bg:general
326782,326782,background,train,FSD50K,1.318,bg:general
326882,326882,background,train,FSD50K,29.374,hard_neg:baby_cry
326990,326990,background,train,FSD50K,5.565,hard_neg:glass_dishes
326991,326991,background,train,FSD50K,6.059,hard_neg:glass_dishes
327087,327087,background,train,FSD50K,20.0,bg:general
327117,327117,background,train,FSD50K,5.777,bg:general
327121,327121,background,train,FSD50K,4.198,bg:general
327127,327127,background,train,FSD50K,11.0,bg:general
327494,327494,background,train,FSD50K,5.916,hard_neg:glass_ring
327500,327500,background,train,FSD50K,9.6,bg:general
327518,327518,background,train,FSD50K,14.4,bg:general
327525,327525,background,train,FSD50K,20.56,bg:general
327711,327711,background,train,FSD50K,7.243,hard_neg:alarm
327792,327792,background,train,FSD50K,14.367,bg:general
327845,327845,background,train,FSD50K,20.82,bg:general
327969,327969,background,train,FSD50K,18.971,hard_neg:alarm
327970,327970,background,train,FSD50K,12.98,hard_neg:alarm
328090,328090,background,train,FSD50K,6.711,bg:general
328091,328091,background,train,FSD50K,6.173,bg:general
328173,328173,background,train,FSD50K,7.338,bg:general
328188,328188,background,train,FSD50K,8.886,hard_neg:alarm
32854,32854,background,train,FSD50K,4.392,bg:general
32863,32863,background,train,FSD50K,15.254,bg:general
328823,328823,background,train,FSD50K,4.269,hard_neg:alarm
328824,328824,background,train,FSD50K,3.279,hard_neg:alarm
328825,328825,background,train,FSD50K,5.801,hard_neg:alarm
328826,328826,background,train,FSD50K,5.525,hard_neg:alarm
328827,328827,background,train,FSD50K,3.892,hard_neg:alarm
328862,328862,background,train,FSD50K,29.684,bg:general
32905,32905,background,train,FSD50K,14.971,hard_neg:glass_dishes
329061,329061,background,train,FSD50K,17.508,bg:general
329115,329115,background,train,FSD50K,19.694,bg:general
32912,32912,background,train,FSD50K,5.149,hard_neg:glass_ring
32918,32918,background,train,FSD50K,26.561,hard_neg:glass_dishes
329557,329557,background,train,FSD50K,6.899,hard_neg:glass_dishes
329612,329612,background,train,FSD50K,6.242,hard_neg:alarm
329624,329624,background,train,FSD50K,12.957,bg:general
329744,329744,background,train,FSD50K,11.435,bg:general
329760,329760,background,train,FSD50K,11.704,bg:general
329893,329893,background,train,FSD50K,21.044,hard_neg:alarm
329894,329894,background,train,FSD50K,12.873,hard_neg:alarm
329895,329895,background,train,FSD50K,12.142,hard_neg:alarm
329896,329896,background,train,FSD50K,21.747,hard_neg:alarm
329909,329909,background,train,FSD50K,6.432,bg:general
329961,329961,background,train,FSD50K,1.259,bg:general
330136,330136,background,train,FSD50K,6.068,bg:general
330316,330316,background,train,FSD50K,10.684,bg:general
330377,330377,background,train,FSD50K,7.575,bg:general
330751,330751,background,train,FSD50K,18.849,bg:general
330769,330769,background,train,FSD50K,3.776,bg:general
330771,330771,background,train,FSD50K,6.882,bg:general
330772,330772,background,train,FSD50K,4.926,bg:general
330868,330868,background,train,FSD50K,4.325,bg:general
330900,330900,background,train,FSD50K,8.2,bg:general
330964,330964,background,train,FSD50K,1.943,bg:general
331068,331068,background,train,FSD50K,1.413,bg:general
331191,331191,background,train,FSD50K,17.35,bg:general
331540,331540,background,train,FSD50K,14.326,hard_neg:alarm
331542,331542,background,train,FSD50K,17.99,hard_neg:alarm
331569,331569,background,train,FSD50K,4.219,hard_neg:alarm
331609,331609,background,train,FSD50K,7.429,bg:general
331656,331656,background,train,FSD50K,15.535,bg:general
331685,331685,background,train,FSD50K,27.951,bg:general
33188,33188,background,train,FSD50K,7.479,bg:general
331913,331913,background,train,FSD50K,1.033,hard_neg:glass_ring
331922,331922,background,train,FSD50K,1.775,hard_neg:glass_ring
331923,331923,background,train,FSD50K,0.957,hard_neg:glass_ring
331924,331924,background,train,FSD50K,0.931,hard_neg:glass_ring
331925,331925,background,train,FSD50K,1.112,hard_neg:glass_ring
331926,331926,background,train,FSD50K,0.978,hard_neg:glass_ring
331927,331927,background,train,FSD50K,1.964,hard_neg:glass_ring
332028,332028,background,train,FSD50K,8.93,bg:general
332073,332073,background,train,FSD50K,5.173,hard_neg:alarm
332114,332114,background,train,FSD50K,21.316,bg:general
332179,332179,background,train,FSD50K,4.382,bg:general
332287,332287,background,train,FSD50K,24.602,bg:general
332290,332290,background,train,FSD50K,3.547,bg:general
332303,332303,background,train,FSD50K,7.016,bg:general
332438,332438,background,train,FSD50K,12.776,bg:general
332500,332500,background,train,FSD50K,7.624,bg:general
332502,332502,background,train,FSD50K,15.845,bg:general
332504,332504,background,train,FSD50K,2.102,bg:general
332538,332538,background,train,FSD50K,4.959,bg:general
332858,332858,background,train,FSD50K,3.648,hard_neg:alarm
332914,332914,background,train,FSD50K,8.058,hard_neg:alarm
333028,333028,background,train,FSD50K,22.596,bg:general
333035,333035,background,train,FSD50K,3.475,bg:general
333084,333084,background,train,FSD50K,6.06,bg:general
333271,333271,background,train,FSD50K,1.134,bg:general
333393,333393,background,train,FSD50K,2.817,bg:general
333395,333395,background,train,FSD50K,9.05,bg:general
333397,333397,background,train,FSD50K,4.867,bg:general
333399,333399,background,train,FSD50K,3.667,bg:general
333402,333402,background,train,FSD50K,1.05,bg:general
333712,333712,background,train,FSD50K,1.967,bg:general
333716,333716,background,train,FSD50K,1.588,bg:general
333720,333720,background,train,FSD50K,2.003,bg:general
333722,333722,background,train,FSD50K,2.288,bg:general
333724,333724,background,train,FSD50K,1.781,bg:general
333725,333725,background,train,FSD50K,1.815,bg:general
33373,33373,background,train,FSD50K,6.626,bg:general
333843,333843,background,train,FSD50K,2.379,bg:general
333852,333852,background,train,FSD50K,1.234,bg:general
333854,333854,background,train,FSD50K,1.406,bg:general
333900,333900,background,train,FSD50K,16.788,bg:general
333923,333923,background,train,FSD50K,24.078,bg:general
33393,33393,background,train,FSD50K,5.314,bg:general
333993,333993,background,train,FSD50K,8.0,hard_neg:alarm
334226,334226,background,train,FSD50K,13.886,bg:general
334437,334437,background,train,FSD50K,28.347,bg:general
33446,33446,background,train,FSD50K,24.403,bg:general
334491,334491,background,train,FSD50K,2.346,bg:general
334494,334494,background,train,FSD50K,6.369,bg:general
334512,334512,background,train,FSD50K,5.766,bg:general
334672,334672,background,train,FSD50K,23.801,bg:general
334674,334674,background,train,FSD50K,7.338,bg:general
334684,334684,background,train,FSD50K,7.982,hard_neg:alarm
334947,334947,background,train,FSD50K,8.751,hard_neg:alarm
334948,334948,background,train,FSD50K,10.554,hard_neg:alarm
334962,334962,background,train,FSD50K,3.684,bg:general
33497,33497,background,train,FSD50K,6.253,hard_neg:alarm
335224,335224,background,train,FSD50K,13.147,hard_neg:alarm
335233,335233,background,train,FSD50K,7.417,hard_neg:baby_cry
335248,335248,background,train,FSD50K,21.193,hard_neg:alarm
335281,335281,background,train,FSD50K,16.656,bg:general
335351,335351,background,train,FSD50K,20.709,bg:general
335507,335507,background,train,FSD50K,3.0,bg:general
335518,335518,background,train,FSD50K,1.709,bg:general
335554,335554,background,train,FSD50K,6.586,bg:general
33561,33561,background,train,FSD50K,29.791,bg:general
33567,33567,background,train,FSD50K,5.316,bg:general
335764,335764,background,train,FSD50K,1.278,bg:general
336378,336378,background,train,FSD50K,23.982,bg:general
336390,336390,background,train,FSD50K,2.378,bg:general
336406,336406,background,train,FSD50K,1.308,bg:general
336408,336408,background,train,FSD50K,2.042,bg:general
336409,336409,background,train,FSD50K,1.372,bg:general
336411,336411,background,train,FSD50K,1.628,bg:general
336420,336420,background,train,FSD50K,1.947,bg:general
336493,336493,background,train,FSD50K,1.378,bg:general
336514,336514,background,train,FSD50K,9.367,bg:general
336515,336515,background,train,FSD50K,8.755,bg:general
336516,336516,background,train,FSD50K,5.279,bg:general
336521,336521,background,train,FSD50K,9.043,hard_neg:glass_dishes
336538,336538,background,train,FSD50K,15.322,hard_neg:baby_cry
336564,336564,background,train,FSD50K,8.105,bg:general
336608,336608,background,train,FSD50K,4.714,bg:general
336619,336619,background,train,FSD50K,1.241,bg:general
336623,336623,background,train,FSD50K,4.701,bg:general
336659,336659,background,train,FSD50K,20.687,bg:general
33670,33670,background,train,FSD50K,3.155,hard_neg:baby_cry
33671,33671,background,train,FSD50K,5.889,hard_neg:baby_cry
33672,33672,background,train,FSD50K,8.308,hard_neg:baby_cry
33673,33673,background,train,FSD50K,11.462,hard_neg:baby_cry
336896,336896,background,train,FSD50K,1.723,hard_neg:alarm
336897,336897,background,train,FSD50K,1.732,hard_neg:alarm
33700,33700,background,train,FSD50K,27.0,bg:general
337163,337163,background,train,FSD50K,17.143,bg:general
33721,33721,background,train,FSD50K,11.637,bg:general
33723,33723,background,train,FSD50K,1.715,hard_neg:alarm
337233,337233,background,train,FSD50K,25.002,hard_neg:glass_dishes
337234,337234,background,train,FSD50K,3.002,hard_neg:glass_dishes
337235,337235,background,train,FSD50K,3.944,hard_neg:glass_dishes
337236,337236,background,train,FSD50K,18.982,hard_neg:glass_dishes
33724,33724,background,train,FSD50K,1.715,hard_neg:alarm
33725,33725,background,train,FSD50K,1.715,hard_neg:alarm
337257,337257,background,train,FSD50K,2.809,hard_neg:alarm
33726,33726,background,train,FSD50K,3.429,hard_neg:alarm
33727,33727,background,train,FSD50K,3.429,hard_neg:alarm
33728,33728,background,train,FSD50K,1.715,hard_neg:alarm
33729,33729,background,train,FSD50K,1.715,hard_neg:alarm
33730,33730,background,train,FSD50K,1.715,hard_neg:alarm
33731,33731,background,train,FSD50K,1.715,hard_neg:alarm
33732,33732,background,train,FSD50K,1.715,hard_neg:alarm
33733,33733,background,train,FSD50K,1.715,hard_neg:alarm
33734,33734,background,train,FSD50K,1.715,hard_neg:alarm
337349,337349,background,train,FSD50K,1.73,bg:general
33735,33735,background,train,FSD50K,1.715,hard_neg:alarm
337355,337355,background,train,FSD50K,1.188,bg:general
33736,33736,background,train,FSD50K,3.429,hard_neg:alarm
337364,337364,background,train,FSD50K,1.807,bg:general
33737,33737,background,train,FSD50K,3.429,hard_neg:alarm
33738,33738,background,train,FSD50K,1.715,hard_neg:alarm
33739,33739,background,train,FSD50K,1.715,hard_neg:alarm
33740,33740,background,train,FSD50K,1.715,hard_neg:alarm
33741,33741,background,train,FSD50K,1.715,hard_neg:alarm
33742,33742,background,train,FSD50K,1.715,hard_neg:alarm
33743,33743,background,train,FSD50K,1.715,hard_neg:alarm
33744,33744,background,train,FSD50K,1.715,hard_neg:alarm
33745,33745,background,train,FSD50K,1.715,hard_neg:alarm
33746,33746,background,train,FSD50K,3.429,hard_neg:alarm
33747,33747,background,train,FSD50K,3.429,hard_neg:alarm
33748,33748,background,train,FSD50K,1.715,hard_neg:alarm
337483,337483,background,train,FSD50K,7.174,bg:general
33749,33749,background,train,FSD50K,1.715,hard_neg:alarm
337491,337491,background,train,FSD50K,4.289,bg:general
337495,337495,background,train,FSD50K,1.488,bg:general
337499,337499,background,train,FSD50K,1.017,bg:general
33750,33750,background,train,FSD50K,1.715,hard_neg:alarm
33751,33751,background,train,FSD50K,1.715,hard_neg:alarm
337510,337510,background,train,FSD50K,5.425,bg:general
33752,33752,background,train,FSD50K,1.715,hard_neg:alarm
337655,337655,background,train,FSD50K,6.0,hard_neg:alarm
337656,337656,background,train,FSD50K,5.0,hard_neg:alarm
337657,337657,background,train,FSD50K,1.0,hard_neg:alarm
337658,337658,background,train,FSD50K,6.0,hard_neg:alarm
33804,33804,background,train,FSD50K,4.966,bg:general
338125,338125,background,train,FSD50K,6.806,bg:general
338187,338187,background,train,FSD50K,1.7,bg:general
33872,33872,background,train,FSD50K,19.353,bg:general
338853,338853,background,train,FSD50K,6.872,hard_neg:alarm
338896,338896,background,train,FSD50K,3.004,bg:general
338898,338898,background,train,FSD50K,4.206,bg:general
338954,338954,background,train,FSD50K,4.912,bg:general
338964,338964,background,train,FSD50K,19.477,bg:general
339017,339017,background,train,FSD50K,11.889,hard_neg:glass_dishes
339069,339069,background,train,FSD50K,3.963,bg:general
339326,339326,background,train,FSD50K,24.057,bg:general
339370,339370,background,train,FSD50K,1.151,hard_neg:alarm
339518,339518,background,train,FSD50K,9.77,hard_neg:alarm
339637,339637,background,train,FSD50K,7.848,hard_neg:glass_dishes
339638,339638,background,train,FSD50K,8.285,hard_neg:glass_dishes
339639,339639,background,train,FSD50K,8.932,hard_neg:glass_dishes
339640,339640,background,train,FSD50K,8.778,hard_neg:glass_dishes
339641,339641,background,train,FSD50K,9.545,hard_neg:glass_dishes
339642,339642,background,train,FSD50K,8.106,hard_neg:glass_dishes
339643,339643,background,train,FSD50K,8.973,hard_neg:glass_dishes
339644,339644,background,train,FSD50K,8.212,hard_neg:glass_dishes
339645,339645,background,train,FSD50K,9.886,hard_neg:glass_dishes
339646,339646,background,train,FSD50K,9.009,hard_neg:glass_dishes
339647,339647,background,train,FSD50K,9.029,hard_neg:glass_dishes
339648,339648,background,train,FSD50K,9.226,hard_neg:glass_dishes
339649,339649,background,train,FSD50K,8.772,hard_neg:glass_dishes
339650,339650,background,train,FSD50K,7.896,hard_neg:glass_dishes
339651,339651,background,train,FSD50K,8.315,hard_neg:glass_dishes
339652,339652,background,train,FSD50K,8.432,hard_neg:glass_dishes
339653,339653,background,train,FSD50K,7.754,hard_neg:glass_dishes
339654,339654,background,train,FSD50K,8.667,hard_neg:glass_dishes
339655,339655,background,train,FSD50K,8.559,hard_neg:glass_dishes
339656,339656,background,train,FSD50K,9.392,hard_neg:glass_dishes
339657,339657,background,train,FSD50K,7.964,hard_neg:glass_dishes
339682,339682,background,train,FSD50K,29.348,bg:general
339703,339703,background,train,FSD50K,13.64,bg:general
339792,339792,background,train,FSD50K,2.154,bg:general
339799,339799,background,train,FSD50K,7.487,bg:general
339808,339808,background,train,FSD50K,8.652,bg:general
34005,34005,background,train,FSD50K,8.191,hard_neg:alarm
34024,34024,background,train,FSD50K,13.047,bg:general
340249,340249,background,train,FSD50K,1.601,bg:general
340252,340252,background,train,FSD50K,3.35,bg:general
340457,340457,background,train,FSD50K,26.786,bg:general
340460,340460,background,train,FSD50K,19.0,bg:general
340547,340547,background,train,FSD50K,1.79,bg:general
340553,340553,background,train,FSD50K,3.042,bg:general
340646,340646,background,train,FSD50K,2.375,bg:general
340661,340661,background,train,FSD50K,5.878,bg:general
340671,340671,background,train,FSD50K,4.007,bg:general
340675,340675,background,train,FSD50K,5.24,bg:general
340680,340680,background,train,FSD50K,1.905,bg:general
340684,340684,background,train,FSD50K,4.401,bg:general
340697,340697,background,train,FSD50K,2.746,bg:general
340699,340699,background,train,FSD50K,18.195,bg:general
340709,340709,background,train,FSD50K,2.413,bg:general
340717,340717,background,train,FSD50K,2.566,bg:general
340724,340724,background,train,FSD50K,1.611,bg:general
340735,340735,background,train,FSD50K,14.857,bg:general
340750,340750,background,train,FSD50K,2.872,hard_neg:alarm
340942,340942,background,train,FSD50K,0.649,hard_neg:alarm
340965,340965,background,train,FSD50K,2.043,bg:general
340968,340968,background,train,FSD50K,6.788,bg:general
340972,340972,background,train,FSD50K,2.869,bg:general
341038,341038,background,train,FSD50K,2.671,bg:general
341068,341068,background,train,FSD50K,7.54,hard_neg:glass_dishes
341199,341199,background,train,FSD50K,11.693,bg:general
341395,341395,background,train,FSD50K,21.334,hard_neg:alarm
341397,341397,background,train,FSD50K,1.389,hard_neg:glass_dishes
341398,341398,background,train,FSD50K,0.894,hard_neg:glass_dishes
341399,341399,background,train,FSD50K,0.66,hard_neg:glass_dishes
341400,341400,background,train,FSD50K,0.934,hard_neg:glass_dishes
341401,341401,background,train,FSD50K,0.828,hard_neg:glass_dishes
341402,341402,background,train,FSD50K,0.479,hard_neg:glass_dishes
341403,341403,background,train,FSD50K,0.988,hard_neg:glass_dishes
341404,341404,background,train,FSD50K,1.004,hard_neg:glass_dishes
341405,341405,background,train,FSD50K,0.659,hard_neg:glass_dishes
341406,341406,background,train,FSD50K,0.6,hard_neg:glass_dishes
341407,341407,background,train,FSD50K,1.999,hard_neg:glass_dishes
341408,341408,background,train,FSD50K,2.217,hard_neg:glass_dishes
341409,341409,background,train,FSD50K,1.998,hard_neg:glass_dishes
341410,341410,background,train,FSD50K,1.66,hard_neg:glass_dishes
341411,341411,background,train,FSD50K,2.29,hard_neg:glass_dishes
341412,341412,background,train,FSD50K,0.562,hard_neg:glass_dishes
341413,341413,background,train,FSD50K,0.556,hard_neg:glass_dishes
341414,341414,background,train,FSD50K,0.359,hard_neg:glass_dishes
341415,341415,background,train,FSD50K,1.72,hard_neg:glass_dishes
341416,341416,background,train,FSD50K,1.209,hard_neg:glass_dishes
341417,341417,background,train,FSD50K,1.637,hard_neg:glass_dishes
341418,341418,background,train,FSD50K,1.739,hard_neg:glass_dishes
341419,341419,background,train,FSD50K,1.752,hard_neg:glass_dishes
341420,341420,background,train,FSD50K,3.393,hard_neg:glass_dishes
341621,341621,background,train,FSD50K,3.086,hard_neg:alarm
341922,341922,background,train,FSD50K,8.553,bg:general
342129,342129,background,train,FSD50K,10.258,bg:general
342251,342251,background,train,FSD50K,6.404,bg:general
342298,342298,background,train,FSD50K,7.505,bg:general
342339,342339,background,train,FSD50K,2.518,bg:general
342663,342663,background,train,FSD50K,23.698,hard_neg:alarm
342664,342664,background,train,FSD50K,24.221,hard_neg:alarm
343130,343130,background,train,FSD50K,8.073,bg:general
343411,343411,background,train,FSD50K,7.489,hard_neg:baby_cry
343478,343478,background,train,FSD50K,23.506,bg:general
343686,343686,background,train,FSD50K,27.527,bg:general
34381,34381,background,train,FSD50K,13.059,hard_neg:alarm
343895,343895,background,train,FSD50K,1.167,bg:general
343905,343905,background,train,FSD50K,1.069,bg:general
343934,343934,background,train,FSD50K,1.533,bg:general
343976,343976,background,train,FSD50K,18.634,hard_neg:baby_cry
344030,344030,background,train,FSD50K,3.6,hard_neg:baby_cry
344039,344039,background,train,FSD50K,3.356,hard_neg:baby_cry
344178,344178,background,train,FSD50K,17.268,hard_neg:alarm
344224,344224,background,train,FSD50K,17.315,hard_neg:alarm
344281,344281,background,train,FSD50K,11.486,bg:general
344288,344288,background,train,FSD50K,1.355,bg:general
344353,344353,background,train,FSD50K,10.981,bg:general
344424,344424,background,train,FSD50K,12.528,hard_neg:alarm
344525,344525,background,train,FSD50K,2.082,hard_neg:alarm
344709,344709,background,train,FSD50K,26.94,bg:general
344712,344712,background,train,FSD50K,27.611,hard_neg:glass_dishes
344723,344723,background,train,FSD50K,21.194,bg:general
344781,344781,background,train,FSD50K,28.511,bg:general
344899,344899,background,train,FSD50K,7.919,bg:general
345032,345032,background,train,FSD50K,8.362,bg:general
345111,345111,background,train,FSD50K,9.341,bg:general
34513,34513,background,train,FSD50K,5.973,bg:general
34524,34524,background,train,FSD50K,16.785,hard_neg:alarm
34525,34525,background,train,FSD50K,15.5,hard_neg:alarm
345290,345290,background,train,FSD50K,1.607,bg:general
345348,345348,background,train,FSD50K,7.555,bg:general
345421,345421,background,train,FSD50K,8.739,hard_neg:alarm
345459,345459,background,train,FSD50K,9.451,bg:general
345497,345497,background,train,FSD50K,13.282,hard_neg:alarm
345559,345559,background,train,FSD50K,2.318,bg:general
345699,345699,background,train,FSD50K,24.457,hard_neg:alarm
345702,345702,background,train,FSD50K,25.201,hard_neg:alarm
345731,345731,background,train,FSD50K,2.642,bg:general
345963,345963,background,train,FSD50K,24.367,bg:general
345997,345997,background,train,FSD50K,24.614,bg:general
346024,346024,background,train,FSD50K,2.112,bg:general
346212,346212,background,train,FSD50K,2.949,bg:general
346302,346302,background,train,FSD50K,8.042,bg:general
346663,346663,background,train,FSD50K,12.642,hard_neg:baby_cry
346670,346670,background,train,FSD50K,1.287,bg:general
346673,346673,background,train,FSD50K,1.082,bg:general
346676,346676,background,train,FSD50K,1.063,bg:general
346681,346681,background,train,FSD50K,1.245,bg:general
346696,346696,background,train,FSD50K,0.681,hard_neg:glass_dishes
346697,346697,background,train,FSD50K,0.7,hard_neg:glass_dishes
346698,346698,background,train,FSD50K,0.76,hard_neg:glass_dishes
346699,346699,background,train,FSD50K,0.765,hard_neg:glass_dishes
346701,346701,background,train,FSD50K,0.583,hard_neg:glass_dishes
346711,346711,background,train,FSD50K,5.485,hard_neg:alarm
346903,346903,background,train,FSD50K,6.897,bg:general
347036,347036,background,train,FSD50K,10.72,bg:general
347216,347216,background,train,FSD50K,4.331,hard_neg:alarm
347217,347217,background,train,FSD50K,4.381,hard_neg:alarm
347234,347234,background,train,FSD50K,15.5,hard_neg:alarm
347258,347258,background,train,FSD50K,11.277,bg:general
347318,347318,background,train,FSD50K,1.084,bg:general
347440,347440,background,train,FSD50K,6.646,bg:general
347586,347586,background,train,FSD50K,8.185,hard_neg:alarm
347658,347658,background,train,FSD50K,5.462,hard_neg:alarm
347664,347664,background,train,FSD50K,10.923,bg:general
347677,347677,background,train,FSD50K,7.498,hard_neg:alarm
347686,347686,background,train,FSD50K,13.427,bg:general
347758,347758,background,train,FSD50K,4.675,bg:general
347889,347889,background,train,FSD50K,8.5,bg:general
347900,347900,background,train,FSD50K,5.076,bg:general
348266,348266,background,train,FSD50K,14.527,bg:general
348369,348369,background,train,FSD50K,9.799,bg:general
348370,348370,background,train,FSD50K,9.753,bg:general
34853,34853,background,train,FSD50K,7.007,hard_neg:alarm
348551,348551,background,train,FSD50K,23.608,hard_neg:alarm
34859,34859,background,train,FSD50K,15.316,bg:general
348664,348664,background,train,FSD50K,2.185,bg:general
34874,34874,background,train,FSD50K,8.406,hard_neg:baby_cry
348837,348837,background,train,FSD50K,10.403,bg:general
348871,348871,background,train,FSD50K,4.123,bg:general
348872,348872,background,train,FSD50K,4.256,bg:general
348876,348876,background,train,FSD50K,4.729,bg:general
348878,348878,background,train,FSD50K,4.195,bg:general
348879,348879,background,train,FSD50K,2.959,bg:general
348887,348887,background,train,FSD50K,4.082,bg:general
348889,348889,background,train,FSD50K,2.644,bg:general
348892,348892,background,train,FSD50K,1.825,bg:general
348895,348895,background,train,FSD50K,3.303,bg:general
348904,348904,background,train,FSD50K,2.55,bg:general
348905,348905,background,train,FSD50K,2.097,bg:general
348917,348917,background,train,FSD50K,3.307,bg:general
348919,348919,background,train,FSD50K,3.218,bg:general
348921,348921,background,train,FSD50K,3.383,bg:general
348924,348924,background,train,FSD50K,3.422,bg:general
348958,348958,background,train,FSD50K,3.0,hard_neg:glass_dishes
349063,349063,background,train,FSD50K,22.699,bg:general
349076,349076,background,train,FSD50K,29.894,bg:general
349084,349084,background,train,FSD50K,11.826,hard_neg:alarm
349130,349130,background,train,FSD50K,2.872,bg:general
349265,349265,background,train,FSD50K,1.418,bg:general
349291,349291,background,train,FSD50K,1.525,bg:general
349292,349292,background,train,FSD50K,1.531,bg:general
349317,349317,background,train,FSD50K,2.02,bg:general
349401,349401,background,train,FSD50K,26.866,hard_neg:scream_crowd
349403,349403,background,train,FSD50K,17.284,bg:general
349440,349440,background,train,FSD50K,11.864,bg:general
34947,34947,background,train,FSD50K,24.704,bg:general
349483,349483,background,train,FSD50K,4.225,hard_neg:alarm
34975,34975,background,train,FSD50K,13.654,bg:general
349817,349817,background,train,FSD50K,1.523,bg:general
349820,349820,background,train,FSD50K,3.451,bg:general
349995,349995,background,train,FSD50K,8.04,bg:general
350184,350184,background,train,FSD50K,3.384,bg:general
350288,350288,background,train,FSD50K,13.871,bg:general
350360,350360,background,train,FSD50K,1.56,bg:general
350419,350419,background,train,FSD50K,2.775,bg:general
350425,350425,background,train,FSD50K,8.185,bg:general
350506,350506,background,train,FSD50K,12.463,bg:general
350534,350534,background,train,FSD50K,12.8,bg:general
350617,350617,background,train,FSD50K,1.26,hard_neg:glass_ring
350642,350642,background,train,FSD50K,5.519,hard_neg:alarm
350674,350674,background,train,FSD50K,15.04,bg:general
350773,350773,background,train,FSD50K,4.345,hard_neg:alarm
350963,350963,background,train,FSD50K,4.887,bg:general
350977,350977,background,train,FSD50K,1.59,bg:general
351117,351117,background,train,FSD50K,4.52,bg:general
351162,351162,background,train,FSD50K,2.52,bg:general
351183,351183,background,train,FSD50K,14.229,bg:general
351296,351296,background,train,FSD50K,4.125,bg:general
351297,351297,background,train,FSD50K,19.016,bg:general
351318,351318,background,train,FSD50K,2.803,bg:general
351343,351343,background,train,FSD50K,12.225,hard_neg:alarm
35142,35142,background,train,FSD50K,15.99,bg:general
351442,351442,background,train,FSD50K,10.436,bg:general
35147,35147,background,train,FSD50K,29.27,bg:general
35151,35151,background,train,FSD50K,7.488,bg:general
351539,351539,background,train,FSD50K,0.86,hard_neg:alarm
351540,351540,background,train,FSD50K,0.697,hard_neg:alarm
351541,351541,background,train,FSD50K,1.957,hard_neg:alarm
351542,351542,background,train,FSD50K,2.508,hard_neg:alarm
351543,351543,background,train,FSD50K,1.579,hard_neg:alarm
351545,351545,background,train,FSD50K,0.813,hard_neg:alarm
351547,351547,background,train,FSD50K,0.883,hard_neg:alarm
351548,351548,background,train,FSD50K,0.883,hard_neg:alarm
351649,351649,background,train,FSD50K,7.498,bg:general
351711,351711,background,train,FSD50K,7.564,hard_neg:alarm
351721,351721,background,train,FSD50K,11.37,hard_neg:alarm
352065,352065,background,train,FSD50K,0.521,hard_neg:glass_dishes
352066,352066,background,train,FSD50K,0.67,hard_neg:glass_dishes
352068,352068,background,train,FSD50K,0.506,hard_neg:glass_dishes
352069,352069,background,train,FSD50K,0.533,hard_neg:glass_dishes
352071,352071,background,train,FSD50K,0.599,hard_neg:glass_dishes
352177,352177,background,train,FSD50K,1.501,bg:general
352182,352182,background,train,FSD50K,2.726,bg:general
352193,352193,background,train,FSD50K,1.648,bg:general
352195,352195,background,train,FSD50K,1.25,bg:general
352201,352201,background,train,FSD50K,2.562,bg:general
352227,352227,background,train,FSD50K,1.948,bg:general
352230,352230,background,train,FSD50K,1.183,hard_neg:alarm
352234,352234,background,train,FSD50K,1.763,hard_neg:alarm
352235,352235,background,train,FSD50K,2.47,hard_neg:alarm
352290,352290,background,train,FSD50K,1.003,bg:general
352305,352305,background,train,FSD50K,19.126,hard_neg:alarm
352656,352656,background,train,FSD50K,1.498,hard_neg:alarm
352657,352657,background,train,FSD50K,1.641,hard_neg:alarm
352658,352658,background,train,FSD50K,1.516,hard_neg:alarm
352659,352659,background,train,FSD50K,2.98,hard_neg:alarm
352661,352661,background,train,FSD50K,1.282,hard_neg:alarm
352663,352663,background,train,FSD50K,1.502,hard_neg:alarm
352665,352665,background,train,FSD50K,1.428,hard_neg:alarm
352666,352666,background,train,FSD50K,1.214,hard_neg:alarm
352667,352667,background,train,FSD50K,1.269,hard_neg:alarm
352669,352669,background,train,FSD50K,1.324,hard_neg:alarm
352729,352729,background,train,FSD50K,1.803,bg:general
352824,352824,background,train,FSD50K,8.0,bg:general
352856,352856,background,train,FSD50K,2.371,bg:general
352958,352958,background,train,FSD50K,23.85,hard_neg:alarm
353155,353155,background,train,FSD50K,1.21,hard_neg:glass_ring
353213,353213,background,train,FSD50K,1.001,bg:general
353230,353230,background,train,FSD50K,2.439,bg:general
353293,353293,background,train,FSD50K,15.6,bg:general
353308,353308,background,train,FSD50K,28.578,bg:general
353433,353433,background,train,FSD50K,27.238,bg:general
353445,353445,background,train,FSD50K,1.249,bg:general
353457,353457,background,train,FSD50K,3.73,bg:general
353526,353526,background,train,FSD50K,7.664,bg:general
353538,353538,background,train,FSD50K,3.058,bg:general
353596,353596,background,train,FSD50K,4.203,bg:general
353635,353635,background,train,FSD50K,2.978,hard_neg:alarm
353646,353646,background,train,FSD50K,11.686,bg:general
353711,353711,background,train,FSD50K,12.133,bg:general
353939,353939,background,train,FSD50K,6.079,bg:general
353954,353954,background,train,FSD50K,17.399,bg:general
353955,353955,background,train,FSD50K,14.237,bg:general
354057,354057,background,train,FSD50K,10.519,bg:general
354132,354132,background,train,FSD50K,1.969,bg:general
354250,354250,background,train,FSD50K,2.499,bg:general
35433,35433,background,train,FSD50K,15.61,hard_neg:alarm
35436,35436,background,train,FSD50K,7.805,hard_neg:alarm
35437,35437,background,train,FSD50K,15.61,hard_neg:alarm
35439,35439,background,train,FSD50K,7.805,hard_neg:alarm
35441,35441,background,train,FSD50K,7.805,hard_neg:alarm
354564,354564,background,train,FSD50K,11.0,bg:general
354622,354622,background,train,FSD50K,4.566,bg:general
35464,35464,background,train,FSD50K,3.0,bg:general
355103,355103,background,train,FSD50K,1.876,bg:general
355117,355117,background,train,FSD50K,2.084,bg:general
355218,355218,background,train,FSD50K,2.027,bg:general
355253,355253,background,train,FSD50K,4.313,bg:general
355265,355265,background,train,FSD50K,1.266,bg:general
355277,355277,background,train,FSD50K,1.266,bg:general
355336,355336,background,train,FSD50K,2.525,hard_neg:glass_dishes
355943,355943,background,train,FSD50K,5.983,bg:general
35631,35631,background,train,FSD50K,4.816,hard_neg:glass_dishes
35654,35654,background,train,FSD50K,1.02,bg:general
356584,356584,background,train,FSD50K,3.5,bg:general
356875,356875,background,train,FSD50K,3.307,bg:general
356890,356890,background,train,FSD50K,4.416,bg:general
356960,356960,background,train,FSD50K,9.077,bg:general
35703,35703,background,train,FSD50K,18.255,bg:general
357295,357295,background,train,FSD50K,7.712,bg:general
357378,357378,background,train,FSD50K,5.355,bg:general
357423,357423,background,train,FSD50K,7.424,bg:general
357577,357577,background,train,FSD50K,4.337,bg:general
357592,357592,background,train,FSD50K,7.875,bg:general
357726,357726,background,train,FSD50K,9.287,bg:general
357813,357813,background,train,FSD50K,11.253,bg:general
357919,357919,background,train,FSD50K,4.912,bg:general
358123,358123,background,train,FSD50K,6.882,bg:general
35829,35829,background,train,FSD50K,8.896,bg:general
358352,358352,background,train,FSD50K,5.803,bg:general
35872,35872,background,train,FSD50K,11.451,bg:general
35969,35969,background,train,FSD50K,20.204,bg:general
360336,360336,background,train,FSD50K,10.357,bg:general
360432,360432,background,train,FSD50K,0.864,hard_neg:glass_dishes
360433,360433,background,train,FSD50K,0.571,hard_neg:glass_dishes
360438,360438,background,train,FSD50K,3.662,hard_neg:glass_ring
360473,360473,background,train,FSD50K,8.984,hard_neg:alarm
360480,360480,background,train,FSD50K,7.41,hard_neg:alarm
360497,360497,background,train,FSD50K,5.622,bg:general
360528,360528,background,train,FSD50K,6.983,hard_neg:alarm
360767,360767,background,train,FSD50K,1.648,bg:general
360796,360796,background,train,FSD50K,11.876,bg:general
360831,360831,background,train,FSD50K,1.755,hard_neg:alarm
360842,360842,background,train,FSD50K,18.32,hard_neg:alarm
360941,360941,background,train,FSD50K,1.605,bg:general
361113,361113,background,train,FSD50K,15.988,bg:general
361153,361153,background,train,FSD50K,2.273,hard_neg:alarm
361154,361154,background,train,FSD50K,1.855,hard_neg:alarm
361225,361225,background,train,FSD50K,10.155,bg:general
361400,361400,background,train,FSD50K,10.403,hard_neg:scream_crowd
361404,361404,background,train,FSD50K,12.686,bg:general
361406,361406,background,train,FSD50K,14.018,bg:general
361449,361449,background,train,FSD50K,4.2,bg:general
361451,361451,background,train,FSD50K,9.96,bg:general
361455,361455,background,train,FSD50K,1.04,bg:general
361537,361537,background,train,FSD50K,6.074,hard_neg:alarm
361564,361564,background,train,FSD50K,2.803,hard_neg:alarm
361688,361688,background,train,FSD50K,8.403,bg:general
36170,36170,background,train,FSD50K,11.146,hard_neg:alarm
361710,361710,background,train,FSD50K,1.402,bg:general
361719,361719,background,train,FSD50K,1.402,bg:general
361721,361721,background,train,FSD50K,1.402,bg:general
361730,361730,background,train,FSD50K,1.402,bg:general
361748,361748,background,train,FSD50K,2.243,bg:general
361762,361762,background,train,FSD50K,2.243,bg:general
361766,361766,background,train,FSD50K,2.243,bg:general
361767,361767,background,train,FSD50K,2.243,bg:general
361770,361770,background,train,FSD50K,2.243,bg:general
361856,361856,background,train,FSD50K,15.668,hard_neg:alarm
361899,361899,background,train,FSD50K,15.246,bg:general
362184,362184,background,train,FSD50K,5.525,bg:general
362187,362187,background,train,FSD50K,5.58,bg:general
362209,362209,background,train,FSD50K,1.652,bg:general
362234,362234,background,train,FSD50K,4.047,bg:general
362258,362258,background,train,FSD50K,1.185,bg:general
362283,362283,background,train,FSD50K,15.527,bg:general
362314,362314,background,train,FSD50K,25.381,bg:general
362411,362411,background,train,FSD50K,16.298,bg:general
36291,36291,background,train,FSD50K,29.43,bg:general
362967,362967,background,train,FSD50K,3.579,bg:general
362974,362974,background,train,FSD50K,6.902,bg:general
363047,363047,background,train,FSD50K,5.075,bg:general
363103,363103,background,train,FSD50K,21.746,bg:general
363104,363104,background,train,FSD50K,10.502,bg:general
36316,36316,background,train,FSD50K,18.6,hard_neg:alarm
36317,36317,background,train,FSD50K,18.994,hard_neg:alarm
363241,363241,background,train,FSD50K,4.672,bg:general
363474,363474,background,train,FSD50K,13.901,bg:general
363581,363581,background,train,FSD50K,1.069,bg:general
363586,363586,background,train,FSD50K,2.428,bg:general
363587,363587,background,train,FSD50K,3.843,bg:general
363626,363626,background,train,FSD50K,5.644,bg:general
363631,363631,background,train,FSD50K,5.644,bg:general
363771,363771,background,train,FSD50K,1.0,hard_neg:alarm
363862,363862,background,train,FSD50K,1.002,bg:general
36392,36392,background,train,FSD50K,0.525,hard_neg:glass_ring
364270,364270,background,train,FSD50K,6.42,hard_neg:alarm
364271,364271,background,train,FSD50K,11.244,hard_neg:alarm
364369,364369,background,train,FSD50K,1.067,bg:general
364481,364481,background,train,FSD50K,3.116,hard_neg:baby_cry
364680,364680,background,train,FSD50K,2.675,bg:general
364728,364728,background,train,FSD50K,1.375,bg:general
364775,364775,background,train,FSD50K,1.423,bg:general
364785,364785,background,train,FSD50K,2.044,bg:general
364789,364789,background,train,FSD50K,1.997,bg:general
364805,364805,background,train,FSD50K,5.102,hard_neg:alarm
364806,364806,background,train,FSD50K,11.174,hard_neg:alarm
364839,364839,background,train,FSD50K,1.045,hard_neg:alarm
364974,364974,background,train,FSD50K,15.502,hard_neg:alarm
364976,364976,background,train,FSD50K,1.929,bg:general
365091,365091,background,train,FSD50K,30.0,bg:general
365150,365150,background,train,FSD50K,18.673,bg:general
365193,365193,background,train,FSD50K,5.062,hard_neg:glass_dishes
365194,365194,background,train,FSD50K,2.926,hard_neg:glass_dishes
365220,365220,background,train,FSD50K,9.307,bg:general
365389,365389,background,train,FSD50K,17.958,bg:general
365419,365419,background,train,FSD50K,26.966,bg:general
365519,365519,background,train,FSD50K,2.038,hard_neg:glass_dishes
365539,365539,background,train,FSD50K,2.482,hard_neg:alarm
365540,365540,background,train,FSD50K,5.721,bg:general
365541,365541,background,train,FSD50K,5.355,bg:general
365549,365549,background,train,FSD50K,10.632,bg:general
36555,36555,background,train,FSD50K,3.99,bg:general
36556,36556,background,train,FSD50K,5.803,bg:general
365655,365655,background,train,FSD50K,2.926,bg:general
365667,365667,background,train,FSD50K,10.324,hard_neg:alarm
365704,365704,background,train,FSD50K,4.889,bg:general
365734,365734,background,train,FSD50K,5.1,hard_neg:glass_dishes
365777,365777,background,train,FSD50K,4.052,bg:general
365799,365799,background,train,FSD50K,4.735,hard_neg:glass_dishes
365800,365800,background,train,FSD50K,14.501,bg:general
3659,3659,background,train,FSD50K,1.69,hard_neg:alarm
365903,365903,background,train,FSD50K,2.677,hard_neg:alarm
365907,365907,background,train,FSD50K,12.888,bg:general
365917,365917,background,train,FSD50K,15.236,bg:general
3660,3660,background,train,FSD50K,1.69,hard_neg:alarm
366086,366086,background,train,FSD50K,11.716,bg:general
366090,366090,background,train,FSD50K,9.074,bg:general
366188,366188,background,train,FSD50K,8.022,hard_neg:glass_dishes
366192,366192,background,train,FSD50K,3.214,bg:general
366201,366201,background,train,FSD50K,1.775,bg:general
366205,366205,background,train,FSD50K,11.538,hard_neg:glass_dishes
366209,366209,background,train,FSD50K,12.298,bg:general
366212,366212,background,train,FSD50K,6.702,bg:general
366353,366353,background,train,FSD50K,25.17,bg:general
366445,366445,background,train,FSD50K,14.685,bg:general
366646,366646,background,train,FSD50K,24.816,bg:general
366862,366862,background,train,FSD50K,13.66,hard_neg:alarm
366930,366930,background,train,FSD50K,12.413,bg:general
366969,366969,background,train,FSD50K,10.272,bg:general
367085,367085,background,train,FSD50K,1.475,bg:general
367087,367087,background,train,FSD50K,7.437,hard_neg:alarm
367189,367189,background,train,FSD50K,4.38,bg:general
367493,367493,background,train,FSD50K,2.534,bg:general
367500,367500,background,train,FSD50K,9.901,hard_neg:alarm
367588,367588,background,train,FSD50K,9.41,bg:general
367689,367689,background,train,FSD50K,6.818,bg:general
367790,367790,background,train,FSD50K,25.227,bg:general
367839,367839,background,train,FSD50K,9.075,hard_neg:alarm
367973,367973,background,train,FSD50K,8.0,bg:general
368070,368070,background,train,FSD50K,6.892,bg:general
368079,368079,background,train,FSD50K,18.153,bg:general
368083,368083,background,train,FSD50K,26.283,bg:general
368130,368130,background,train,FSD50K,2.5,hard_neg:glass_dishes
36832,36832,background,train,FSD50K,9.434,bg:general
36836,36836,background,train,FSD50K,1.815,bg:general
36837,36837,background,train,FSD50K,5.437,bg:general
368388,368388,background,train,FSD50K,13.584,hard_neg:baby_cry
368431,368431,background,train,FSD50K,2.429,bg:general
368450,368450,background,train,FSD50K,9.683,hard_neg:alarm
368471,368471,background,train,FSD50K,4.272,hard_neg:alarm
368494,368494,background,train,FSD50K,2.912,bg:general
368525,368525,background,train,FSD50K,7.495,hard_neg:scream_crowd
368563,368563,background,train,FSD50K,12.8,hard_neg:alarm
368804,368804,background,train,FSD50K,1.386,bg:general
368917,368917,background,train,FSD50K,12.907,bg:general
368919,368919,background,train,FSD50K,12.334,bg:general
368934,368934,background,train,FSD50K,14.039,bg:general
368943,368943,background,train,FSD50K,4.0,hard_neg:glass_ring
36896,36896,background,train,FSD50K,1.447,hard_neg:alarm
368960,368960,background,train,FSD50K,4.0,bg:general
369081,369081,background,train,FSD50K,2.5,bg:general
369120,369120,background,train,FSD50K,1.271,bg:general
369238,369238,background,train,FSD50K,3.015,hard_neg:glass_ring
369246,369246,background,train,FSD50K,7.152,bg:general
369530,369530,background,train,FSD50K,1.702,bg:general
369590,369590,background,train,FSD50K,15.07,bg:general
369720,369720,background,train,FSD50K,8.52,hard_neg:alarm
369839,369839,background,train,FSD50K,10.006,hard_neg:alarm
369840,369840,background,train,FSD50K,6.008,hard_neg:alarm
369841,369841,background,train,FSD50K,10.012,hard_neg:alarm
369842,369842,background,train,FSD50K,4.0,hard_neg:alarm
369844,369844,background,train,FSD50K,8.868,hard_neg:alarm
369847,369847,background,train,FSD50K,16.058,hard_neg:alarm
369879,369879,background,train,FSD50K,11.094,hard_neg:alarm
369880,369880,background,train,FSD50K,24.363,hard_neg:alarm
369892,369892,background,train,FSD50K,26.959,bg:general
370025,370025,background,train,FSD50K,6.143,bg:general
370234,370234,background,train,FSD50K,24.171,bg:general
370710,370710,background,train,FSD50K,9.06,bg:general
370732,370732,background,train,FSD50K,1.328,bg:general
370913,370913,background,train,FSD50K,1.167,bg:general
370919,370919,background,train,FSD50K,2.6,hard_neg:alarm
371292,371292,background,train,FSD50K,4.964,hard_neg:alarm
371303,371303,background,train,FSD50K,5.568,hard_neg:baby_cry
371344,371344,background,train,FSD50K,14.328,bg:general
371369,371369,background,train,FSD50K,7.872,hard_neg:alarm
371427,371427,background,train,FSD50K,1.625,bg:general
371492,371492,background,train,FSD50K,3.61,bg:general
371663,371663,background,train,FSD50K,19.566,bg:general
37168,37168,background,train,FSD50K,1.681,bg:general
371782,371782,background,train,FSD50K,2.256,hard_neg:alarm
371833,371833,background,train,FSD50K,2.0,hard_neg:alarm
371836,371836,background,train,FSD50K,7.708,hard_neg:alarm
371853,371853,background,train,FSD50K,3.004,hard_neg:alarm
371880,371880,background,train,FSD50K,19.148,bg:general
371920,371920,background,train,FSD50K,8.48,bg:general
372087,372087,background,train,FSD50K,1.997,hard_neg:alarm
372184,372184,background,train,FSD50K,5.317,bg:general
372474,372474,background,train,FSD50K,3.604,bg:general
372548,372548,background,train,FSD50K,25.789,bg:general
372608,372608,background,train,FSD50K,28.598,bg:general
373238,373238,background,train,FSD50K,1.671,bg:general
373364,373364,background,train,FSD50K,7.207,bg:general
373365,373365,background,train,FSD50K,7.207,bg:general
373368,373368,background,train,FSD50K,6.954,bg:general
37345,37345,background,train,FSD50K,17.064,bg:general
373577,373577,background,train,FSD50K,5.993,bg:general
373582,373582,background,train,FSD50K,3.675,bg:general
373583,373583,background,train,FSD50K,6.009,bg:general
373586,373586,background,train,FSD50K,3.024,bg:general
373677,373677,background,train,FSD50K,12.516,bg:general
373681,373681,background,train,FSD50K,12.271,bg:general
373696,373696,background,train,FSD50K,12.896,bg:general
373720,373720,background,train,FSD50K,12.059,bg:general
373727,373727,background,train,FSD50K,12.259,bg:general
373737,373737,background,train,FSD50K,11.967,bg:general
373901,373901,background,train,FSD50K,1.39,bg:general
373914,373914,background,train,FSD50K,9.085,bg:general
373922,373922,background,train,FSD50K,6.881,bg:general
373928,373928,background,train,FSD50K,11.489,bg:general
373930,373930,background,train,FSD50K,8.357,bg:general
373942,373942,background,train,FSD50K,16.821,bg:general
373946,373946,background,train,FSD50K,20.239,bg:general
374022,374022,background,train,FSD50K,9.936,bg:general
374116,374116,background,train,FSD50K,1.494,bg:general
374177,374177,background,train,FSD50K,4.675,bg:general
374705,374705,background,train,FSD50K,1.617,bg:general
374847,374847,background,train,FSD50K,1.092,bg:general
374862,374862,background,train,FSD50K,1.142,bg:general
374875,374875,background,train,FSD50K,1.01,bg:general
374940,374940,background,train,FSD50K,1.156,bg:general
374985,374985,background,train,FSD50K,4.203,bg:general
375025,375025,background,train,FSD50K,4.044,bg:general
375519,375519,background,train,FSD50K,9.628,bg:general
375541,375541,background,train,FSD50K,18.478,bg:general
375551,375551,background,train,FSD50K,6.068,bg:general
375554,375554,background,train,FSD50K,10.175,bg:general
375555,375555,background,train,FSD50K,10.722,bg:general
375615,375615,background,train,FSD50K,1.946,bg:general
376199,376199,background,train,FSD50K,29.059,bg:general
376392,376392,background,train,FSD50K,21.0,bg:general
376407,376407,background,train,FSD50K,11.731,bg:general
376600,376600,background,train,FSD50K,7.903,bg:general
376656,376656,background,train,FSD50K,17.29,bg:general
376779,376779,background,train,FSD50K,29.246,bg:general
376837,376837,background,train,FSD50K,9.32,bg:general
377005,377005,background,train,FSD50K,3.909,bg:general
377015,377015,background,train,FSD50K,14.718,bg:general
377025,377025,background,train,FSD50K,9.011,bg:general
377031,377031,background,train,FSD50K,11.969,bg:general
377039,377039,background,train,FSD50K,13.144,bg:general
377046,377046,background,train,FSD50K,2.7,hard_neg:glass_ring
377054,377054,background,train,FSD50K,14.956,bg:general
377249,377249,background,train,FSD50K,1.295,hard_neg:alarm
377267,377267,background,train,FSD50K,1.471,bg:general
377300,377300,background,train,FSD50K,1.302,hard_neg:alarm
377302,377302,background,train,FSD50K,1.235,hard_neg:alarm
377496,377496,background,train,FSD50K,9.348,hard_neg:alarm
377526,377526,background,train,FSD50K,14.76,bg:general
377682,377682,background,train,FSD50K,7.895,bg:general
377805,377805,background,train,FSD50K,2.4,hard_neg:glass_ring
377987,377987,background,train,FSD50K,5.863,hard_neg:glass_ring
377988,377988,background,train,FSD50K,8.332,bg:general
377989,377989,background,train,FSD50K,9.388,hard_neg:glass_dishes
378098,378098,background,train,FSD50K,6.367,bg:general
378161,378161,background,train,FSD50K,8.812,hard_neg:glass_ring
378174,378174,background,train,FSD50K,9.997,bg:general
378275,378275,background,train,FSD50K,15.552,hard_neg:glass_dishes
378310,378310,background,train,FSD50K,6.031,bg:general
378328,378328,background,train,FSD50K,14.858,hard_neg:glass_dishes
378330,378330,background,train,FSD50K,4.456,hard_neg:glass_dishes
378331,378331,background,train,FSD50K,8.914,bg:general
378332,378332,background,train,FSD50K,4.456,hard_neg:glass_dishes
378338,378338,background,train,FSD50K,7.382,bg:general
378624,378624,background,train,FSD50K,11.12,bg:general
378633,378633,background,train,FSD50K,2.724,bg:general
378683,378683,background,train,FSD50K,5.0,bg:general
378713,378713,background,train,FSD50K,25.738,bg:general
378846,378846,background,train,FSD50K,2.0,hard_neg:glass_dishes
378847,378847,background,train,FSD50K,0.5,hard_neg:glass_dishes
378848,378848,background,train,FSD50K,1.0,hard_neg:glass_dishes
378850,378850,background,train,FSD50K,1.0,hard_neg:glass_ring
378852,378852,background,train,FSD50K,0.625,hard_neg:glass_dishes
378853,378853,background,train,FSD50K,1.0,hard_neg:glass_dishes
378867,378867,background,train,FSD50K,1.0,hard_neg:glass_dishes
378868,378868,background,train,FSD50K,0.75,hard_neg:glass_dishes
379012,379012,background,train,FSD50K,2.662,hard_neg:glass_ring
379013,379013,background,train,FSD50K,3.158,bg:general
379034,379034,background,train,FSD50K,3.654,hard_neg:alarm
379076,379076,background,train,FSD50K,18.32,bg:general
379099,379099,background,train,FSD50K,2.84,bg:general
379101,379101,background,train,FSD50K,22.8,bg:general
379130,379130,background,train,FSD50K,3.086,hard_neg:glass_ring
379138,379138,background,train,FSD50K,6.582,hard_neg:glass_ring
37915,37915,background,train,FSD50K,4.734,hard_neg:alarm
379184,379184,background,train,FSD50K,18.27,hard_neg:glass_dishes
379187,379187,background,train,FSD50K,16.697,hard_neg:glass_dishes
379189,379189,background,train,FSD50K,16.4,hard_neg:glass_dishes
379192,379192,background,train,FSD50K,22.316,hard_neg:glass_dishes
379198,379198,background,train,FSD50K,28.147,hard_neg:glass_dishes
379288,379288,background,train,FSD50K,7.758,bg:general
379342,379342,background,train,FSD50K,13.054,bg:general
379343,379343,background,train,FSD50K,13.023,bg:general
379372,379372,background,train,FSD50K,2.017,bg:general
379373,379373,background,train,FSD50K,14.61,hard_neg:alarm
379375,379375,background,train,FSD50K,1.042,hard_neg:alarm
379386,379386,background,train,FSD50K,6.873,bg:general
379387,379387,background,train,FSD50K,7.145,hard_neg:alarm
379388,379388,background,train,FSD50K,3.735,hard_neg:alarm
379407,379407,background,train,FSD50K,0.592,hard_neg:glass_dishes
379408,379408,background,train,FSD50K,0.647,hard_neg:glass_dishes
379440,379440,background,train,FSD50K,0.677,hard_neg:glass_dishes
379754,379754,background,train,FSD50K,13.817,hard_neg:alarm
379756,379756,background,train,FSD50K,20.658,hard_neg:alarm
379757,379757,background,train,FSD50K,24.807,bg:general
379865,379865,background,train,FSD50K,6.5,bg:general
379889,379889,background,train,FSD50K,4.772,bg:general
379916,379916,background,train,FSD50K,9.2,hard_neg:alarm
380049,380049,background,train,FSD50K,12.6,bg:general
380273,380273,background,train,FSD50K,0.799,hard_neg:glass_ring
380285,380285,background,train,FSD50K,2.583,hard_neg:glass_ring
38031,38031,background,train,FSD50K,0.626,hard_neg:alarm
380669,380669,background,train,FSD50K,6.457,hard_neg:glass_dishes
380681,380681,background,train,FSD50K,16.0,bg:general
381208,381208,background,train,FSD50K,15.0,bg:general
381376,381376,background,train,FSD50K,24.085,bg:general
381382,381382,background,train,FSD50K,1.678,hard_neg:alarm
381421,381421,background,train,FSD50K,8.328,bg:general
381484,381484,background,train,FSD50K,11.509,bg:general
381485,381485,background,train,FSD50K,21.698,bg:general
381510,381510,background,train,FSD50K,4.842,bg:general
381774,381774,background,train,FSD50K,0.851,hard_neg:alarm
381775,381775,background,train,FSD50K,1.759,hard_neg:alarm
381865,381865,background,train,FSD50K,4.212,bg:general
381953,381953,background,train,FSD50K,1.803,bg:general
382005,382005,background,train,FSD50K,14.512,bg:general
382028,382028,background,train,FSD50K,25.46,hard_neg:glass_dishes
382236,382236,background,train,FSD50K,23.576,hard_neg:alarm
38229,38229,background,train,FSD50K,5.696,hard_neg:alarm
382409,382409,background,train,FSD50K,5.984,bg:general
382614,382614,background,train,FSD50K,9.986,hard_neg:alarm
382658,382658,background,train,FSD50K,4.5,bg:general
382662,382662,background,train,FSD50K,4.235,bg:general
382669,382669,background,train,FSD50K,19.969,bg:general
382809,382809,background,train,FSD50K,1.354,bg:general
382811,382811,background,train,FSD50K,1.299,bg:general
382822,382822,background,train,FSD50K,1.376,bg:general
382829,382829,background,train,FSD50K,1.409,bg:general
382831,382831,background,train,FSD50K,1.348,bg:general
382844,382844,background,train,FSD50K,1.417,bg:general
382852,382852,background,train,FSD50K,1.367,bg:general
382859,382859,background,train,FSD50K,1.549,bg:general
382861,382861,background,train,FSD50K,1.4,bg:general
382864,382864,background,train,FSD50K,1.55,bg:general
382874,382874,background,train,FSD50K,1.386,bg:general
382887,382887,background,train,FSD50K,1.285,bg:general
38291,38291,background,train,FSD50K,21.897,bg:general
382915,382915,background,train,FSD50K,7.976,bg:general
382950,382950,background,train,FSD50K,6.743,bg:general
383368,383368,background,train,FSD50K,10.0,bg:general
383593,383593,background,train,FSD50K,2.918,hard_neg:alarm
383594,383594,background,train,FSD50K,2.918,hard_neg:alarm
383595,383595,background,train,FSD50K,2.918,hard_neg:alarm
383596,383596,background,train,FSD50K,2.918,hard_neg:alarm
383597,383597,background,train,FSD50K,2.918,hard_neg:alarm
383598,383598,background,train,FSD50K,2.918,hard_neg:alarm
383599,383599,background,train,FSD50K,2.918,hard_neg:alarm
383600,383600,background,train,FSD50K,2.918,hard_neg:alarm
383601,383601,background,train,FSD50K,2.918,hard_neg:alarm
383602,383602,background,train,FSD50K,2.918,hard_neg:alarm
383623,383623,background,train,FSD50K,2.918,hard_neg:alarm
383624,383624,background,train,FSD50K,2.918,hard_neg:alarm
383625,383625,background,train,FSD50K,1.431,hard_neg:alarm
383626,383626,background,train,FSD50K,2.918,hard_neg:alarm
383627,383627,background,train,FSD50K,2.918,hard_neg:alarm
383628,383628,background,train,FSD50K,2.918,hard_neg:alarm
383629,383629,background,train,FSD50K,2.918,hard_neg:alarm
383630,383630,background,train,FSD50K,2.918,hard_neg:alarm
383631,383631,background,train,FSD50K,3.429,hard_neg:alarm
383926,383926,background,train,FSD50K,24.678,hard_neg:glass_dishes
383976,383976,background,train,FSD50K,20.55,hard_neg:alarm
384004,384004,background,train,FSD50K,21.404,hard_neg:alarm
384009,384009,background,train,FSD50K,28.578,hard_neg:alarm
384022,384022,background,train,FSD50K,26.763,bg:general
386092,386092,background,train,FSD50K,3.0,bg:general
386199,386199,background,train,FSD50K,3.0,bg:general
386202,386202,background,train,FSD50K,6.0,bg:general
386203,386203,background,train,FSD50K,1.479,bg:general
386222,386222,background,train,FSD50K,18.0,bg:general
386238,386238,background,train,FSD50K,2.972,bg:general
386266,386266,background,train,FSD50K,12.0,bg:general
386267,386267,background,train,FSD50K,2.25,bg:general
386274,386274,background,train,FSD50K,1.479,bg:general
386275,386275,background,train,FSD50K,12.0,bg:general
386284,386284,background,train,FSD50K,1.479,bg:general
386299,386299,background,train,FSD50K,1.479,bg:general
386330,386330,background,train,FSD50K,12.0,bg:general
386360,386360,background,train,FSD50K,1.968,bg:general
386374,386374,background,train,FSD50K,1.479,bg:general
386384,386384,background,train,FSD50K,1.479,bg:general
386437,386437,background,train,FSD50K,13.429,bg:general
386444,386444,background,train,FSD50K,2.001,bg:general
386445,386445,background,train,FSD50K,4.556,bg:general
386498,386498,background,train,FSD50K,28.5,bg:general
386511,386511,background,train,FSD50K,1.25,bg:general
386518,386518,background,train,FSD50K,1.0,bg:general
386528,386528,background,train,FSD50K,4.357,bg:general
386543,386543,background,train,FSD50K,4.448,bg:general
386782,386782,background,train,FSD50K,15.001,hard_neg:alarm
386793,386793,background,train,FSD50K,8.81,bg:general
386923,386923,background,train,FSD50K,2.743,hard_neg:baby_cry
386924,386924,background,train,FSD50K,2.121,hard_neg:baby_cry
387225,387225,background,train,FSD50K,24.11,bg:general
387403,387403,background,train,FSD50K,2.288,hard_neg:baby_cry
387405,387405,background,train,FSD50K,2.073,hard_neg:baby_cry
387532,387532,background,train,FSD50K,0.462,hard_neg:alarm
387534,387534,background,train,FSD50K,0.913,hard_neg:alarm
387537,387537,background,train,FSD50K,0.703,hard_neg:alarm
387542,387542,background,train,FSD50K,8.804,bg:general
387578,387578,background,train,FSD50K,10.0,bg:general
387615,387615,background,train,FSD50K,24.904,bg:general
387671,387671,background,train,FSD50K,21.484,bg:general
387740,387740,background,train,FSD50K,3.185,bg:general
387765,387765,background,train,FSD50K,1.229,bg:general
387766,387766,background,train,FSD50K,1.043,bg:general
387772,387772,background,train,FSD50K,16.585,bg:general
387780,387780,background,train,FSD50K,1.419,bg:general
387962,387962,background,train,FSD50K,1.301,bg:general
388058,388058,background,train,FSD50K,5.997,bg:general
388245,388245,background,train,FSD50K,19.044,bg:general
388284,388284,background,train,FSD50K,7.767,bg:general
388478,388478,background,train,FSD50K,5.231,bg:general
388490,388490,background,train,FSD50K,1.575,bg:general
388492,388492,background,train,FSD50K,21.34,bg:general
388507,388507,background,train,FSD50K,12.881,bg:general
388558,388558,background,train,FSD50K,2.074,bg:general
388608,388608,background,train,FSD50K,26.394,bg:general
388692,388692,background,train,FSD50K,1.343,bg:general
388709,388709,background,train,FSD50K,20.018,hard_neg:alarm
388899,388899,background,train,FSD50K,25.366,bg:general
389220,389220,background,train,FSD50K,11.698,bg:general
389238,389238,background,train,FSD50K,1.008,bg:general
389426,389426,background,train,FSD50K,5.234,bg:general
389432,389432,background,train,FSD50K,1.034,hard_neg:glass_dishes
389495,389495,background,train,FSD50K,15.8,bg:general
389497,389497,background,train,FSD50K,22.667,bg:general
389509,389509,background,train,FSD50K,0.462,hard_neg:alarm
389526,389526,background,train,FSD50K,13.431,hard_neg:alarm
389604,389604,background,train,FSD50K,27.947,hard_neg:alarm
389623,389623,background,train,FSD50K,21.472,bg:general
389695,389695,background,train,FSD50K,5.633,bg:general
389708,389708,background,train,FSD50K,3.209,bg:general
389774,389774,background,train,FSD50K,26.349,hard_neg:baby_cry
389775,389775,background,train,FSD50K,8.267,hard_neg:alarm
39010,39010,background,train,FSD50K,25.213,bg:general
390136,390136,background,train,FSD50K,3.492,hard_neg:alarm
390156,390156,background,train,FSD50K,27.459,hard_neg:baby_cry
390256,390256,background,train,FSD50K,3.081,hard_neg:baby_cry
390278,390278,background,train,FSD50K,6.14,hard_neg:alarm
390388,390388,background,train,FSD50K,5.654,bg:general
390448,390448,background,train,FSD50K,14.723,hard_neg:alarm
390534,390534,background,train,FSD50K,1.997,hard_neg:alarm
390658,390658,background,train,FSD50K,8.242,hard_neg:baby_cry
390717,390717,background,train,FSD50K,6.818,hard_neg:glass_ring
390787,390787,background,train,FSD50K,2.536,bg:general
391143,391143,background,train,FSD50K,1.11,hard_neg:alarm
391181,391181,background,train,FSD50K,18.498,hard_neg:baby_cry
391215,391215,background,train,FSD50K,23.04,hard_neg:alarm
391326,391326,background,train,FSD50K,8.667,bg:general
391691,391691,background,train,FSD50K,6.687,bg:general
39188,39188,background,train,FSD50K,1.403,bg:general
391969,391969,background,train,FSD50K,7.073,bg:general
391976,391976,background,train,FSD50K,22.273,hard_neg:alarm
391978,391978,background,train,FSD50K,24.035,hard_neg:alarm
391980,391980,background,train,FSD50K,21.179,hard_neg:alarm
392016,392016,background,train,FSD50K,22.864,bg:general
392030,392030,background,train,FSD50K,4.877,bg:general
392070,392070,background,train,FSD50K,8.681,bg:general
39209,39209,background,train,FSD50K,1.407,bg:general
392235,392235,background,train,FSD50K,3.815,bg:general
392243,392243,background,train,FSD50K,6.084,bg:general
392340,392340,background,train,FSD50K,7.936,bg:general
39241,39241,background,train,FSD50K,1.0,hard_neg:glass_ring
39242,39242,background,train,FSD50K,1.0,hard_neg:glass_ring
39244,39244,background,train,FSD50K,2.0,hard_neg:glass_ring
392573,392573,background,train,FSD50K,2.207,bg:general
392721,392721,background,train,FSD50K,4.4,hard_neg:alarm
392742,392742,background,train,FSD50K,2.0,hard_neg:alarm
392743,392743,background,train,FSD50K,3.5,hard_neg:alarm
393003,393003,background,train,FSD50K,5.494,bg:general
393010,393010,background,train,FSD50K,4.192,hard_neg:baby_cry
393037,393037,background,train,FSD50K,8.965,bg:general
393457,393457,background,train,FSD50K,1.376,bg:general
393479,393479,background,train,FSD50K,21.676,bg:general
393490,393490,background,train,FSD50K,15.736,bg:general
393524,393524,background,train,FSD50K,14.594,hard_neg:alarm
393769,393769,background,train,FSD50K,8.917,hard_neg:baby_cry
393924,393924,background,train,FSD50K,6.169,bg:general
393941,393941,background,train,FSD50K,8.145,bg:general
393955,393955,background,train,FSD50K,2.1,bg:general
393965,393965,background,train,FSD50K,4.608,hard_neg:glass_ring
393968,393968,background,train,FSD50K,14.58,bg:general
394099,394099,background,train,FSD50K,1.891,bg:general
394128,394128,background,train,FSD50K,1.244,bg:general
39413,39413,background,train,FSD50K,14.282,bg:general
394134,394134,background,train,FSD50K,2.567,bg:general
394435,394435,background,train,FSD50K,1.081,bg:general
394452,394452,background,train,FSD50K,1.198,bg:general
394715,394715,background,train,FSD50K,9.048,bg:general
394769,394769,background,train,FSD50K,6.064,bg:general
394795,394795,background,train,FSD50K,1.21,hard_neg:glass_dishes
394860,394860,background,train,FSD50K,13.324,bg:general
394861,394861,background,train,FSD50K,14.432,bg:general
394911,394911,background,train,FSD50K,5.441,bg:general
394932,394932,background,train,FSD50K,9.676,bg:general
39514,39514,background,train,FSD50K,4.375,hard_neg:alarm
395207,395207,background,train,FSD50K,22.96,bg:general
395213,395213,background,train,FSD50K,0.682,hard_neg:alarm
395375,395375,background,train,FSD50K,18.533,bg:general
395407,395407,background,train,FSD50K,2.06,bg:general
395410,395410,background,train,FSD50K,2.602,bg:general
395413,395413,background,train,FSD50K,3.695,bg:general
395415,395415,background,train,FSD50K,16.71,hard_neg:alarm
395492,395492,background,train,FSD50K,1.718,hard_neg:glass_dishes
395564,395564,background,train,FSD50K,24.242,bg:general
395918,395918,background,train,FSD50K,14.791,bg:general
396048,396048,background,train,FSD50K,2.946,bg:general
396088,396088,background,train,FSD50K,24.013,bg:general
396137,396137,background,train,FSD50K,9.172,hard_neg:alarm
396170,396170,background,train,FSD50K,22.0,bg:general
396180,396180,background,train,FSD50K,15.293,bg:general
396423,396423,background,train,FSD50K,1.553,hard_neg:glass_ring
396427,396427,background,train,FSD50K,12.453,bg:general
396428,396428,background,train,FSD50K,6.897,bg:general
396467,396467,background,train,FSD50K,3.462,bg:general
396536,396536,background,train,FSD50K,2.34,hard_neg:glass_ring
396795,396795,background,train,FSD50K,7.718,bg:general
396877,396877,background,train,FSD50K,6.358,bg:general
396940,396940,background,train,FSD50K,3.047,bg:general
397158,397158,background,train,FSD50K,5.0,hard_neg:alarm
397159,397159,background,train,FSD50K,5.0,hard_neg:alarm
397161,397161,background,train,FSD50K,1.0,hard_neg:alarm
397162,397162,background,train,FSD50K,1.0,hard_neg:alarm
397235,397235,background,train,FSD50K,8.164,bg:general
397333,397333,background,train,FSD50K,4.858,bg:general
397434,397434,background,train,FSD50K,20.406,bg:general
397449,397449,background,train,FSD50K,1.73,bg:general
397487,397487,background,train,FSD50K,8.522,bg:general
397651,397651,background,train,FSD50K,1.177,bg:general
3977,3977,background,train,FSD50K,1.275,hard_neg:alarm
397915,397915,background,train,FSD50K,25.744,bg:general
397923,397923,background,train,FSD50K,7.524,hard_neg:glass_ring
398111,398111,background,train,FSD50K,3.001,bg:general
398122,398122,background,train,FSD50K,22.5,bg:general
398123,398123,background,train,FSD50K,5.627,hard_neg:alarm
398548,398548,background,train,FSD50K,15.697,hard_neg:baby_cry
398683,398683,background,train,FSD50K,21.0,bg:general
398700,398700,background,train,FSD50K,3.329,bg:general
398738,398738,background,train,FSD50K,14.0,bg:general
398771,398771,background,train,FSD50K,5.987,bg:general
398813,398813,background,train,FSD50K,6.053,bg:general
398820,398820,background,train,FSD50K,16.995,bg:general
398886,398886,background,train,FSD50K,22.655,bg:general
398890,398890,background,train,FSD50K,4.695,bg:general
398894,398894,background,train,FSD50K,6.548,bg:general
398992,398992,background,train,FSD50K,1.328,bg:general
399049,399049,background,train,FSD50K,3.828,bg:general
399070,399070,background,train,FSD50K,11.981,bg:general
39914,39914,background,train,FSD50K,27.504,bg:general
39920,39920,background,train,FSD50K,28.98,hard_neg:baby_cry
399205,399205,background,train,FSD50K,3.008,hard_neg:alarm
399254,399254,background,train,FSD50K,2.363,hard_neg:alarm
39934,39934,background,train,FSD50K,19.032,bg:general
399475,399475,background,train,FSD50K,1.0,bg:general
399501,399501,background,train,FSD50K,1.0,bg:general
399584,399584,background,train,FSD50K,28.72,bg:general
399621,399621,background,train,FSD50K,3.553,bg:general
399666,399666,background,train,FSD50K,6.009,bg:general
399752,399752,background,train,FSD50K,1.289,bg:general
399760,399760,background,train,FSD50K,2.973,bg:general
399909,399909,background,train,FSD50K,8.0,bg:general
400116,400116,background,train,FSD50K,1.25,bg:general
400414,400414,background,train,FSD50K,19.296,bg:general
400583,400583,background,train,FSD50K,17.4,hard_neg:alarm
400742,400742,background,train,FSD50K,1.863,bg:general
400792,400792,background,train,FSD50K,15.07,hard_neg:alarm
400832,400832,background,train,FSD50K,3.667,bg:general
400871,400871,background,train,FSD50K,10.36,bg:general
400894,400894,background,train,FSD50K,9.72,hard_neg:alarm
400997,400997,background,train,FSD50K,14.862,bg:general
401132,401132,background,train,FSD50K,26.923,hard_neg:alarm
401554,401554,background,train,FSD50K,2.516,bg:general
401620,401620,background,train,FSD50K,5.12,hard_neg:glass_dishes
401672,401672,background,train,FSD50K,8.5,bg:general
401707,401707,background,train,FSD50K,14.039,bg:general
401715,401715,background,train,FSD50K,1.649,bg:general
401907,401907,background,train,FSD50K,5.097,bg:general
402007,402007,background,train,FSD50K,1.864,bg:general
40205,40205,background,train,FSD50K,2.341,bg:general
40208,40208,background,train,FSD50K,2.369,bg:general
40261,40261,background,train,FSD50K,1.932,bg:general
402814,402814,background,train,FSD50K,0.58,hard_neg:baby_cry
402835,402835,background,train,FSD50K,1.183,hard_neg:baby_cry
402958,402958,background,train,FSD50K,25.261,hard_neg:alarm
403057,403057,background,train,FSD50K,5.068,hard_neg:scream_crowd
403316,403316,background,train,FSD50K,22.887,bg:general
403430,403430,background,train,FSD50K,4.287,hard_neg:alarm
403439,403439,background,train,FSD50K,1.106,hard_neg:alarm
403449,403449,background,train,FSD50K,5.956,hard_neg:alarm
403454,403454,background,train,FSD50K,1.942,bg:general
403455,403455,background,train,FSD50K,0.56,hard_neg:alarm
403457,403457,background,train,FSD50K,0.815,hard_neg:alarm
403471,403471,background,train,FSD50K,2.392,hard_neg:alarm
403473,403473,background,train,FSD50K,2.625,hard_neg:alarm
403474,403474,background,train,FSD50K,1.492,hard_neg:alarm
40363,40363,background,train,FSD50K,2.073,bg:general
403672,403672,background,train,FSD50K,25.0,bg:general
403893,403893,background,train,FSD50K,18.912,bg:general
403936,403936,background,train,FSD50K,1.672,bg:general
403937,403937,background,train,FSD50K,1.385,bg:general
404071,404071,background,train,FSD50K,13.726,bg:general
404086,404086,background,train,FSD50K,4.205,bg:general
404098,404098,background,train,FSD50K,8.005,hard_neg:alarm
404099,404099,background,train,FSD50K,2.967,hard_neg:alarm
404100,404100,background,train,FSD50K,3.33,hard_neg:alarm
404161,404161,background,train,FSD50K,12.324,hard_neg:alarm
40418,40418,background,train,FSD50K,3.72,bg:general
404235,404235,background,train,FSD50K,11.992,bg:general
404248,404248,background,train,FSD50K,13.826,bg:general
404300,404300,background,train,FSD50K,6.889,bg:general
404456,404456,background,train,FSD50K,12.446,hard_neg:alarm
404477,404477,background,train,FSD50K,0.764,hard_neg:glass_dishes
40457,40457,background,train,FSD50K,1.82,bg:general
40465,40465,background,train,FSD50K,3.578,bg:general
404678,404678,background,train,FSD50K,10.128,hard_neg:alarm
404758,404758,background,train,FSD50K,1.327,hard_neg:alarm
40483,40483,background,train,FSD50K,1.111,bg:general
40500,40500,background,train,FSD50K,4.763,bg:general
405043,405043,background,train,FSD50K,29.28,bg:general
405114,405114,background,train,FSD50K,5.095,bg:general
40522,40522,background,train,FSD50K,2.04,bg:general
405320,405320,background,train,FSD50K,2.98,bg:general
405386,405386,background,train,FSD50K,3.634,bg:general
405443,405443,background,train,FSD50K,6.514,bg:general
405459,405459,background,train,FSD50K,19.691,bg:general
405650,405650,background,train,FSD50K,2.857,bg:general
405662,405662,background,train,FSD50K,1.878,bg:general
405761,405761,background,train,FSD50K,2.808,bg:general
406065,406065,background,train,FSD50K,16.858,bg:general
406165,406165,background,train,FSD50K,2.92,bg:general
40619,40619,background,train,FSD50K,7.186,bg:general
406249,406249,background,train,FSD50K,4.8,hard_neg:glass_ring
406251,406251,background,train,FSD50K,2.707,hard_neg:glass_ring
406448,406448,background,train,FSD50K,26.0,bg:general
406511,406511,background,train,FSD50K,24.066,bg:general
406666,406666,background,train,FSD50K,4.3,bg:general
406667,406667,background,train,FSD50K,1.734,bg:general
406668,406668,background,train,FSD50K,1.334,bg:general
406674,406674,background,train,FSD50K,6.967,bg:general
406694,406694,background,train,FSD50K,11.1,bg:general
406716,406716,background,train,FSD50K,1.867,hard_neg:glass_dishes
406717,406717,background,train,FSD50K,2.067,hard_neg:glass_dishes
406718,406718,background,train,FSD50K,2.867,hard_neg:glass_dishes
406719,406719,background,train,FSD50K,2.267,hard_neg:glass_dishes
406720,406720,background,train,FSD50K,5.6,hard_neg:glass_dishes
406722,406722,background,train,FSD50K,4.082,hard_neg:glass_dishes
406773,406773,background,train,FSD50K,1.305,bg:general
406958,406958,background,train,FSD50K,13.794,bg:general
407097,407097,background,train,FSD50K,14.943,bg:general
407240,407240,background,train,FSD50K,5.84,hard_neg:alarm
407394,407394,background,train,FSD50K,9.824,hard_neg:alarm
407434,407434,background,train,FSD50K,11.0,hard_neg:glass_dishes
40751,40751,background,train,FSD50K,1.324,hard_neg:alarm
407521,407521,background,train,FSD50K,26.026,hard_neg:alarm
407606,407606,background,train,FSD50K,8.103,bg:general
407637,407637,background,train,FSD50K,27.611,hard_neg:alarm
407649,407649,background,train,FSD50K,5.497,bg:general
407700,407700,background,train,FSD50K,7.956,bg:general
407718,407718,background,train,FSD50K,9.724,bg:general
407723,407723,background,train,FSD50K,20.3,bg:general
408195,408195,background,train,FSD50K,18.11,bg:general
408225,408225,background,train,FSD50K,1.16,hard_neg:glass_ring
408369,408369,background,train,FSD50K,15.52,bg:general
408429,408429,background,train,FSD50K,14.288,bg:general
408714,408714,background,train,FSD50K,4.76,bg:general
408741,408741,background,train,FSD50K,10.009,bg:general
408767,408767,background,train,FSD50K,28.772,bg:general
408788,408788,background,train,FSD50K,8.5,bg:general
408839,408839,background,train,FSD50K,8.5,bg:general
408852,408852,background,train,FSD50K,8.5,hard_neg:glass_dishes
408855,408855,background,train,FSD50K,17.5,hard_neg:alarm
409741,409741,background,train,FSD50K,2.242,bg:general
410139,410139,background,train,FSD50K,6.003,bg:general
410140,410140,background,train,FSD50K,8.42,bg:general
410335,410335,background,train,FSD50K,1.084,bg:general
410343,410343,background,train,FSD50K,5.9,bg:general
410404,410404,background,train,FSD50K,16.653,bg:general
410427,410427,background,train,FSD50K,17.446,bg:general
410471,410471,background,train,FSD50K,7.598,bg:general
410631,410631,background,train,FSD50K,7.924,bg:general
410632,410632,background,train,FSD50K,9.291,bg:general
410637,410637,background,train,FSD50K,7.663,bg:general
410660,410660,background,train,FSD50K,4.484,bg:general
410667,410667,background,train,FSD50K,4.771,bg:general
410673,410673,background,train,FSD50K,5.596,bg:general
410756,410756,background,train,FSD50K,20.715,hard_neg:alarm
410761,410761,background,train,FSD50K,16.08,bg:general
410851,410851,background,train,FSD50K,1.915,hard_neg:alarm
410879,410879,background,train,FSD50K,4.708,bg:general
411365,411365,background,train,FSD50K,2.179,bg:general
411424,411424,background,train,FSD50K,3.5,bg:general
411515,411515,background,train,FSD50K,7.576,hard_neg:alarm
411517,411517,background,train,FSD50K,4.206,hard_neg:alarm
411519,411519,background,train,FSD50K,6.74,hard_neg:alarm
411521,411521,background,train,FSD50K,4.859,hard_neg:alarm
411533,411533,background,train,FSD50K,6.87,bg:general
411542,411542,background,train,FSD50K,7.651,bg:general
411550,411550,background,train,FSD50K,2.004,bg:general
411576,411576,background,train,FSD50K,6.049,bg:general
411581,411581,background,train,FSD50K,2.926,hard_neg:alarm
411761,411761,background,train,FSD50K,20.0,bg:general
412123,412123,background,train,FSD50K,10.614,bg:general
412433,412433,background,train,FSD50K,20.141,bg:general
412435,412435,background,train,FSD50K,9.352,bg:general
412862,412862,background,train,FSD50K,18.809,bg:general
413028,413028,background,train,FSD50K,10.319,bg:general
413160,413160,background,train,FSD50K,7.341,bg:general
413274,413274,background,train,FSD50K,2.034,bg:general
413284,413284,background,train,FSD50K,18.6,bg:general
413359,413359,background,train,FSD50K,9.6,bg:general
413391,413391,background,train,FSD50K,21.673,hard_neg:alarm
413621,413621,background,train,FSD50K,18.064,bg:general
41381,41381,background,train,FSD50K,1.001,bg:general
413854,413854,background,train,FSD50K,14.369,bg:general
413908,413908,background,train,FSD50K,22.022,bg:general
414008,414008,background,train,FSD50K,2.161,hard_neg:alarm
414213,414213,background,train,FSD50K,1.013,bg:general
414217,414217,background,train,FSD50K,1.367,hard_neg:glass_dishes
414218,414218,background,train,FSD50K,1.173,hard_neg:glass_dishes
414219,414219,background,train,FSD50K,0.975,hard_neg:glass_dishes
414220,414220,background,train,FSD50K,1.447,hard_neg:glass_dishes
414221,414221,background,train,FSD50K,1.238,hard_neg:glass_dishes
414222,414222,background,train,FSD50K,0.728,hard_neg:glass_dishes
414223,414223,background,train,FSD50K,1.248,hard_neg:glass_dishes
414224,414224,background,train,FSD50K,1.237,hard_neg:glass_dishes
414225,414225,background,train,FSD50K,1.389,hard_neg:glass_dishes
414320,414320,background,train,FSD50K,21.846,bg:general
414366,414366,background,train,FSD50K,19.391,hard_neg:alarm
414471,414471,background,train,FSD50K,24.418,hard_neg:alarm
414472,414472,background,train,FSD50K,21.663,hard_neg:alarm
414559,414559,background,train,FSD50K,11.747,bg:general
41456,41456,background,train,FSD50K,12.0,bg:general
414751,414751,background,train,FSD50K,1.597,bg:general
414779,414779,background,train,FSD50K,9.897,bg:general
414916,414916,background,train,FSD50K,20.859,bg:general
414979,414979,background,train,FSD50K,6.084,bg:general
41509,41509,background,train,FSD50K,5.057,bg:general
415114,415114,background,train,FSD50K,23.617,bg:general
415136,415136,background,train,FSD50K,14.5,bg:general
415164,415164,background,train,FSD50K,3.405,hard_neg:alarm
415209,415209,background,train,FSD50K,1.791,bg:general
415373,415373,background,train,FSD50K,28.064,bg:general
415386,415386,background,train,FSD50K,17.146,bg:general
415399,415399,background,train,FSD50K,18.861,bg:general
415400,415400,background,train,FSD50K,9.312,bg:general
415402,415402,background,train,FSD50K,15.094,bg:general
415404,415404,background,train,FSD50K,11.256,bg:general
415408,415408,background,train,FSD50K,13.098,bg:general
415409,415409,background,train,FSD50K,14.008,bg:general
415421,415421,background,train,FSD50K,15.687,bg:general
415426,415426,background,train,FSD50K,10.466,bg:general
415428,415428,background,train,FSD50K,12.655,bg:general
415463,415463,background,train,FSD50K,3.872,bg:general
415475,415475,background,train,FSD50K,5.457,bg:general
415482,415482,background,train,FSD50K,2.96,hard_neg:glass_dishes
415540,415540,background,train,FSD50K,5.318,bg:general
415576,415576,background,train,FSD50K,1.273,hard_neg:alarm
415577,415577,background,train,FSD50K,1.238,hard_neg:alarm
415669,415669,background,train,FSD50K,7.83,bg:general
415892,415892,background,train,FSD50K,16.418,bg:general
41596,41596,background,train,FSD50K,1.078,hard_neg:alarm
416285,416285,background,train,FSD50K,4.217,hard_neg:glass_dishes
416288,416288,background,train,FSD50K,0.743,hard_neg:glass_dishes
41629,41629,background,train,FSD50K,4.436,hard_neg:alarm
416510,416510,background,train,FSD50K,6.715,bg:general
416642,416642,background,train,FSD50K,5.28,bg:general
416644,416644,background,train,FSD50K,1.0,bg:general
416647,416647,background,train,FSD50K,4.64,bg:general
416663,416663,background,train,FSD50K,3.36,bg:general
416664,416664,background,train,FSD50K,1.84,bg:general
416681,416681,background,train,FSD50K,1.0,bg:general
416844,416844,background,train,FSD50K,21.142,bg:general
416849,416849,background,train,FSD50K,2.0,bg:general
416862,416862,background,train,FSD50K,1.645,bg:general
416967,416967,background,train,FSD50K,16.48,bg:general
417116,417116,background,train,FSD50K,20.498,bg:general
417339,417339,background,train,FSD50K,24.294,hard_neg:glass_dishes
417594,417594,background,train,FSD50K,1.987,bg:general
417768,417768,background,train,FSD50K,25.593,hard_neg:alarm
417858,417858,background,train,FSD50K,10.5,hard_neg:alarm
417936,417936,background,train,FSD50K,5.898,bg:general
417941,417941,background,train,FSD50K,3.39,bg:general
417996,417996,background,train,FSD50K,15.675,bg:general
418018,418018,background,train,FSD50K,20.12,bg:general
418074,418074,background,train,FSD50K,12.8,hard_neg:alarm
418160,418160,background,train,FSD50K,6.44,bg:general
418200,418200,background,train,FSD50K,10.345,bg:general
418262,418262,background,train,FSD50K,2.342,bg:general
418385,418385,background,train,FSD50K,26.942,bg:general
418428,418428,background,train,FSD50K,7.592,bg:general
41852,41852,background,train,FSD50K,9.431,bg:general
418591,418591,background,train,FSD50K,4.0,bg:general
418705,418705,background,train,FSD50K,4.664,hard_neg:alarm
418706,418706,background,train,FSD50K,2.4,hard_neg:alarm
418850,418850,background,train,FSD50K,7.185,bg:general
418867,418867,background,train,FSD50K,4.999,hard_neg:alarm
418898,418898,background,train,FSD50K,4.0,hard_neg:alarm
418912,418912,background,train,FSD50K,7.499,hard_neg:glass_ring
418991,418991,background,train,FSD50K,4.0,bg:general
419005,419005,background,train,FSD50K,4.0,bg:general
419023,419023,background,train,FSD50K,0.31,hard_neg:alarm
419028,419028,background,train,FSD50K,4.0,bg:general
419195,419195,background,train,FSD50K,3.75,bg:general
419303,419303,background,train,FSD50K,2.0,hard_neg:glass_dishes
419471,419471,background,train,FSD50K,14.182,hard_neg:glass_dishes
419475,419475,background,train,FSD50K,11.276,bg:general
419503,419503,background,train,FSD50K,6.896,hard_neg:glass_dishes
419692,419692,background,train,FSD50K,8.101,bg:general
419694,419694,background,train,FSD50K,6.564,bg:general
419695,419695,background,train,FSD50K,0.71,hard_neg:alarm
419698,419698,background,train,FSD50K,0.75,hard_neg:alarm
419783,419783,background,train,FSD50K,16.852,bg:general
41986,41986,background,train,FSD50K,1.997,bg:general
41989,41989,background,train,FSD50K,3.975,bg:general
420220,420220,background,train,FSD50K,2.791,bg:general
420302,420302,background,train,FSD50K,1.508,bg:general
420863,420863,background,train,FSD50K,5.028,bg:general
420877,420877,background,train,FSD50K,1.043,bg:general
421589,421589,background,train,FSD50K,21.118,bg:general
421596,421596,background,train,FSD50K,1.014,hard_neg:alarm
421643,421643,background,train,FSD50K,2.093,bg:general
421791,421791,background,train,FSD50K,8.08,bg:general
421800,421800,background,train,FSD50K,19.936,bg:general
421829,421829,background,train,FSD50K,19.387,bg:general
42191,42191,background,train,FSD50K,21.716,bg:general
422051,422051,background,train,FSD50K,28.856,hard_neg:alarm
422065,422065,background,train,FSD50K,7.91,bg:general
422067,422067,background,train,FSD50K,7.572,bg:general
422136,422136,background,train,FSD50K,2.155,bg:general
4222,4222,background,train,FSD50K,9.744,bg:general
422548,422548,background,train,FSD50K,11.184,bg:general
422649,422649,background,train,FSD50K,1.045,hard_neg:alarm
422651,422651,background,train,FSD50K,0.674,hard_neg:alarm
422668,422668,background,train,FSD50K,2.437,hard_neg:alarm
422758,422758,background,train,FSD50K,1.035,bg:general
422863,422863,background,train,FSD50K,7.904,bg:general
422949,422949,background,train,FSD50K,2.5,bg:general
422974,422974,background,train,FSD50K,5.536,bg:general
423141,423141,background,train,FSD50K,1.957,hard_neg:alarm
423331,423331,background,train,FSD50K,1.054,bg:general
423652,423652,background,train,FSD50K,12.713,hard_neg:alarm
42392,42392,background,train,FSD50K,10.6,bg:general
423929,423929,background,train,FSD50K,5.544,hard_neg:alarm
424091,424091,background,train,FSD50K,20.097,bg:general
424092,424092,background,train,FSD50K,13.27,bg:general
424095,424095,background,train,FSD50K,25.59,bg:general
424391,424391,background,train,FSD50K,18.591,bg:general
424603,424603,background,train,FSD50K,19.749,hard_neg:alarm
424604,424604,background,train,FSD50K,19.775,hard_neg:alarm
424606,424606,background,train,FSD50K,5.0,bg:general
424802,424802,background,train,FSD50K,16.357,bg:general
425002,425002,background,train,FSD50K,0.981,hard_neg:baby_cry
425072,425072,background,train,FSD50K,17.833,bg:general
425251,425251,background,train,FSD50K,7.0,bg:general
425383,425383,background,train,FSD50K,29.184,bg:general
425386,425386,background,train,FSD50K,21.846,bg:general
425493,425493,background,train,FSD50K,26.24,bg:general
425496,425496,background,train,FSD50K,1.59,hard_neg:alarm
425503,425503,background,train,FSD50K,23.68,bg:general
425504,425504,background,train,FSD50K,18.518,bg:general
425510,425510,background,train,FSD50K,23.467,bg:general
425526,425526,background,train,FSD50K,15.019,bg:general
425527,425527,background,train,FSD50K,16.342,bg:general
425528,425528,background,train,FSD50K,29.014,bg:general
425529,425529,background,train,FSD50K,25.771,bg:general
425661,425661,background,train,FSD50K,2.15,bg:general
425848,425848,background,train,FSD50K,7.732,hard_neg:alarm
425860,425860,background,train,FSD50K,10.88,bg:general
425865,425865,background,train,FSD50K,15.446,bg:general
4259,4259,background,train,FSD50K,3.06,bg:general
426019,426019,background,train,FSD50K,17.856,hard_neg:alarm
426162,426162,background,train,FSD50K,1.455,bg:general
426209,426209,background,train,FSD50K,2.775,bg:general
426216,426216,background,train,FSD50K,20.033,bg:general
426221,426221,background,train,FSD50K,26.882,bg:general
426255,426255,background,train,FSD50K,2.414,bg:general
426259,426259,background,train,FSD50K,12.445,bg:general
426262,426262,background,train,FSD50K,11.725,bg:general
426425,426425,background,train,FSD50K,14.257,hard_neg:alarm
426447,426447,background,train,FSD50K,12.768,bg:general
426548,426548,background,train,FSD50K,1.824,hard_neg:alarm
426549,426549,background,train,FSD50K,2.824,hard_neg:alarm
426559,426559,background,train,FSD50K,9.987,hard_neg:alarm
426615,426615,background,train,FSD50K,24.134,hard_neg:alarm
426731,426731,background,train,FSD50K,16.823,bg:general
426815,426815,background,train,FSD50K,4.459,bg:general
426818,426818,background,train,FSD50K,8.592,bg:general
426825,426825,background,train,FSD50K,1.307,bg:general
427,427,background,train,FSD50K,1.166,bg:general
427015,427015,background,train,FSD50K,3.923,bg:general
427039,427039,background,train,FSD50K,0.357,hard_neg:alarm
427040,427040,background,train,FSD50K,22.62,bg:general
42707,42707,background,train,FSD50K,17.239,hard_neg:alarm
42709,42709,background,train,FSD50K,8.281,bg:general
427200,427200,background,train,FSD50K,6.984,bg:general
427245,427245,background,train,FSD50K,1.324,bg:general
427297,427297,background,train,FSD50K,20.16,bg:general
427388,427388,background,train,FSD50K,4.52,bg:general
427389,427389,background,train,FSD50K,0.49,hard_neg:glass_dishes
427419,427419,background,train,FSD50K,6.036,bg:general
427459,427459,background,train,FSD50K,8.0,hard_neg:glass_ring
427461,427461,background,train,FSD50K,8.0,hard_neg:glass_ring
427715,427715,background,train,FSD50K,1.915,bg:general
428165,428165,background,train,FSD50K,6.0,hard_neg:glass_dishes
428206,428206,background,train,FSD50K,6.921,hard_neg:alarm
428221,428221,background,train,FSD50K,16.0,hard_neg:alarm
428223,428223,background,train,FSD50K,15.5,bg:general
428249,428249,background,train,FSD50K,13.715,bg:general
428430,428430,background,train,FSD50K,3.198,bg:general
428484,428484,background,train,FSD50K,5.62,hard_neg:alarm
428526,428526,background,train,FSD50K,5.315,hard_neg:alarm
428569,428569,background,train,FSD50K,5.773,bg:general
428739,428739,background,train,FSD50K,2.397,bg:general
428766,428766,background,train,FSD50K,1.706,bg:general
428779,428779,background,train,FSD50K,2.009,bg:general
428826,428826,background,train,FSD50K,12.208,bg:general
428899,428899,background,train,FSD50K,28.075,bg:general
428904,428904,background,train,FSD50K,17.738,bg:general
429112,429112,background,train,FSD50K,6.041,bg:general
429113,429113,background,train,FSD50K,6.041,bg:general
429181,429181,background,train,FSD50K,27.23,bg:general
429234,429234,background,train,FSD50K,0.925,hard_neg:glass_dishes
42927,42927,background,train,FSD50K,3.21,bg:general
429291,429291,background,train,FSD50K,3.572,bg:general
429371,429371,background,train,FSD50K,7.221,bg:general
429635,429635,background,train,FSD50K,2.219,hard_neg:alarm
429919,429919,background,train,FSD50K,2.758,bg:general
430237,430237,background,train,FSD50K,2.72,bg:general
430599,430599,background,train,FSD50K,5.812,bg:general
430632,430632,background,train,FSD50K,19.689,bg:general
430710,430710,background,train,FSD50K,2.121,bg:general
431299,431299,background,train,FSD50K,23.64,bg:general
431473,431473,background,train,FSD50K,8.831,bg:general
431669,431669,background,train,FSD50K,3.042,hard_neg:alarm
431770,431770,background,train,FSD50K,11.011,bg:general
431783,431783,background,train,FSD50K,1.603,bg:general
431817,431817,background,train,FSD50K,24.0,bg:general
431841,431841,background,train,FSD50K,7.8,hard_neg:alarm
432063,432063,background,train,FSD50K,22.456,hard_neg:alarm
432313,432313,background,train,FSD50K,3.745,hard_neg:alarm
432435,432435,background,train,FSD50K,1.469,bg:general
432573,432573,background,train,FSD50K,6.747,bg:general
432576,432576,background,train,FSD50K,3.247,bg:general
432689,432689,background,train,FSD50K,9.964,hard_neg:alarm
432775,432775,background,train,FSD50K,5.053,bg:general
432836,432836,background,train,FSD50K,30.0,bg:general
433578,433578,background,train,FSD50K,1.99,hard_neg:alarm
433650,433650,background,train,FSD50K,5.84,bg:general
433652,433652,background,train,FSD50K,9.521,bg:general
433666,433666,background,train,FSD50K,7.414,bg:general
433701,433701,background,train,FSD50K,1.189,bg:general
433717,433717,background,train,FSD50K,20.062,bg:general
433721,433721,background,train,FSD50K,1.395,hard_neg:glass_dishes
43381,43381,background,train,FSD50K,2.877,bg:general
43382,43382,background,train,FSD50K,2.982,bg:general
433861,433861,background,train,FSD50K,12.148,bg:general
433874,433874,background,train,FSD50K,28.65,bg:general
433887,433887,background,train,FSD50K,19.979,bg:general
434055,434055,background,train,FSD50K,23.746,hard_neg:alarm
434124,434124,background,train,FSD50K,1.394,hard_neg:alarm
434144,434144,background,train,FSD50K,7.36,hard_neg:glass_dishes
434145,434145,background,train,FSD50K,6.72,bg:general
434234,434234,background,train,FSD50K,2.253,bg:general
434241,434241,background,train,FSD50K,5.148,bg:general
43428,43428,background,train,FSD50K,6.097,bg:general
434344,434344,background,train,FSD50K,16.13,bg:general
434352,434352,background,train,FSD50K,26.026,bg:general
43436,43436,background,train,FSD50K,1.94,bg:general
434424,434424,background,train,FSD50K,2.397,bg:general
434464,434464,background,train,FSD50K,0.674,hard_neg:glass_ring
434660,434660,background,train,FSD50K,27.094,bg:general
434818,434818,background,train,FSD50K,2.214,hard_neg:alarm
435265,435265,background,train,FSD50K,1.014,bg:general
43551,43551,background,train,FSD50K,7.224,bg:general
43778,43778,background,train,FSD50K,19.844,bg:general
44153,44153,background,train,FSD50K,7.694,bg:general
44155,44155,background,train,FSD50K,7.607,bg:general
44182,44182,background,train,FSD50K,9.743,hard_neg:alarm
44223,44223,background,train,FSD50K,24.272,bg:general
44702,44702,background,train,FSD50K,1.725,bg:general
44764,44764,background,train,FSD50K,3.366,bg:general
44769,44769,background,train,FSD50K,5.497,bg:general
44770,44770,background,train,FSD50K,2.46,bg:general
44880,44880,background,train,FSD50K,10.0,bg:general
44927,44927,background,train,FSD50K,2.042,bg:general
44930,44930,background,train,FSD50K,1.069,bg:general
44931,44931,background,train,FSD50K,1.206,bg:general
44933,44933,background,train,FSD50K,1.126,bg:general
4501,4501,background,train,FSD50K,5.5,bg:general
45062,45062,background,train,FSD50K,4.723,bg:general
45119,45119,background,train,FSD50K,4.893,bg:general
45130,45130,background,train,FSD50K,1.452,bg:general
45155,45155,background,train,FSD50K,19.045,hard_neg:alarm
45210,45210,background,train,FSD50K,2.0,bg:general
45372,45372,background,train,FSD50K,6.49,bg:general
45394,45394,background,train,FSD50K,9.883,bg:general
45435,45435,background,train,FSD50K,22.898,bg:general
45523,45523,background,train,FSD50K,5.688,hard_neg:baby_cry
45643,45643,background,train,FSD50K,8.333,bg:general
45720,45720,background,train,FSD50K,1.447,hard_neg:alarm
45721,45721,background,train,FSD50K,1.447,hard_neg:alarm
46197,46197,background,train,FSD50K,5.375,bg:general
46198,46198,background,train,FSD50K,21.833,bg:general
46269,46269,background,train,FSD50K,1.059,bg:general
46324,46324,background,train,FSD50K,5.169,bg:general
46361,46361,background,train,FSD50K,9.408,bg:general
46504,46504,background,train,FSD50K,11.256,bg:general
46621,46621,background,train,FSD50K,8.587,bg:general
46692,46692,background,train,FSD50K,2.533,bg:general
46934,46934,background,train,FSD50K,11.527,bg:general
46961,46961,background,train,FSD50K,2.126,bg:general
46963,46963,background,train,FSD50K,1.576,hard_neg:baby_cry
46964,46964,background,train,FSD50K,6.268,hard_neg:baby_cry
47138,47138,background,train,FSD50K,3.5,bg:general
47141,47141,background,train,FSD50K,3.859,hard_neg:glass_dishes
47142,47142,background,train,FSD50K,6.789,hard_neg:glass_dishes
47221,47221,background,train,FSD50K,3.871,bg:general
47275,47275,background,train,FSD50K,4.415,hard_neg:alarm
47342,47342,background,train,FSD50K,5.512,bg:general
47553,47553,background,train,FSD50K,1.936,bg:general
47612,47612,background,train,FSD50K,1.128,bg:general
47804,47804,background,train,FSD50K,3.689,hard_neg:glass_ring
47966,47966,background,train,FSD50K,10.186,bg:general
48151,48151,background,train,FSD50K,6.296,hard_neg:alarm
48312,48312,background,train,FSD50K,2.45,bg:general
48319,48319,background,train,FSD50K,2.531,bg:general
48446,48446,background,train,FSD50K,12.714,bg:general
48601,48601,background,train,FSD50K,5.015,bg:general
48664,48664,background,train,FSD50K,1.591,bg:general
48699,48699,background,train,FSD50K,9.392,bg:general
48700,48700,background,train,FSD50K,4.813,bg:general
49147,49147,background,train,FSD50K,18.791,bg:general
49164,49164,background,train,FSD50K,3.5,bg:general
49596,49596,background,train,FSD50K,5.553,bg:general
49725,49725,background,train,FSD50K,1.847,bg:general
49974,49974,background,train,FSD50K,2.588,hard_neg:alarm
49982,49982,background,train,FSD50K,25.703,bg:general
50155,50155,background,train,FSD50K,1.71,bg:general
50358,50358,background,train,FSD50K,19.587,bg:general
50368,50368,background,train,FSD50K,11.6,bg:general
50371,50371,background,train,FSD50K,23.5,bg:general
50403,50403,background,train,FSD50K,13.427,bg:general
50405,50405,background,train,FSD50K,16.903,bg:general
50409,50409,background,train,FSD50K,12.423,bg:general
50504,50504,background,train,FSD50K,4.651,bg:general
50599,50599,background,train,FSD50K,6.552,bg:general
50688,50688,background,train,FSD50K,5.406,bg:general
50700,50700,background,train,FSD50K,4.159,hard_neg:alarm
50709,50709,background,train,FSD50K,5.889,bg:general
50734,50734,background,train,FSD50K,1.115,bg:general
50764,50764,background,train,FSD50K,22.0,bg:general
50782,50782,background,train,FSD50K,2.878,bg:general
50821,50821,background,train,FSD50K,3.517,bg:general
50895,50895,background,train,FSD50K,4.764,bg:general
50903,50903,background,train,FSD50K,8.165,bg:general
50936,50936,background,train,FSD50K,3.265,bg:general
50952,50952,background,train,FSD50K,4.471,bg:general
50990,50990,background,train,FSD50K,15.044,bg:general
51038,51038,background,train,FSD50K,9.832,hard_neg:glass_dishes
51136,51136,background,train,FSD50K,5.4,bg:general
51169,51169,background,train,FSD50K,0.622,hard_neg:alarm
51429,51429,background,train,FSD50K,4.247,bg:general
51440,51440,background,train,FSD50K,8.254,bg:general
51445,51445,background,train,FSD50K,1.725,bg:general
51695,51695,background,train,FSD50K,5.434,bg:general
51699,51699,background,train,FSD50K,4.65,bg:general
51701,51701,background,train,FSD50K,9.352,bg:general
51705,51705,background,train,FSD50K,10.24,bg:general
51747,51747,background,train,FSD50K,2.623,hard_neg:alarm
51810,51810,background,train,FSD50K,2.77,bg:general
51834,51834,background,train,FSD50K,10.014,bg:general
52004,52004,background,train,FSD50K,9.24,hard_neg:alarm
52270,52270,background,train,FSD50K,6.237,bg:general
52295,52295,background,train,FSD50K,5.202,bg:general
52375,52375,background,train,FSD50K,9.571,bg:general
52413,52413,background,train,FSD50K,17.509,bg:general
52644,52644,background,train,FSD50K,25.789,bg:general
52882,52882,background,train,FSD50K,26.946,bg:general
53265,53265,background,train,FSD50K,4.218,bg:general
53294,53294,background,train,FSD50K,2.206,bg:general
53501,53501,background,train,FSD50K,17.462,bg:general
53505,53505,background,train,FSD50K,19.096,bg:general
5373,5373,background,train,FSD50K,2.103,bg:general
5376,5376,background,train,FSD50K,2.378,bg:general
53760,53760,background,train,FSD50K,7.0,bg:general
53807,53807,background,train,FSD50K,12.726,bg:general
53853,53853,background,train,FSD50K,2.99,bg:general
53871,53871,background,train,FSD50K,1.849,bg:general
53979,53979,background,train,FSD50K,4.529,bg:general
541,541,background,train,FSD50K,10.251,bg:general
54193,54193,background,train,FSD50K,8.778,hard_neg:alarm
54362,54362,background,train,FSD50K,1.375,hard_neg:glass_dishes
54510,54510,background,train,FSD50K,8.016,bg:general
54525,54525,background,train,FSD50K,28.315,bg:general
54959,54959,background,train,FSD50K,3.3,bg:general
55031,55031,background,train,FSD50K,12.942,hard_neg:alarm
55050,55050,background,train,FSD50K,8.973,bg:general
55108,55108,background,train,FSD50K,27.14,bg:general
55127,55127,background,train,FSD50K,6.716,bg:general
55133,55133,background,train,FSD50K,15.447,bg:general
55136,55136,background,train,FSD50K,10.82,bg:general
55214,55214,background,train,FSD50K,9.326,hard_neg:alarm
55276,55276,background,train,FSD50K,5.19,bg:general
55303,55303,background,train,FSD50K,2.474,bg:general
55356,55356,background,train,FSD50K,0.399,hard_neg:alarm
55357,55357,background,train,FSD50K,7.082,hard_neg:alarm
56013,56013,background,train,FSD50K,1.709,bg:general
56027,56027,background,train,FSD50K,2.5,bg:general
56164,56164,background,train,FSD50K,2.31,hard_neg:alarm
56283,56283,background,train,FSD50K,17.143,bg:general
5635,5635,background,train,FSD50K,15.377,hard_neg:alarm
56383,56383,background,train,FSD50K,6.628,bg:general
56440,56440,background,train,FSD50K,1.602,bg:general
56599,56599,background,train,FSD50K,2.279,bg:general
56652,56652,background,train,FSD50K,14.26,bg:general
56660,56660,background,train,FSD50K,7.982,bg:general
56671,56671,background,train,FSD50K,15.985,hard_neg:alarm
56697,56697,background,train,FSD50K,14.402,bg:general
56765,56765,background,train,FSD50K,21.734,bg:general
56926,56926,background,train,FSD50K,26.725,bg:general
56986,56986,background,train,FSD50K,16.75,hard_neg:alarm
56987,56987,background,train,FSD50K,15.7,hard_neg:alarm
57024,57024,background,train,FSD50K,2.73,bg:general
57070,57070,background,train,FSD50K,13.848,bg:general
57175,57175,background,train,FSD50K,10.592,bg:general
57321,57321,background,train,FSD50K,15.649,bg:general
57322,57322,background,train,FSD50K,25.0,bg:general
57373,57373,background,train,FSD50K,19.931,bg:general
57479,57479,background,train,FSD50K,1.725,bg:general
57483,57483,background,train,FSD50K,3.819,bg:general
57742,57742,background,train,FSD50K,8.0,bg:general
57837,57837,background,train,FSD50K,4.154,bg:general
57867,57867,background,train,FSD50K,2.241,bg:general
57884,57884,background,train,FSD50K,1.765,hard_neg:alarm
58022,58022,background,train,FSD50K,10.017,bg:general
58026,58026,background,train,FSD50K,13.455,bg:general
58030,58030,background,train,FSD50K,9.406,bg:general
58037,58037,background,train,FSD50K,7.485,bg:general
58048,58048,background,train,FSD50K,7.5,bg:general
58060,58060,background,train,FSD50K,8.752,bg:general
58071,58071,background,train,FSD50K,9.081,bg:general
58159,58159,background,train,FSD50K,15.192,bg:general
58160,58160,background,train,FSD50K,8.424,bg:general
58164,58164,background,train,FSD50K,15.842,bg:general
58166,58166,background,train,FSD50K,19.609,bg:general
58178,58178,background,train,FSD50K,12.8,hard_neg:baby_cry
58260,58260,background,train,FSD50K,1.724,bg:general
58271,58271,background,train,FSD50K,23.889,bg:general
58301,58301,background,train,FSD50K,5.95,bg:general
58337,58337,background,train,FSD50K,4.95,bg:general
58388,58388,background,train,FSD50K,24.404,hard_neg:alarm
58497,58497,background,train,FSD50K,11.154,bg:general
58532,58532,background,train,FSD50K,4.5,bg:general
58608,58608,background,train,FSD50K,4.52,bg:general
58824,58824,background,train,FSD50K,5.504,bg:general
58873,58873,background,train,FSD50K,6.497,bg:general
58928,58928,background,train,FSD50K,1.12,bg:general
59001,59001,background,train,FSD50K,13.532,bg:general
59004,59004,background,train,FSD50K,6.139,bg:general
59063,59063,background,train,FSD50K,14.291,bg:general
59159,59159,background,train,FSD50K,27.767,bg:general
59251,59251,background,train,FSD50K,24.274,bg:general
59317,59317,background,train,FSD50K,16.516,hard_neg:glass_dishes
59318,59318,background,train,FSD50K,10.862,hard_neg:glass_dishes
59441,59441,background,train,FSD50K,14.054,bg:general
59444,59444,background,train,FSD50K,17.632,bg:general
59697,59697,background,train,FSD50K,2.626,bg:general
59805,59805,background,train,FSD50K,5.492,hard_neg:alarm
59806,59806,background,train,FSD50K,8.894,hard_neg:alarm
59807,59807,background,train,FSD50K,3.158,hard_neg:alarm
5997,5997,background,train,FSD50K,15.8,bg:general
60010,60010,background,train,FSD50K,4.512,bg:general
60028,60028,background,train,FSD50K,1.429,bg:general
60073,60073,background,train,FSD50K,8.832,bg:general
60384,60384,background,train,FSD50K,2.48,bg:general
60446,60446,background,train,FSD50K,6.201,hard_neg:scream_crowd
60457,60457,background,train,FSD50K,4.343,hard_neg:scream_crowd
60463,60463,background,train,FSD50K,6.371,hard_neg:alarm
60467,60467,background,train,FSD50K,0.805,hard_neg:glass_dishes
60468,60468,background,train,FSD50K,0.438,hard_neg:glass_dishes
60469,60469,background,train,FSD50K,0.75,hard_neg:glass_dishes
60470,60470,background,train,FSD50K,0.536,hard_neg:glass_dishes
60471,60471,background,train,FSD50K,0.657,hard_neg:glass_dishes
60472,60472,background,train,FSD50K,0.479,hard_neg:glass_dishes
60473,60473,background,train,FSD50K,1.063,hard_neg:glass_dishes
60474,60474,background,train,FSD50K,2.172,hard_neg:glass_dishes
60475,60475,background,train,FSD50K,1.032,hard_neg:glass_dishes
60476,60476,background,train,FSD50K,1.5,hard_neg:glass_dishes
60477,60477,background,train,FSD50K,0.75,hard_neg:glass_dishes
60550,60550,background,train,FSD50K,5.617,bg:general
60554,60554,background,train,FSD50K,15.486,bg:general
60666,60666,background,train,FSD50K,2.555,bg:general
60669,60669,background,train,FSD50K,2.973,bg:general
60749,60749,background,train,FSD50K,1.71,bg:general
60792,60792,background,train,FSD50K,13.271,bg:general
60807,60807,background,train,FSD50K,3.318,bg:general
60822,60822,background,train,FSD50K,10.167,bg:general
60844,60844,background,train,FSD50K,0.588,hard_neg:alarm
60850,60850,background,train,FSD50K,9.315,bg:general
61043,61043,background,train,FSD50K,6.85,bg:general
61055,61055,background,train,FSD50K,1.08,bg:general
61259,61259,background,train,FSD50K,2.589,bg:general
61605,61605,background,train,FSD50K,4.429,bg:general
61699,61699,background,train,FSD50K,6.862,bg:general
61838,61838,background,train,FSD50K,15.23,bg:general
61880,61880,background,train,FSD50K,1.897,bg:general
61891,61891,background,train,FSD50K,4.204,bg:general
61892,61892,background,train,FSD50K,1.764,bg:general
61900,61900,background,train,FSD50K,3.037,bg:general
61902,61902,background,train,FSD50K,1.183,bg:general
62159,62159,background,train,FSD50K,5.213,bg:general
62164,62164,background,train,FSD50K,25.9,hard_neg:alarm
62167,62167,background,train,FSD50K,24.136,hard_neg:alarm
62197,62197,background,train,FSD50K,2.124,bg:general
62199,62199,background,train,FSD50K,5.338,bg:general
62202,62202,background,train,FSD50K,6.721,bg:general
62207,62207,background,train,FSD50K,2.345,bg:general
62502,62502,background,train,FSD50K,1.299,hard_neg:alarm
62546,62546,background,train,FSD50K,13.0,bg:general
62604,62604,background,train,FSD50K,7.18,bg:general
62754,62754,background,train,FSD50K,1.482,bg:general
62759,62759,background,train,FSD50K,1.979,bg:general
62932,62932,background,train,FSD50K,12.239,bg:general
62936,62936,background,train,FSD50K,2.0,hard_neg:glass_ring
62940,62940,background,train,FSD50K,1.961,hard_neg:glass_ring
62942,62942,background,train,FSD50K,6.0,hard_neg:glass_ring
62944,62944,background,train,FSD50K,5.963,hard_neg:glass_dishes
62969,62969,background,train,FSD50K,8.219,bg:general
62971,62971,background,train,FSD50K,5.99,bg:general
63,63,background,train,FSD50K,4.749,bg:general
63124,63124,background,train,FSD50K,7.269,hard_neg:alarm
63244,63244,background,train,FSD50K,6.106,bg:general
63339,63339,background,train,FSD50K,1.255,bg:general
63342,63342,background,train,FSD50K,18.417,hard_neg:scream_crowd
63352,63352,background,train,FSD50K,11.13,bg:general
63353,63353,background,train,FSD50K,9.95,hard_neg:glass_ring
63377,63377,background,train,FSD50K,1.715,bg:general
63586,63586,background,train,FSD50K,8.866,bg:general
63743,63743,background,train,FSD50K,1.087,bg:general
63764,63764,background,train,FSD50K,18.158,bg:general
63854,63854,background,train,FSD50K,2.092,bg:general
63901,63901,background,train,FSD50K,6.75,bg:general
64011,64011,background,train,FSD50K,1.459,bg:general
64063,64063,background,train,FSD50K,2.897,bg:general
64244,64244,background,train,FSD50K,2.082,bg:general
64255,64255,background,train,FSD50K,3.112,bg:general
64275,64275,background,train,FSD50K,1.818,bg:general
64311,64311,background,train,FSD50K,12.921,bg:general
64321,64321,background,train,FSD50K,3.24,bg:general
64531,64531,background,train,FSD50K,1.777,bg:general
64705,64705,background,train,FSD50K,6.858,bg:general
64729,64729,background,train,FSD50K,6.858,bg:general
64773,64773,background,train,FSD50K,6.858,bg:general
64791,64791,background,train,FSD50K,6.858,bg:general
64802,64802,background,train,FSD50K,3.433,bg:general
65171,65171,background,train,FSD50K,26.5,bg:general
65338,65338,background,train,FSD50K,23.604,bg:general
65413,65413,background,train,FSD50K,21.831,bg:general
65418,65418,background,train,FSD50K,5.613,hard_neg:glass_ring
65483,65483,background,train,FSD50K,25.555,bg:general
65514,65514,background,train,FSD50K,4.019,hard_neg:alarm
65583,65583,background,train,FSD50K,21.651,bg:general
65801,65801,background,train,FSD50K,28.096,bg:general
66031,66031,background,train,FSD50K,1.019,bg:general
66210,66210,background,train,FSD50K,5.826,hard_neg:alarm
66288,66288,background,train,FSD50K,4.386,hard_neg:alarm
66289,66289,background,train,FSD50K,3.912,hard_neg:alarm
66290,66290,background,train,FSD50K,3.486,hard_neg:alarm
66291,66291,background,train,FSD50K,3.529,hard_neg:alarm
66292,66292,background,train,FSD50K,3.365,hard_neg:alarm
66293,66293,background,train,FSD50K,3.629,hard_neg:alarm
66294,66294,background,train,FSD50K,4.115,hard_neg:alarm
66295,66295,background,train,FSD50K,3.77,hard_neg:alarm
66296,66296,background,train,FSD50K,4.048,hard_neg:alarm
66297,66297,background,train,FSD50K,4.116,hard_neg:alarm
66298,66298,background,train,FSD50K,4.138,hard_neg:alarm
66299,66299,background,train,FSD50K,3.692,hard_neg:alarm
66300,66300,background,train,FSD50K,4.131,hard_neg:alarm
66301,66301,background,train,FSD50K,4.613,hard_neg:alarm
66302,66302,background,train,FSD50K,4.176,hard_neg:alarm
66303,66303,background,train,FSD50K,4.238,hard_neg:alarm
66434,66434,background,train,FSD50K,1.554,hard_neg:glass_dishes
66513,66513,background,train,FSD50K,5.0,bg:general
66514,66514,background,train,FSD50K,5.0,bg:general
66515,66515,background,train,FSD50K,5.0,bg:general
66585,66585,background,train,FSD50K,6.949,hard_neg:alarm
66586,66586,background,train,FSD50K,6.949,hard_neg:alarm
66622,66622,background,train,FSD50K,20.537,bg:general
66752,66752,background,train,FSD50K,10.034,bg:general
66814,66814,background,train,FSD50K,4.273,bg:general
66858,66858,background,train,FSD50K,1.515,bg:general
66876,66876,background,train,FSD50K,0.34,hard_neg:glass_ring
66948,66948,background,train,FSD50K,13.48,bg:general
66973,66973,background,train,FSD50K,8.804,hard_neg:alarm
66989,66989,background,train,FSD50K,9.6,bg:general
67004,67004,background,train,FSD50K,4.353,bg:general
67010,67010,background,train,FSD50K,8.086,hard_neg:alarm
67041,67041,background,train,FSD50K,3.011,hard_neg:glass_dishes
67048,67048,background,train,FSD50K,5.015,hard_neg:alarm
67145,67145,background,train,FSD50K,8.267,bg:general
67175,67175,background,train,FSD50K,19.862,bg:general
67352,67352,background,train,FSD50K,2.054,bg:general
67354,67354,background,train,FSD50K,7.471,bg:general
67356,67356,background,train,FSD50K,6.871,bg:general
67445,67445,background,train,FSD50K,4.007,bg:general
67447,67447,background,train,FSD50K,18.853,bg:general
67616,67616,background,train,FSD50K,5.925,hard_neg:alarm
67739,67739,background,train,FSD50K,2.387,bg:general
67750,67750,background,train,FSD50K,2.021,bg:general
67879,67879,background,train,FSD50K,1.77,bg:general
68058,68058,background,train,FSD50K,2.45,hard_neg:scream_crowd
68328,68328,background,train,FSD50K,1.26,bg:general
68381,68381,background,train,FSD50K,3.244,hard_neg:alarm
68629,68629,background,train,FSD50K,12.513,bg:general
68653,68653,background,train,FSD50K,2.601,hard_neg:glass_ring
68657,68657,background,train,FSD50K,0.854,hard_neg:alarm
68685,68685,background,train,FSD50K,7.696,bg:general
68688,68688,background,train,FSD50K,7.988,bg:general
68694,68694,background,train,FSD50K,3.344,hard_neg:glass_ring
68695,68695,background,train,FSD50K,1.022,bg:general
68716,68716,background,train,FSD50K,5.573,bg:general
68763,68763,background,train,FSD50K,1.62,bg:general
68949,68949,background,train,FSD50K,1.422,bg:general
69157,69157,background,train,FSD50K,23.211,bg:general
69181,69181,background,train,FSD50K,2.069,hard_neg:alarm
69182,69182,background,train,FSD50K,2.069,hard_neg:alarm
69184,69184,background,train,FSD50K,6.207,hard_neg:alarm
69185,69185,background,train,FSD50K,3.104,hard_neg:alarm
69207,69207,background,train,FSD50K,19.504,hard_neg:alarm
69245,69245,background,train,FSD50K,7.745,hard_neg:glass_dishes
69246,69246,background,train,FSD50K,9.255,hard_neg:glass_dishes
69338,69338,background,train,FSD50K,2.624,bg:general
69494,69494,background,train,FSD50K,23.467,bg:general
69496,69496,background,train,FSD50K,19.906,bg:general
69552,69552,background,train,FSD50K,6.0,hard_neg:alarm
69575,69575,background,train,FSD50K,12.722,bg:general
69585,69585,background,train,FSD50K,16.725,hard_neg:alarm
69609,69609,background,train,FSD50K,6.16,bg:general
69652,69652,background,train,FSD50K,7.989,hard_neg:alarm
69655,69655,background,train,FSD50K,3.949,bg:general
69663,69663,background,train,FSD50K,13.636,hard_neg:alarm
6984,6984,background,train,FSD50K,16.928,hard_neg:alarm
69869,69869,background,train,FSD50K,9.924,bg:general
70056,70056,background,train,FSD50K,1.212,bg:general
70071,70071,background,train,FSD50K,1.42,bg:general
70102,70102,background,train,FSD50K,9.509,hard_neg:alarm
70122,70122,background,train,FSD50K,2.659,bg:general
70123,70123,background,train,FSD50K,2.945,bg:general
70192,70192,background,train,FSD50K,2.916,bg:general
70289,70289,background,train,FSD50K,11.604,hard_neg:alarm
70314,70314,background,train,FSD50K,11.065,bg:general
70346,70346,background,train,FSD50K,1.723,bg:general
70350,70350,background,train,FSD50K,2.333,bg:general
70363,70363,background,train,FSD50K,1.284,bg:general
70366,70366,background,train,FSD50K,1.764,bg:general
7056,7056,background,train,FSD50K,5.039,hard_neg:alarm
70789,70789,background,train,FSD50K,10.795,hard_neg:alarm
71082,71082,background,train,FSD50K,4.644,bg:general
71086,71086,background,train,FSD50K,8.824,bg:general
71193,71193,background,train,FSD50K,8.291,hard_neg:baby_cry
71234,71234,background,train,FSD50K,19.8,hard_neg:alarm
71255,71255,background,train,FSD50K,3.274,hard_neg:alarm
71370,71370,background,train,FSD50K,14.982,bg:general
71435,71435,background,train,FSD50K,9.848,bg:general
71510,71510,background,train,FSD50K,5.998,hard_neg:glass_ring
7154,7154,background,train,FSD50K,7.5,bg:general
71560,71560,background,train,FSD50K,1.719,bg:general
71600,71600,background,train,FSD50K,25.515,bg:general
71706,71706,background,train,FSD50K,24.409,bg:general
71719,71719,background,train,FSD50K,9.038,bg:general
71737,71737,background,train,FSD50K,11.142,bg:general
71740,71740,background,train,FSD50K,8.881,bg:general
71778,71778,background,train,FSD50K,3.213,hard_neg:alarm
71787,71787,background,train,FSD50K,11.146,bg:general
71805,71805,background,train,FSD50K,1.138,bg:general
71809,71809,background,train,FSD50K,1.8,bg:general
71899,71899,background,train,FSD50K,6.85,bg:general
72113,72113,background,train,FSD50K,8.259,hard_neg:glass_ring
72125,72125,background,train,FSD50K,1.451,hard_neg:alarm
72126,72126,background,train,FSD50K,0.929,hard_neg:alarm
72127,72127,background,train,FSD50K,1.143,hard_neg:alarm
72128,72128,background,train,FSD50K,1.19,hard_neg:alarm
72129,72129,background,train,FSD50K,1.547,hard_neg:alarm
72170,72170,background,train,FSD50K,1.698,bg:general
72203,72203,background,train,FSD50K,2.803,hard_neg:glass_dishes
72210,72210,background,train,FSD50K,7.362,bg:general
7265,7265,background,train,FSD50K,1.555,bg:general
73011,73011,background,train,FSD50K,6.001,hard_neg:alarm
73023,73023,background,train,FSD50K,9.0,bg:general
73102,73102,background,train,FSD50K,17.305,bg:general
73117,73117,background,train,FSD50K,5.159,bg:general
73168,73168,background,train,FSD50K,4.746,hard_neg:alarm
73292,73292,background,train,FSD50K,23.981,bg:general
73623,73623,background,train,FSD50K,25.046,bg:general
74417,74417,background,train,FSD50K,5.12,bg:general
74471,74471,background,train,FSD50K,11.042,hard_neg:alarm
74474,74474,background,train,FSD50K,12.358,hard_neg:alarm
74654,74654,background,train,FSD50K,4.154,bg:general
74684,74684,background,train,FSD50K,22.104,bg:general
74753,74753,background,train,FSD50K,0.428,hard_neg:glass_dishes
74754,74754,background,train,FSD50K,0.491,hard_neg:glass_dishes
74799,74799,background,train,FSD50K,18.0,bg:general
74941,74941,background,train,FSD50K,4.923,bg:general
74969,74969,background,train,FSD50K,20.138,bg:general
75106,75106,background,train,FSD50K,17.934,bg:general
75191,75191,background,train,FSD50K,1.029,bg:general
75252,75252,background,train,FSD50K,9.648,hard_neg:glass_ring
75287,75287,background,train,FSD50K,4.221,bg:general
75619,75619,background,train,FSD50K,27.43,bg:general
75649,75649,background,train,FSD50K,17.346,bg:general
75689,75689,background,train,FSD50K,5.173,bg:general
75828,75828,background,train,FSD50K,0.558,hard_neg:alarm
75966,75966,background,train,FSD50K,28.617,bg:general
75981,75981,background,train,FSD50K,18.443,bg:general
76116,76116,background,train,FSD50K,14.082,bg:general
76118,76118,background,train,FSD50K,17.539,bg:general
76173,76173,background,train,FSD50K,24.704,bg:general
76194,76194,background,train,FSD50K,19.67,bg:general
7639,7639,background,train,FSD50K,15.94,bg:general
76465,76465,background,train,FSD50K,6.705,bg:general
76527,76527,background,train,FSD50K,5.754,bg:general
76596,76596,background,train,FSD50K,4.417,bg:general
76600,76600,background,train,FSD50K,2.443,bg:general
76604,76604,background,train,FSD50K,3.548,bg:general
76612,76612,background,train,FSD50K,3.844,bg:general
76613,76613,background,train,FSD50K,3.187,bg:general
76620,76620,background,train,FSD50K,3.664,bg:general
76631,76631,background,train,FSD50K,1.125,bg:general
76642,76642,background,train,FSD50K,2.963,bg:general
76649,76649,background,train,FSD50K,4.72,bg:general
76699,76699,background,train,FSD50K,7.2,bg:general
76796,76796,background,train,FSD50K,2.443,bg:general
76812,76812,background,train,FSD50K,6.818,hard_neg:glass_dishes
76848,76848,background,train,FSD50K,4.165,bg:general
76850,76850,background,train,FSD50K,20.556,bg:general
76925,76925,background,train,FSD50K,4.974,hard_neg:alarm
76927,76927,background,train,FSD50K,10.24,hard_neg:alarm
77031,77031,background,train,FSD50K,12.33,hard_neg:alarm
77036,77036,background,train,FSD50K,19.07,bg:general
77069,77069,background,train,FSD50K,6.164,bg:general
77113,77113,background,train,FSD50K,16.318,bg:general
77241,77241,background,train,FSD50K,3.921,bg:general
77316,77316,background,train,FSD50K,1.626,bg:general
77392,77392,background,train,FSD50K,29.5,hard_neg:alarm
77420,77420,background,train,FSD50K,1.43,bg:general
77422,77422,background,train,FSD50K,3.01,bg:general
77423,77423,background,train,FSD50K,2.819,bg:general
77437,77437,background,train,FSD50K,3.072,bg:general
77467,77467,background,train,FSD50K,25.965,bg:general
77508,77508,background,train,FSD50K,4.311,hard_neg:alarm
77509,77509,background,train,FSD50K,5.147,hard_neg:alarm
77669,77669,background,train,FSD50K,24.151,bg:general
77723,77723,background,train,FSD50K,8.778,hard_neg:alarm
77724,77724,background,train,FSD50K,2.299,bg:general
77892,77892,background,train,FSD50K,10.735,hard_neg:alarm
77917,77917,background,train,FSD50K,9.598,bg:general
77924,77924,background,train,FSD50K,16.091,bg:general
77928,77928,background,train,FSD50K,7.167,hard_neg:alarm
77929,77929,background,train,FSD50K,7.167,hard_neg:alarm
77937,77937,background,train,FSD50K,1.437,bg:general
78490,78490,background,train,FSD50K,3.679,hard_neg:scream_crowd
78500,78500,background,train,FSD50K,27.825,bg:general
78565,78565,background,train,FSD50K,27.144,hard_neg:alarm
78948,78948,background,train,FSD50K,17.62,hard_neg:alarm
78968,78968,background,train,FSD50K,2.474,hard_neg:alarm
78969,78969,background,train,FSD50K,3.158,hard_neg:alarm
78970,78970,background,train,FSD50K,2.191,hard_neg:alarm
78984,78984,background,train,FSD50K,8.457,hard_neg:alarm
78985,78985,background,train,FSD50K,7.053,hard_neg:alarm
79018,79018,background,train,FSD50K,21.693,bg:general
79042,79042,background,train,FSD50K,5.735,bg:general
79143,79143,background,train,FSD50K,7.286,bg:general
79147,79147,background,train,FSD50K,10.072,hard_neg:alarm
79180,79180,background,train,FSD50K,4.483,hard_neg:alarm
79199,79199,background,train,FSD50K,8.998,bg:general
79223,79223,background,train,FSD50K,12.531,bg:general
79287,79287,background,train,FSD50K,1.496,bg:general
7929,7929,background,train,FSD50K,1.777,bg:general
79440,79440,background,train,FSD50K,23.058,hard_neg:alarm
79568,79568,background,train,FSD50K,10.931,hard_neg:alarm
79611,79611,background,train,FSD50K,1.924,bg:general
79633,79633,background,train,FSD50K,11.944,hard_neg:alarm
79638,79638,background,train,FSD50K,5.972,hard_neg:alarm
79639,79639,background,train,FSD50K,5.972,hard_neg:alarm
79650,79650,background,train,FSD50K,9.364,hard_neg:alarm
79669,79669,background,train,FSD50K,11.918,bg:general
79689,79689,background,train,FSD50K,3.863,bg:general
79725,79725,background,train,FSD50K,10.867,bg:general
80190,80190,background,train,FSD50K,1.106,bg:general
80285,80285,background,train,FSD50K,5.944,bg:general
80341,80341,background,train,FSD50K,6.004,hard_neg:alarm
80345,80345,background,train,FSD50K,6.011,hard_neg:alarm
80355,80355,background,train,FSD50K,6.011,hard_neg:alarm
80389,80389,background,train,FSD50K,2.587,bg:general
80448,80448,background,train,FSD50K,8.15,bg:general
80477,80477,background,train,FSD50K,3.965,hard_neg:baby_cry
80478,80478,background,train,FSD50K,3.746,hard_neg:baby_cry
80479,80479,background,train,FSD50K,4.498,hard_neg:baby_cry
80480,80480,background,train,FSD50K,7.46,hard_neg:baby_cry
80481,80481,background,train,FSD50K,2.709,hard_neg:baby_cry
80482,80482,background,train,FSD50K,7.476,hard_neg:baby_cry
80641,80641,background,train,FSD50K,4.272,bg:general
80780,80780,background,train,FSD50K,6.85,bg:general
81072,81072,background,train,FSD50K,6.316,hard_neg:alarm
81155,81155,background,train,FSD50K,26.541,bg:general
81432,81432,background,train,FSD50K,7.315,hard_neg:alarm
81471,81471,background,train,FSD50K,5.323,bg:general
81472,81472,background,train,FSD50K,2.846,bg:general
81474,81474,background,train,FSD50K,2.877,bg:general
81475,81475,background,train,FSD50K,2.847,bg:general
82112,82112,background,train,FSD50K,1.734,bg:general
82523,82523,background,train,FSD50K,1.715,bg:general
82603,82603,background,train,FSD50K,15.761,bg:general
82673,82673,background,train,FSD50K,10.005,hard_neg:alarm
82797,82797,background,train,FSD50K,28.703,hard_neg:alarm
82926,82926,background,train,FSD50K,8.377,bg:general
83280,83280,background,train,FSD50K,8.107,hard_neg:alarm
83488,83488,background,train,FSD50K,6.13,hard_neg:alarm
83608,83608,background,train,FSD50K,11.651,bg:general
8370,8370,background,train,FSD50K,6.546,bg:general
83704,83704,background,train,FSD50K,1.626,hard_neg:alarm
83802,83802,background,train,FSD50K,1.89,bg:general
83999,83999,background,train,FSD50K,2.0,bg:general
84243,84243,background,train,FSD50K,16.488,bg:general
84414,84414,background,train,FSD50K,18.5,bg:general
84423,84423,background,train,FSD50K,6.4,hard_neg:alarm
84460,84460,background,train,FSD50K,25.004,bg:general
84526,84526,background,train,FSD50K,3.406,hard_neg:glass_ring
84553,84553,background,train,FSD50K,1.443,bg:general
84556,84556,background,train,FSD50K,2.92,bg:general
84557,84557,background,train,FSD50K,3.724,bg:general
84675,84675,background,train,FSD50K,18.07,bg:general
84676,84676,background,train,FSD50K,16.543,bg:general
84685,84685,background,train,FSD50K,20.586,bg:general
84746,84746,background,train,FSD50K,4.609,bg:general
85110,85110,background,train,FSD50K,9.134,bg:general
85128,85128,background,train,FSD50K,3.872,bg:general
85141,85141,background,train,FSD50K,25.543,bg:general
85205,85205,background,train,FSD50K,0.561,hard_neg:alarm
85212,85212,background,train,FSD50K,2.642,bg:general
85312,85312,background,train,FSD50K,7.0,bg:general
85344,85344,background,train,FSD50K,7.976,hard_neg:alarm
85410,85410,background,train,FSD50K,2.026,bg:general
85549,85549,background,train,FSD50K,0.429,hard_neg:glass_dishes
85795,85795,background,train,FSD50K,6.999,bg:general
85796,85796,background,train,FSD50K,6.996,bg:general
85797,85797,background,train,FSD50K,7.0,bg:general
85798,85798,background,train,FSD50K,7.004,bg:general
85799,85799,background,train,FSD50K,6.997,bg:general
85800,85800,background,train,FSD50K,7.005,bg:general
85801,85801,background,train,FSD50K,7.0,bg:general
85803,85803,background,train,FSD50K,7.002,bg:general
85804,85804,background,train,FSD50K,6.994,bg:general
85805,85805,background,train,FSD50K,22.0,bg:general
85806,85806,background,train,FSD50K,8.0,bg:general
85834,85834,background,train,FSD50K,17.5,bg:general
8586,8586,background,train,FSD50K,15.958,bg:general
85873,85873,background,train,FSD50K,16.0,bg:general
85883,85883,background,train,FSD50K,12.0,bg:general
85886,85886,background,train,FSD50K,1.0,bg:general
85924,85924,background,train,FSD50K,3.37,bg:general
85927,85927,background,train,FSD50K,8.742,bg:general
85950,85950,background,train,FSD50K,3.304,bg:general
86127,86127,background,train,FSD50K,2.236,bg:general
86186,86186,background,train,FSD50K,17.151,bg:general
86193,86193,background,train,FSD50K,17.351,bg:general
86240,86240,background,train,FSD50K,17.656,hard_neg:baby_cry
863,863,background,train,FSD50K,3.46,bg:general
86348,86348,background,train,FSD50K,6.773,bg:general
86361,86361,background,train,FSD50K,5.637,bg:general
86385,86385,background,train,FSD50K,2.462,bg:general
86451,86451,background,train,FSD50K,1.533,bg:general
86665,86665,background,train,FSD50K,1.781,bg:general
87072,87072,background,train,FSD50K,1.725,bg:general
87151,87151,background,train,FSD50K,2.867,hard_neg:alarm
87315,87315,background,train,FSD50K,17.276,hard_neg:alarm
87316,87316,background,train,FSD50K,7.756,hard_neg:alarm
87425,87425,background,train,FSD50K,12.615,bg:general
87427,87427,background,train,FSD50K,12.901,bg:general
87466,87466,background,train,FSD50K,13.832,hard_neg:alarm
87574,87574,background,train,FSD50K,4.104,hard_neg:alarm
87604,87604,background,train,FSD50K,17.967,hard_neg:alarm
87633,87633,background,train,FSD50K,4.457,bg:general
87705,87705,background,train,FSD50K,1.408,bg:general
88021,88021,background,train,FSD50K,27.407,hard_neg:alarm
88112,88112,background,train,FSD50K,30.0,hard_neg:alarm
88125,88125,background,train,FSD50K,9.08,bg:general
88243,88243,background,train,FSD50K,0.301,hard_neg:alarm
88506,88506,background,train,FSD50K,16.785,bg:general
88567,88567,background,train,FSD50K,0.388,hard_neg:glass_ring
88661,88661,background,train,FSD50K,1.411,hard_neg:glass_dishes
88676,88676,background,train,FSD50K,1.598,bg:general
88679,88679,background,train,FSD50K,1.548,bg:general
88682,88682,background,train,FSD50K,1.529,bg:general
88683,88683,background,train,FSD50K,1.459,bg:general
88692,88692,background,train,FSD50K,1.482,bg:general
88811,88811,background,train,FSD50K,1.942,hard_neg:glass_ring
88820,88820,background,train,FSD50K,1.299,hard_neg:glass_ring
88821,88821,background,train,FSD50K,0.912,hard_neg:glass_ring
88822,88822,background,train,FSD50K,1.264,hard_neg:glass_ring
88826,88826,background,train,FSD50K,2.177,hard_neg:glass_dishes
88829,88829,background,train,FSD50K,3.319,hard_neg:glass_dishes
88836,88836,background,train,FSD50K,1.391,bg:general
88837,88837,background,train,FSD50K,2.283,hard_neg:glass_dishes
88838,88838,background,train,FSD50K,2.463,hard_neg:glass_ring
88839,88839,background,train,FSD50K,2.546,hard_neg:glass_dishes
88841,88841,background,train,FSD50K,1.337,hard_neg:glass_dishes
88843,88843,background,train,FSD50K,1.119,hard_neg:glass_dishes
88850,88850,background,train,FSD50K,1.033,hard_neg:glass_dishes
88855,88855,background,train,FSD50K,0.672,hard_neg:glass_dishes
88856,88856,background,train,FSD50K,0.81,hard_neg:glass_dishes
88857,88857,background,train,FSD50K,0.8,hard_neg:glass_dishes
88858,88858,background,train,FSD50K,0.813,hard_neg:glass_dishes
88859,88859,background,train,FSD50K,0.897,hard_neg:glass_ring
88862,88862,background,train,FSD50K,0.942,hard_neg:glass_ring
88866,88866,background,train,FSD50K,1.037,hard_neg:glass_ring
88870,88870,background,train,FSD50K,1.008,hard_neg:glass_ring
88871,88871,background,train,FSD50K,1.758,hard_neg:glass_ring
88872,88872,background,train,FSD50K,1.442,hard_neg:glass_ring
88876,88876,background,train,FSD50K,1.084,hard_neg:glass_ring
88881,88881,background,train,FSD50K,0.4,hard_neg:glass_ring
88884,88884,background,train,FSD50K,0.931,hard_neg:glass_ring
88886,88886,background,train,FSD50K,0.979,hard_neg:glass_ring
88888,88888,background,train,FSD50K,1.094,hard_neg:glass_ring
88891,88891,background,train,FSD50K,0.928,hard_neg:glass_ring
88892,88892,background,train,FSD50K,2.983,hard_neg:glass_ring
88893,88893,background,train,FSD50K,2.422,hard_neg:glass_ring
88895,88895,background,train,FSD50K,1.192,hard_neg:glass_ring
88898,88898,background,train,FSD50K,1.798,hard_neg:glass_ring
88900,88900,background,train,FSD50K,1.227,hard_neg:glass_ring
88903,88903,background,train,FSD50K,0.96,hard_neg:glass_ring
88910,88910,background,train,FSD50K,0.358,hard_neg:glass_dishes
88912,88912,background,train,FSD50K,1.586,hard_neg:glass_dishes
88914,88914,background,train,FSD50K,1.216,hard_neg:glass_dishes
88915,88915,background,train,FSD50K,1.44,hard_neg:glass_dishes
88951,88951,background,train,FSD50K,0.619,hard_neg:glass_dishes
88952,88952,background,train,FSD50K,0.301,hard_neg:glass_dishes
88953,88953,background,train,FSD50K,1.366,hard_neg:glass_dishes
88955,88955,background,train,FSD50K,0.85,hard_neg:glass_dishes
88958,88958,background,train,FSD50K,0.341,hard_neg:glass_dishes
88962,88962,background,train,FSD50K,2.668,hard_neg:glass_ring
88969,88969,background,train,FSD50K,1.284,hard_neg:glass_ring
88971,88971,background,train,FSD50K,0.641,hard_neg:glass_ring
88975,88975,background,train,FSD50K,5.404,hard_neg:glass_ring
88976,88976,background,train,FSD50K,3.334,hard_neg:glass_ring
89060,89060,background,train,FSD50K,19.0,bg:general
89391,89391,background,train,FSD50K,1.601,bg:general
89522,89522,background,train,FSD50K,12.513,bg:general
89588,89588,background,train,FSD50K,18.809,hard_neg:glass_dishes
89589,89589,background,train,FSD50K,24.895,hard_neg:alarm
89593,89593,background,train,FSD50K,13.297,hard_neg:alarm
89604,89604,background,train,FSD50K,12.255,hard_neg:glass_dishes
89617,89617,background,train,FSD50K,8.323,bg:general
89777,89777,background,train,FSD50K,7.568,bg:general
89794,89794,background,train,FSD50K,10.842,bg:general
89805,89805,background,train,FSD50K,0.337,hard_neg:glass_ring
89809,89809,background,train,FSD50K,0.454,hard_neg:glass_ring
89811,89811,background,train,FSD50K,0.919,hard_neg:glass_ring
89812,89812,background,train,FSD50K,0.394,hard_neg:glass_ring
89813,89813,background,train,FSD50K,3.131,hard_neg:glass_ring
89815,89815,background,train,FSD50K,0.383,hard_neg:glass_ring
89821,89821,background,train,FSD50K,3.278,hard_neg:glass_ring
89825,89825,background,train,FSD50K,3.367,hard_neg:glass_ring
89834,89834,background,train,FSD50K,5.307,hard_neg:glass_ring
89859,89859,background,train,FSD50K,0.968,hard_neg:glass_dishes
89860,89860,background,train,FSD50K,1.14,hard_neg:glass_ring
89862,89862,background,train,FSD50K,0.995,hard_neg:glass_dishes
89866,89866,background,train,FSD50K,0.303,hard_neg:glass_dishes
89870,89870,background,train,FSD50K,0.587,hard_neg:glass_dishes
89871,89871,background,train,FSD50K,1.321,hard_neg:glass_dishes
89872,89872,background,train,FSD50K,0.859,hard_neg:glass_dishes
89873,89873,background,train,FSD50K,2.815,hard_neg:glass_dishes
89875,89875,background,train,FSD50K,0.814,hard_neg:glass_dishes
89876,89876,background,train,FSD50K,0.814,hard_neg:glass_ring
89884,89884,background,train,FSD50K,3.55,hard_neg:glass_ring
89886,89886,background,train,FSD50K,8.006,hard_neg:glass_ring
89907,89907,background,train,FSD50K,0.648,hard_neg:glass_dishes
89908,89908,background,train,FSD50K,0.672,hard_neg:glass_dishes
89909,89909,background,train,FSD50K,0.647,hard_neg:glass_dishes
89910,89910,background,train,FSD50K,0.611,hard_neg:glass_dishes
89911,89911,background,train,FSD50K,0.653,hard_neg:glass_dishes
89912,89912,background,train,FSD50K,0.601,hard_neg:glass_dishes
89914,89914,background,train,FSD50K,0.415,hard_neg:glass_dishes
89915,89915,background,train,FSD50K,0.661,hard_neg:glass_dishes
89916,89916,background,train,FSD50K,0.316,hard_neg:glass_dishes
89917,89917,background,train,FSD50K,0.477,hard_neg:glass_dishes
89921,89921,background,train,FSD50K,0.47,hard_neg:glass_dishes
89922,89922,background,train,FSD50K,0.457,hard_neg:glass_dishes
89923,89923,background,train,FSD50K,0.554,hard_neg:glass_dishes
89924,89924,background,train,FSD50K,1.727,hard_neg:glass_dishes
89925,89925,background,train,FSD50K,1.328,hard_neg:glass_dishes
89948,89948,background,train,FSD50K,11.04,bg:general
89952,89952,background,train,FSD50K,25.966,bg:general
89976,89976,background,train,FSD50K,22.011,bg:general
90073,90073,background,train,FSD50K,14.848,bg:general
90189,90189,background,train,FSD50K,6.008,hard_neg:alarm
90190,90190,background,train,FSD50K,3.6,hard_neg:alarm
90191,90191,background,train,FSD50K,5.008,hard_neg:alarm
90192,90192,background,train,FSD50K,1.084,hard_neg:alarm
90193,90193,background,train,FSD50K,9.878,hard_neg:alarm
90349,90349,background,train,FSD50K,8.73,bg:general
90404,90404,background,train,FSD50K,7.602,bg:general
90489,90489,background,train,FSD50K,1.719,bg:general
90537,90537,background,train,FSD50K,1.994,bg:general
90538,90538,background,train,FSD50K,1.994,bg:general
90555,90555,background,train,FSD50K,1.994,bg:general
90556,90556,background,train,FSD50K,1.994,bg:general
90562,90562,background,train,FSD50K,1.994,bg:general
90614,90614,background,train,FSD50K,9.178,bg:general
9077,9077,background,train,FSD50K,2.367,hard_neg:alarm
90779,90779,background,train,FSD50K,18.495,bg:general
90975,90975,background,train,FSD50K,1.719,bg:general
91143,91143,background,train,FSD50K,2.057,bg:general
91144,91144,background,train,FSD50K,2.874,bg:general
91146,91146,background,train,FSD50K,2.645,bg:general
91156,91156,background,train,FSD50K,2.057,bg:general
91175,91175,background,train,FSD50K,2.057,bg:general
91277,91277,background,train,FSD50K,19.493,bg:general
91452,91452,background,train,FSD50K,11.792,bg:general
91468,91468,background,train,FSD50K,1.224,bg:general
91533,91533,background,train,FSD50K,11.522,bg:general
91605,91605,background,train,FSD50K,2.075,bg:general
91622,91622,background,train,FSD50K,2.075,bg:general
9164,9164,background,train,FSD50K,21.026,hard_neg:glass_ring
91980,91980,background,train,FSD50K,13.453,bg:general
91986,91986,background,train,FSD50K,10.0,bg:general
9205,9205,background,train,FSD50K,0.4,hard_neg:glass_ring
9206,9206,background,train,FSD50K,0.777,hard_neg:glass_ring
92066,92066,background,train,FSD50K,0.575,hard_neg:alarm
9218,9218,background,train,FSD50K,3.356,hard_neg:alarm
92365,92365,background,train,FSD50K,1.719,bg:general
92367,92367,background,train,FSD50K,2.795,bg:general
92374,92374,background,train,FSD50K,2.7,bg:general
92376,92376,background,train,FSD50K,1.454,bg:general
92386,92386,background,train,FSD50K,1.704,bg:general
92390,92390,background,train,FSD50K,3.055,bg:general
92403,92403,background,train,FSD50K,3.389,bg:general
9262,9262,background,train,FSD50K,20.465,bg:general
92633,92633,background,train,FSD50K,16.092,bg:general
92638,92638,background,train,FSD50K,15.838,hard_neg:glass_dishes
92897,92897,background,train,FSD50K,13.308,hard_neg:alarm
92925,92925,background,train,FSD50K,1.348,bg:general
92926,92926,background,train,FSD50K,2.194,bg:general
92929,92929,background,train,FSD50K,1.225,bg:general
92957,92957,background,train,FSD50K,1.459,bg:general
92959,92959,background,train,FSD50K,1.377,bg:general
92971,92971,background,train,FSD50K,1.377,bg:general
92975,92975,background,train,FSD50K,5.706,hard_neg:alarm
93020,93020,background,train,FSD50K,1.221,hard_neg:alarm
93040,93040,background,train,FSD50K,1.218,bg:general
93146,93146,background,train,FSD50K,3.156,bg:general
93160,93160,background,train,FSD50K,8.999,bg:general
93161,93161,background,train,FSD50K,13.635,bg:general
93166,93166,background,train,FSD50K,1.287,bg:general
93182,93182,background,train,FSD50K,3.577,bg:general
93183,93183,background,train,FSD50K,1.51,bg:general
9330,9330,background,train,FSD50K,19.118,bg:general
93364,93364,background,train,FSD50K,1.198,bg:general
93375,93375,background,train,FSD50K,2.523,bg:general
93646,93646,background,train,FSD50K,2.159,hard_neg:alarm
93663,93663,background,train,FSD50K,19.485,bg:general
93733,93733,background,train,FSD50K,16.672,hard_neg:alarm
93755,93755,background,train,FSD50K,8.367,hard_neg:alarm
93782,93782,background,train,FSD50K,9.021,bg:general
93834,93834,background,train,FSD50K,6.366,bg:general
93844,93844,background,train,FSD50K,8.892,bg:general
9392,9392,background,train,FSD50K,8.046,hard_neg:alarm
9393,9393,background,train,FSD50K,4.702,hard_neg:alarm
94175,94175,background,train,FSD50K,12.802,hard_neg:alarm
94192,94192,background,train,FSD50K,25.686,bg:general
94198,94198,background,train,FSD50K,3.768,bg:general
94202,94202,background,train,FSD50K,3.468,hard_neg:glass_dishes
94203,94203,background,train,FSD50K,3.768,hard_neg:glass_dishes
94256,94256,background,train,FSD50K,17.058,bg:general
94264,94264,background,train,FSD50K,8.569,bg:general
9428,9428,background,train,FSD50K,3.0,hard_neg:baby_cry
94405,94405,background,train,FSD50K,11.34,hard_neg:glass_dishes
94680,94680,background,train,FSD50K,13.004,hard_neg:glass_dishes
94681,94681,background,train,FSD50K,5.178,hard_neg:glass_dishes
94682,94682,background,train,FSD50K,10.28,hard_neg:glass_dishes
94683,94683,background,train,FSD50K,14.583,hard_neg:glass_dishes
94684,94684,background,train,FSD50K,12.028,hard_neg:glass_dishes
94686,94686,background,train,FSD50K,6.734,hard_neg:glass_dishes
94687,94687,background,train,FSD50K,14.768,hard_neg:glass_dishes
94688,94688,background,train,FSD50K,10.124,hard_neg:glass_dishes
94689,94689,background,train,FSD50K,15.697,hard_neg:glass_dishes
94702,94702,background,train,FSD50K,10.027,bg:general
94725,94725,background,train,FSD50K,23.04,bg:general
94735,94735,background,train,FSD50K,9.728,hard_neg:alarm
94788,94788,background,train,FSD50K,18.26,hard_neg:glass_dishes
94790,94790,background,train,FSD50K,13.297,hard_neg:glass_dishes
94792,94792,background,train,FSD50K,23.119,hard_neg:glass_dishes
94800,94800,background,train,FSD50K,2.262,hard_neg:glass_ring
94824,94824,background,train,FSD50K,3.021,bg:general
94933,94933,background,train,FSD50K,1.12,hard_neg:alarm
94987,94987,background,train,FSD50K,22.779,hard_neg:glass_ring
95003,95003,background,train,FSD50K,6.74,bg:general
95005,95005,background,train,FSD50K,15.543,bg:general
95069,95069,background,train,FSD50K,3.164,bg:general
95106,95106,background,train,FSD50K,30.0,bg:general
95112,95112,background,train,FSD50K,1.0,hard_neg:alarm
95113,95113,background,train,FSD50K,26.691,bg:general
95114,95114,background,train,FSD50K,2.0,hard_neg:alarm
95124,95124,background,train,FSD50K,18.221,bg:general
95218,95218,background,train,FSD50K,26.532,bg:general
9552,9552,background,train,FSD50K,8.5,bg:general
95709,95709,background,train,FSD50K,6.361,bg:general
95723,95723,background,train,FSD50K,11.703,bg:general
95725,95725,background,train,FSD50K,10.774,bg:general
95739,95739,background,train,FSD50K,17.067,hard_neg:alarm
95741,95741,background,train,FSD50K,17.408,hard_neg:glass_dishes
95776,95776,background,train,FSD50K,6.701,bg:general
95817,95817,background,train,FSD50K,3.846,bg:general
95958,95958,background,train,FSD50K,23.281,bg:general
96063,96063,background,train,FSD50K,5.052,hard_neg:alarm
96098,96098,background,train,FSD50K,1.603,bg:general
96105,96105,background,train,FSD50K,2.701,bg:general
96112,96112,background,train,FSD50K,1.676,bg:general
96223,96223,background,train,FSD50K,4.702,bg:general
96508,96508,background,train,FSD50K,9.893,bg:general
96521,96521,background,train,FSD50K,3.893,bg:general
96564,96564,background,train,FSD50K,5.155,bg:general
96597,96597,background,train,FSD50K,22.23,bg:general
96630,96630,background,train,FSD50K,1.462,bg:general
96637,96637,background,train,FSD50K,4.002,hard_neg:alarm
96643,96643,background,train,FSD50K,26.866,bg:general
96703,96703,background,train,FSD50K,16.574,bg:general
9674,9674,background,train,FSD50K,10.417,hard_neg:alarm
96890,96890,background,train,FSD50K,6.035,hard_neg:alarm
96964,96964,background,train,FSD50K,1.765,bg:general
96973,96973,background,train,FSD50K,11.106,hard_neg:alarm
97371,97371,background,train,FSD50K,3.268,bg:general
97380,97380,background,train,FSD50K,18.95,bg:general
97386,97386,background,train,FSD50K,11.65,bg:general
97525,97525,background,train,FSD50K,3.746,bg:general
97527,97527,background,train,FSD50K,2.072,bg:general
97538,97538,background,train,FSD50K,7.319,bg:general
97549,97549,background,train,FSD50K,1.151,bg:general
97554,97554,background,train,FSD50K,1.952,bg:general
97573,97573,background,train,FSD50K,1.31,bg:general
97655,97655,background,train,FSD50K,1.003,bg:general
97758,97758,background,train,FSD50K,14.873,hard_neg:alarm
97786,97786,background,train,FSD50K,3.056,hard_neg:alarm
97789,97789,background,train,FSD50K,6.745,hard_neg:alarm
98121,98121,background,train,FSD50K,18.913,bg:general
98269,98269,background,train,FSD50K,2.169,hard_neg:alarm
98442,98442,background,train,FSD50K,3.918,bg:general
98453,98453,background,train,FSD50K,2.124,bg:general
98553,98553,background,train,FSD50K,15.418,bg:general
98643,98643,background,train,FSD50K,1.219,bg:general
98648,98648,background,train,FSD50K,10.0,bg:general
98673,98673,background,train,FSD50K,2.595,bg:general
98685,98685,background,train,FSD50K,20.062,bg:general
98746,98746,background,train,FSD50K,11.515,hard_neg:alarm
98762,98762,background,train,FSD50K,5.98,bg:general
98777,98777,background,train,FSD50K,3.154,bg:general
98781,98781,background,train,FSD50K,26.627,bg:general
98950,98950,background,train,FSD50K,2.124,hard_neg:alarm
98973,98973,background,train,FSD50K,11.153,hard_neg:alarm
99249,99249,background,train,FSD50K,1.15,bg:general
99255,99255,background,train,FSD50K,1.2,bg:general
99282,99282,background,train,FSD50K,11.657,hard_neg:alarm
99499,99499,background,train,FSD50K,22.518,hard_neg:baby_cry
99630,99630,background,train,FSD50K,8.0,hard_neg:alarm
99966,99966,background,train,FSD50K,24.485,hard_neg:scream_crowd
100032,100032,dog_bark,test,FSD50K,0.318,
102103-3-0-0.wav,102103,dog_bark,test,US8K,0.533,
102103-3-1-0.wav,102103,dog_bark,test,US8K,0.389,
102547,102547,dog_bark,test,FSD50K,21.005,
102548,102548,dog_bark,test,FSD50K,18.446,
103076,103076,dog_bark,test,FSD50K,11.76,
105088-3-0-8.wav,105088,dog_bark,test,US8K,4.0,
105088-3-0-10.wav,105088,dog_bark,test,US8K,4.0,
105088-3-0-11.wav,105088,dog_bark,test,US8K,4.0,
105088-3-0-19.wav,105088,dog_bark,test,US8K,4.0,
110389,110389,dog_bark,test,FSD50K,0.552,
110918-3-0-1.wav,110918,dog_bark,test,US8K,4.0,
110918-3-0-9.wav,110918,dog_bark,test,US8K,4.0,
110918-3-0-26.wav,110918,dog_bark,test,US8K,4.0,
110918-3-0-40.wav,110918,dog_bark,test,US8K,4.0,
112195-3-0-38.wav,112195,dog_bark,test,US8K,4.0,
112195-3-0-48.wav,112195,dog_bark,test,US8K,4.0,
112195-3-0-57.wav,112195,dog_bark,test,US8K,4.0,
112195-3-0-80.wav,112195,dog_bark,test,US8K,4.0,
113785,113785,dog_bark,test,FSD50K,2.606,
115534,115534,dog_bark,test,FSD50K,21.031,
115535,115535,dog_bark,test,FSD50K,0.491,
115536,115536,dog_bark,test,FSD50K,2.965,
115537,115537,dog_bark,test,FSD50K,20.032,
116400,116400,dog_bark,test,FSD50K,25.479,
11722,11722,dog_bark,test,FSD50K,2.531,
117271,117271,dog_bark,test,FSD50K,10.539,
118072,118072,dog_bark,test,FSD50K,1.067,
118101,118101,dog_bark,test,FSD50K,24.624,
118577,118577,dog_bark,test,FSD50K,18.205,
118901,118901,dog_bark,test,FSD50K,17.906,
118968,118968,dog_bark,test,FSD50K,1.568,
121565,121565,dog_bark,test,FSD50K,10.819,
121891,121891,dog_bark,test,FSD50K,4.589,
125514,125514,dog_bark,test,FSD50K,1.664,
126037,126037,dog_bark,test,FSD50K,5.342,
128023,128023,dog_bark,test,FSD50K,3.218,
128026,128026,dog_bark,test,FSD50K,28.942,
128031,128031,dog_bark,test,FSD50K,9.15,
128240-3-0-1.wav,128240,dog_bark,test,US8K,4.0,
128240-3-0-20.wav,128240,dog_bark,test,US8K,4.0,
128240-3-0-39.wav,128240,dog_bark,test,US8K,4.0,
128240-3-0-42.wav,128240,dog_bark,test,US8K,4.0,
128468,128468,dog_bark,test,FSD50K,7.248,
131199,131199,dog_bark,test,FSD50K,2.5,
137758,137758,dog_bark,test,FSD50K,3.983,
142641,142641,dog_bark,test,FSD50K,2.163,
142642,142642,dog_bark,test,FSD50K,5.454,
14468-3-0-2.wav,14468,dog_bark,test,US8K,4.0,
14468-3-0-3.wav,14468,dog_bark,test,US8K,4.0,
14468-3-1-0.wav,14468,dog_bark,test,US8K,2.146,
14468-3-5-0.wav,14468,dog_bark,test,US8K,4.0,
146343,146343,dog_bark,test,FSD50K,6.393,
150341,150341,dog_bark,test,FSD50K,18.324,
154757,154757,dog_bark,test,FSD50K,4.653,
154840,154840,dog_bark,test,FSD50K,15.496,
155382,155382,dog_bark,test,FSD50K,16.545,
157695-3-0-2.wav,157695,dog_bark,test,US8K,4.0,
157695-3-0-8.wav,157695,dog_bark,test,US8K,4.0,
157695-3-0-19.wav,157695,dog_bark,test,US8K,4.0,
157695-3-0-27.wav,157695,dog_bark,test,US8K,4.0,
3-157695-A-0.wav,157695,dog_bark,test,ESC-50,5.0,
15791,15791,dog_bark,test,FSD50K,24.463,
15792,15792,dog_bark,test,FSD50K,14.108,
158620,158620,dog_bark,test,FSD50K,24.538,
159568,159568,dog_bark,test,FSD50K,23.013,
160477,160477,dog_bark,test,FSD50K,12.954,
163277,163277,dog_bark,test,FSD50K,1.107,
16363,16363,dog_bark,test,FSD50K,11.146,
164488,164488,dog_bark,test,FSD50K,22.964,
165913,165913,dog_bark,test,FSD50K,28.323,
166268-3-0-0.wav,166268,dog_bark,test,US8K,0.239,
166268-3-1-0.wav,166268,dog_bark,test,US8K,1.442,
166268-3-2-0.wav,166268,dog_bark,test,US8K,0.211,
166489,166489,dog_bark,test,FSD50K,17.22,
169142,169142,dog_bark,test,FSD50K,7.869,
171464,171464,dog_bark,test,FSD50K,14.107,
17206,17206,dog_bark,test,FSD50K,23.382,
17414,17414,dog_bark,test,FSD50K,9.074,
17486,17486,dog_bark,test,FSD50K,6.133,
174873-3-5-1.wav,174873,dog_bark,test,US8K,4.0,
174873-3-5-10.wav,174873,dog_bark,test,US8K,4.0,
174873-3-5-12.wav,174873,dog_bark,test,US8K,4.0,
174873-3-5-13.wav,174873,dog_bark,test,US8K,4.0,
17810,17810,dog_bark,test,FSD50K,13.131,
178497,178497,dog_bark,test,FSD50K,19.494,
179096,179096,dog_bark,test,FSD50K,29.063,
179386,179386,dog_bark,test,FSD50K,13.18,
180257,180257,dog_bark,test,FSD50K,14.891,
182501,182501,dog_bark,test,FSD50K,13.436,
18453,18453,dog_bark,test,FSD50K,27.785,
185951,185951,dog_bark,test,FSD50K,19.705,
188817,188817,dog_bark,test,FSD50K,1.787,
189737,189737,dog_bark,test,FSD50K,16.84,
190680-3-1-0.wav,190680,dog_bark,test,US8K,1.537,
190680-3-4-0.wav,190680,dog_bark,test,US8K,4.0,
190680-3-6-0.wav,190680,dog_bark,test,US8K,4.0,
194252,194252,dog_bark,test,FSD50K,15.854,
194301,194301,dog_bark,test,FSD50K,0.81,
197988,197988,dog_bark,test,FSD50K,27.117,
199261-3-0-0.wav,199261,dog_bark,test,US8K,4.0,
199261-3-0-1.wav,199261,dog_bark,test,US8K,4.0,
199261-3-0-2.wav,199261,dog_bark,test,US8K,4.0,
199261-3-0-4.wav,199261,dog_bark,test,US8K,4.0,
4-199261-A-0.wav,199261,dog_bark,test,ESC-50,5.0,
199878,199878,dog_bark,test,FSD50K,16.208,
20015-3-0-4.wav,20015,dog_bark,test,US8K,4.0,
20015-3-0-12.wav,20015,dog_bark,test,US8K,4.0,
20015-3-0-14.wav,20015,dog_bark,test,US8K,4.0,
20015-3-0-19.wav,20015,dog_bark,test,US8K,4.0,
201207-3-0-0.wav,201207,dog_bark,test,US8K,2.084,
201207-3-13-0.wav,201207,dog_bark,test,US8K,2.295,
201207-3-21-0.wav,201207,dog_bark,test,US8K,2.929,
201207-3-29-0.wav,201207,dog_bark,test,US8K,4.0,
203128-3-1-0.wav,203128,dog_bark,test,US8K,1.888,
203128-3-3-0.wav,203128,dog_bark,test,US8K,0.446,
203128-3-6-0.wav,203128,dog_bark,test,US8K,1.774,
203128-3-9-0.wav,203128,dog_bark,test,US8K,1.802,
5-203128-A-0.wav,203128,dog_bark,test,ESC-50,5.0,
5-203128-B-0.wav,203128,dog_bark,test,ESC-50,5.0,
203355-3-0-0.wav,203355,dog_bark,test,US8K,1.128,
203355-3-1-0.wav,203355,dog_bark,test,US8K,0.959,
20571-3-0-0.wav,20571,dog_bark,test,US8K,2.946,
20571-3-1-0.wav,20571,dog_bark,test,US8K,4.0,
207124,207124,dog_bark,test,FSD50K,13.166,
207962,207962,dog_bark,test,FSD50K,7.68,
208030-3-0-0.wav,208030,dog_bark,test,US8K,1.939,
208030-3-1-0.wav,208030,dog_bark,test,US8K,1.368,
208030-3-2-0.wav,208030,dog_bark,test,US8K,1.248,
208030-3-4-0.wav,208030,dog_bark,test,US8K,3.126,
5-208030-A-0.wav,208030,dog_bark,test,ESC-50,5.0,
209672-3-0-0.wav,209672,dog_bark,test,US8K,1.524,
209672-3-3-0.wav,209672,dog_bark,test,US8K,0.578,
209672-3-6-0.wav,209672,dog_bark,test,US8K,0.736,
209672-3-8-0.wav,209672,dog_bark,test,US8K,1.051,
209964,209964,dog_bark,test,FSD50K,26.28,
211191,211191,dog_bark,test,FSD50K,14.072,
5-212454-A-0.wav,212454,dog_bark,test,ESC-50,5.0,
5-213855-A-0.wav,213855,dog_bark,test,ESC-50,5.0,
215765,215765,dog_bark,test,FSD50K,21.508,
5-217158-A-0.wav,217158,dog_bark,test,ESC-50,5.0,
219532,219532,dog_bark,test,FSD50K,15.641,
220104,220104,dog_bark,test,FSD50K,9.529,
220105,220105,dog_bark,test,FSD50K,9.12,
220106,220106,dog_bark,test,FSD50K,7.403,
220629,220629,dog_bark,test,FSD50K,0.836,
22973,22973,dog_bark,test,FSD50K,9.067,
23086,23086,dog_bark,test,FSD50K,12.908,
5-231762-A-0.wav,231762,dog_bark,test,ESC-50,5.0,
234259,234259,dog_bark,test,FSD50K,3.714,
235867,235867,dog_bark,test,FSD50K,0.5,
235872,235872,dog_bark,test,FSD50K,0.5,
235875,235875,dog_bark,test,FSD50K,2.0,
235877,235877,dog_bark,test,FSD50K,1.0,
235885,235885,dog_bark,test,FSD50K,0.5,
235886,235886,dog_bark,test,FSD50K,0.5,
235890,235890,dog_bark,test,FSD50K,0.5,
236038,236038,dog_bark,test,FSD50K,3.046,
236045,236045,dog_bark,test,FSD50K,0.552,
236047,236047,dog_bark,test,FSD50K,0.37,
236059,236059,dog_bark,test,FSD50K,2.23,
236064,236064,dog_bark,test,FSD50K,0.509,
236068,236068,dog_bark,test,FSD50K,5.166,
236073,236073,dog_bark,test,FSD50K,7.418,
236082,236082,dog_bark,test,FSD50K,6.699,
236083,236083,dog_bark,test,FSD50K,6.433,
236085,236085,dog_bark,test,FSD50K,3.023,
236093,236093,dog_bark,test,FSD50K,5.659,
236095,236095,dog_bark,test,FSD50K,3.079,
236111,236111,dog_bark,test,FSD50K,3.985,
236128,236128,dog_bark,test,FSD50K,2.224,
236133,236133,dog_bark,test,FSD50K,4.242,
236145,236145,dog_bark,test,FSD50K,3.409,
236147,236147,dog_bark,test,FSD50K,2.244,
236148,236148,dog_bark,test,FSD50K,3.203,
236166,236166,dog_bark,test,FSD50K,5.23,
236168,236168,dog_bark,test,FSD50K,5.731,
236171,236171,dog_bark,test,FSD50K,2.309,
236174,236174,dog_bark,test,FSD50K,2.738,
236177,236177,dog_bark,test,FSD50K,3.84,
236204,236204,dog_bark,test,FSD50K,3.562,
236208,236208,dog_bark,test,FSD50K,2.994,
236210,236210,dog_bark,test,FSD50K,2.937,
236227,236227,dog_bark,test,FSD50K,1.971,
236239,236239,dog_bark,test,FSD50K,0.476,
236241,236241,dog_bark,test,FSD50K,3.614,
236246,236246,dog_bark,test,FSD50K,4.557,
236247,236247,dog_bark,test,FSD50K,3.669,
236248,236248,dog_bark,test,FSD50K,5.275,
236254,236254,dog_bark,test,FSD50K,2.665,
236272,236272,dog_bark,test,FSD50K,4.661,
236274,236274,dog_bark,test,FSD50K,0.471,
236275,236275,dog_bark,test,FSD50K,2.909,
236282,236282,dog_bark,test,FSD50K,0.627,
238074,238074,dog_bark,test,FSD50K,21.281,
244448,244448,dog_bark,test,FSD50K,9.274,
253754,253754,dog_bark,test,FSD50K,3.062,
256646,256646,dog_bark,test,FSD50K,29.583,
259302,259302,dog_bark,test,FSD50K,24.419,
260773,260773,dog_bark,test,FSD50K,3.64,
260776,260776,dog_bark,test,FSD50K,2.416,
260808,260808,dog_bark,test,FSD50K,18.86,
261020,261020,dog_bark,test,FSD50K,12.679,
262520,262520,dog_bark,test,FSD50K,25.096,
26255-3-0-0.wav,26255,dog_bark,test,US8K,0.249,
26255-3-6-0.wav,26255,dog_bark,test,US8K,0.718,
26255-3-8-0.wav,26255,dog_bark,test,US8K,0.588,
26255-3-13-1.wav,26255,dog_bark,test,US8K,4.0,
264842,264842,dog_bark,test,FSD50K,14.189,
266394,266394,dog_bark,test,FSD50K,15.25,
266603,266603,dog_bark,test,FSD50K,18.89,
274471,274471,dog_bark,test,FSD50K,18.774,
275353,275353,dog_bark,test,FSD50K,16.498,
277058,277058,dog_bark,test,FSD50K,0.389,
277195,277195,dog_bark,test,FSD50K,14.005,
29596,29596,dog_bark,test,FSD50K,0.554,
30344-3-0-0.wav,30344,dog_bark,test,US8K,4.0,
30344-3-0-1.wav,30344,dog_bark,test,US8K,4.0,
30344-3-0-3.wav,30344,dog_bark,test,US8K,4.0,
30344-3-0-4.wav,30344,dog_bark,test,US8K,4.0,
1-30344-A-0.wav,30344,dog_bark,test,ESC-50,5.0,
31615,31615,dog_bark,test,FSD50K,12.386,
31840,31840,dog_bark,test,FSD50K,6.387,
321594,321594,dog_bark,test,FSD50K,20.193,
32318,32318,dog_bark,test,FSD50K,7.686,
323318,323318,dog_bark,test,FSD50K,18.846,
323329,323329,dog_bark,test,FSD50K,26.994,
325471,325471,dog_bark,test,FSD50K,0.976,
325472,325472,dog_bark,test,FSD50K,0.499,
325474,325474,dog_bark,test,FSD50K,0.409,
326212,326212,dog_bark,test,FSD50K,6.0,
326563,326563,dog_bark,test,FSD50K,9.643,
327138,327138,dog_bark,test,FSD50K,12.0,
327666,327666,dog_bark,test,FSD50K,6.473,
328055,328055,dog_bark,test,FSD50K,19.5,
328076,328076,dog_bark,test,FSD50K,26.0,
328087,328087,dog_bark,test,FSD50K,27.812,
328729,328729,dog_bark,test,FSD50K,2.738,
33641,33641,dog_bark,test,FSD50K,27.221,
338322,338322,dog_bark,test,FSD50K,17.662,
338326,338326,dog_bark,test,FSD50K,26.37,
33849,33849,dog_bark,test,FSD50K,12.495,
344955,344955,dog_bark,test,FSD50K,14.076,
34771-3-0-4.wav,34771,dog_bark,test,US8K,4.0,
34771-3-0-5.wav,34771,dog_bark,test,US8K,4.0,
34771-3-0-10.wav,34771,dog_bark,test,US8K,4.0,
34771-3-0-14.wav,34771,dog_bark,test,US8K,4.0,
348129,348129,dog_bark,test,FSD50K,5.132,
348332,348332,dog_bark,test,FSD50K,3.001,
34973,34973,dog_bark,test,FSD50K,3.819,
351182,351182,dog_bark,test,FSD50K,13.707,
359120,359120,dog_bark,test,FSD50K,23.376,
361544,361544,dog_bark,test,FSD50K,5.891,
364993,364993,dog_bark,test,FSD50K,26.52,
365053,365053,dog_bark,test,FSD50K,12.622,
365568,365568,dog_bark,test,FSD50K,17.5,
365669,365669,dog_bark,test,FSD50K,7.672,
365988,365988,dog_bark,test,FSD50K,26.695,
366219,366219,dog_bark,test,FSD50K,12.43,
366368,366368,dog_bark,test,FSD50K,19.859,
366604,366604,dog_bark,test,FSD50K,21.327,
366619,366619,dog_bark,test,FSD50K,14.43,
366692,366692,dog_bark,test,FSD50K,14.993,
366694,366694,dog_bark,test,FSD50K,14.753,
36902,36902,dog_bark,test,FSD50K,5.68,
372523,372523,dog_bark,test,FSD50K,0.569,
372531,372531,dog_bark,test,FSD50K,1.708,
372537,372537,dog_bark,test,FSD50K,1.255,
379170,379170,dog_bark,test,FSD50K,17.956,
379181,379181,dog_bark,test,FSD50K,4.779,
380440,380440,dog_bark,test,FSD50K,24.72,
38121,38121,dog_bark,test,FSD50K,2.996,
38272,38272,dog_bark,test,FSD50K,17.478,
382736,382736,dog_bark,test,FSD50K,2.24,
38367,38367,dog_bark,test,FSD50K,9.11,
386766,386766,dog_bark,test,FSD50K,2.613,
387685,387685,dog_bark,test,FSD50K,4.124,
390804,390804,dog_bark,test,FSD50K,17.482,
391262,391262,dog_bark,test,FSD50K,2.34,
391273,391273,dog_bark,test,FSD50K,4.695,
393326,393326,dog_bark,test,FSD50K,16.8,
393694,393694,dog_bark,test,FSD50K,16.336,
393828,393828,dog_bark,test,FSD50K,14.2,
394223,394223,dog_bark,test,FSD50K,27.709,
396220,396220,dog_bark,test,FSD50K,9.666,
396221,396221,dog_bark,test,FSD50K,11.651,
396307,396307,dog_bark,test,FSD50K,2.547,
396986,396986,dog_bark,test,FSD50K,10.11,
397882,397882,dog_bark,test,FSD50K,14.366,
398885,398885,dog_bark,test,FSD50K,10.444,
400994,400994,dog_bark,test,FSD50K,8.756,
401307,401307,dog_bark,test,FSD50K,19.637,
401820,401820,dog_bark,test,FSD50K,10.99,
402568,402568,dog_bark,test,FSD50K,8.778,
403206,403206,dog_bark,test,FSD50K,3.968,
403207,403207,dog_bark,test,FSD50K,1.494,
403327,403327,dog_bark,test,FSD50K,5.169,
404066,404066,dog_bark,test,FSD50K,21.64,
404126,404126,dog_bark,test,FSD50K,22.414,
406814,406814,dog_bark,test,FSD50K,10.273,
407593,407593,dog_bark,test,FSD50K,16.8,
407686,407686,dog_bark,test,FSD50K,18.0,
408475,408475,dog_bark,test,FSD50K,7.493,
408493,408493,dog_bark,test,FSD50K,11.537,
408807,408807,dog_bark,test,FSD50K,12.12,
408810,408810,dog_bark,test,FSD50K,12.12,
409041,409041,dog_bark,test,FSD50K,24.619,
410174,410174,dog_bark,test,FSD50K,8.203,
411664,411664,dog_bark,test,FSD50K,12.224,
411786,411786,dog_bark,test,FSD50K,12.758,
412504,412504,dog_bark,test,FSD50K,3.528,
41306-3-0-4.wav,41306,dog_bark,test,US8K,4.0,
41306-3-0-10.wav,41306,dog_bark,test,US8K,4.0,
41306-3-0-13.wav,41306,dog_bark,test,US8K,4.0,
41372-3-0-25.wav,41372,dog_bark,test,US8K,4.0,
41372-3-0-36.wav,41372,dog_bark,test,US8K,4.0,
41372-3-0-39.wav,41372,dog_bark,test,US8K,4.0,
41372-3-0-51.wav,41372,dog_bark,test,US8K,4.0,
413758,413758,dog_bark,test,FSD50K,8.868,
414415,414415,dog_bark,test,FSD50K,6.52,
415023,415023,dog_bark,test,FSD50K,19.482,
4201,4201,dog_bark,test,FSD50K,7.053,
420449,420449,dog_bark,test,FSD50K,0.808,
423119,423119,dog_bark,test,FSD50K,28.607,
424593,424593,dog_bark,test,FSD50K,10.772,
424737,424737,dog_bark,test,FSD50K,6.084,
424740,424740,dog_bark,test,FSD50K,17.624,
424949,424949,dog_bark,test,FSD50K,2.021,
424958,424958,dog_bark,test,FSD50K,15.823,
425662,425662,dog_bark,test,FSD50K,8.673,
425904,425904,dog_bark,test,FSD50K,7.411,
425905,425905,dog_bark,test,FSD50K,10.802,
427152,427152,dog_bark,test,FSD50K,0.317,
427694,427694,dog_bark,test,FSD50K,1.679,
428860,428860,dog_bark,test,FSD50K,5.274,
429260,429260,dog_bark,test,FSD50K,12.0,
434049,434049,dog_bark,test,FSD50K,16.44,
43784,43784,dog_bark,test,FSD50K,4.56,
45390,45390,dog_bark,test,FSD50K,8.0,
45392,45392,dog_bark,test,FSD50K,16.0,
49520,49520,dog_bark,test,FSD50K,16.138,
49809-3-0-0.wav,49809,dog_bark,test,US8K,0.718,
49809-3-3-0.wav,49809,dog_bark,test,US8K,2.771,
49809-3-4-0.wav,49809,dog_bark,test,US8K,1.314,
50336,50336,dog_bark,test,FSD50K,5.527,
50885,50885,dog_bark,test,FSD50K,15.345,
51022-3-7-0.wav,51022,dog_bark,test,US8K,1.091,
51022-3-13-0.wav,51022,dog_bark,test,US8K,1.461,
51022-3-29-0.wav,51022,dog_bark,test,US8K,0.46,
51022-3-30-4.wav,51022,dog_bark,test,US8K,4.0,
51024-3-0-2.wav,51024,dog_bark,test,US8K,4.0,
51024-3-0-3.wav,51024,dog_bark,test,US8K,4.0,
51024-3-0-16.wav,51024,dog_bark,test,US8K,4.0,
51024-3-0-23.wav,51024,dog_bark,test,US8K,4.0,
52077-3-0-3.wav,52077,dog_bark,test,US8K,4.0,
52077-3-0-8.wav,52077,dog_bark,test,US8K,4.0,
52077-3-0-13.wav,52077,dog_bark,test,US8K,4.0,
52077-3-0-17.wav,52077,dog_bark,test,US8K,4.0,
54545,54545,dog_bark,test,FSD50K,10.262,
54858-3-0-0.wav,54858,dog_bark,test,US8K,4.0,
54858-3-1-2.wav,54858,dog_bark,test,US8K,4.0,
54858-3-2-0.wav,54858,dog_bark,test,US8K,0.885,
55005,55005,dog_bark,test,FSD50K,13.12,
57553,57553,dog_bark,test,FSD50K,14.28,
57596,57596,dog_bark,test,FSD50K,10.927,
58382,58382,dog_bark,test,FSD50K,6.07,
59513,59513,dog_bark,test,FSD50K,23.721,
62327,62327,dog_bark,test,FSD50K,4.608,
62335,62335,dog_bark,test,FSD50K,16.241,
63261,63261,dog_bark,test,FSD50K,7.016,
63292-3-0-0.wav,63292,dog_bark,test,US8K,4.0,
63292-3-0-1.wav,63292,dog_bark,test,US8K,4.0,
64460,64460,dog_bark,test,FSD50K,16.897,
66587-3-0-0.wav,66587,dog_bark,test,US8K,0.516,
66587-3-1-0.wav,66587,dog_bark,test,US8K,0.351,
66587-3-2-0.wav,66587,dog_bark,test,US8K,0.516,
66587-3-3-0.wav,66587,dog_bark,test,US8K,0.488,
67049,67049,dog_bark,test,FSD50K,8.74,
68389,68389,dog_bark,test,FSD50K,9.79,
69661-3-0-14.wav,69661,dog_bark,test,US8K,4.0,
69661-3-0-23.wav,69661,dog_bark,test,US8K,4.0,
69661-3-0-29.wav,69661,dog_bark,test,US8K,4.0,
69662,69662,dog_bark,test,FSD50K,11.207,
69777,69777,dog_bark,test,FSD50K,9.917,
71312-3-0-1.wav,71312,dog_bark,test,US8K,4.0,
71312-3-0-2.wav,71312,dog_bark,test,US8K,4.0,
71312-3-0-4.wav,71312,dog_bark,test,US8K,4.0,
71312-3-0-5.wav,71312,dog_bark,test,US8K,4.0,
72220-3-0-0.wav,72220,dog_bark,test,US8K,3.045,
72220-3-2-2.wav,72220,dog_bark,test,US8K,4.0,
72220-3-2-3.wav,72220,dog_bark,test,US8K,4.0,
72220-3-2-4.wav,72220,dog_bark,test,US8K,4.0,
72579,72579,dog_bark,test,FSD50K,16.405,
72712,72712,dog_bark,test,FSD50K,13.854,
72723,72723,dog_bark,test,FSD50K,1.437,
73373,73373,dog_bark,test,FSD50K,2.927,
74723,74723,dog_bark,test,FSD50K,8.884,
76220,76220,dog_bark,test,FSD50K,25.947,
77674,77674,dog_bark,test,FSD50K,5.726,
77927-3-0-0.wav,77927,dog_bark,test,US8K,4.0,
77927-3-0-1.wav,77927,dog_bark,test,US8K,4.0,
77927-3-0-2.wav,77927,dog_bark,test,US8K,4.0,
77927-3-1-1.wav,77927,dog_bark,test,US8K,4.0,
77930,77930,dog_bark,test,FSD50K,4.1,
79101,79101,dog_bark,test,FSD50K,21.186,
7965-3-3-0.wav,7965,dog_bark,test,US8K,1.189,
7965-3-11-0.wav,7965,dog_bark,test,US8K,1.35,
7965-3-16-0.wav,7965,dog_bark,test,US8K,1.879,
7965-3-22-0.wav,7965,dog_bark,test,US8K,2.926,
7975-3-0-0.wav,7975,dog_bark,test,US8K,4.0,
81791-3-0-0.wav,81791,dog_bark,test,US8K,4.0,
81791-3-0-1.wav,81791,dog_bark,test,US8K,4.0,
81791-3-1-0.wav,81791,dog_bark,test,US8K,1.332,
81904,81904,dog_bark,test,FSD50K,10.355,
82811-3-0-1.wav,82811,dog_bark,test,US8K,4.0,
82811-3-0-2.wav,82811,dog_bark,test,US8K,4.0,
82811-3-3-0.wav,82811,dog_bark,test,US8K,2.476,
82811-3-4-0.wav,82811,dog_bark,test,US8K,4.0,
84649,84649,dog_bark,test,FSD50K,3.321,
84653,84653,dog_bark,test,FSD50K,0.943,
84654,84654,dog_bark,test,FSD50K,1.771,
84660,84660,dog_bark,test,FSD50K,3.512,
84663,84663,dog_bark,test,FSD50K,2.089,
84664,84664,dog_bark,test,FSD50K,1.162,
84666,84666,dog_bark,test,FSD50K,1.268,
85574-3-0-0.wav,85574,dog_bark,test,US8K,4.0,
85574-3-0-2.wav,85574,dog_bark,test,US8K,4.0,
85574-3-0-8.wav,85574,dog_bark,test,US8K,4.0,
85574-3-0-12.wav,85574,dog_bark,test,US8K,4.0,
85661,85661,dog_bark,test,FSD50K,1.15,
85665,85665,dog_bark,test,FSD50K,1.359,
86279,86279,dog_bark,test,FSD50K,4.461,
86284,86284,dog_bark,test,FSD50K,27.351,
89207-3-0-0.wav,89207,dog_bark,test,US8K,0.361,
89210,89210,dog_bark,test,FSD50K,2.472,
89211,89211,dog_bark,test,FSD50K,2.064,
89213,89213,dog_bark,test,FSD50K,1.613,
9032-3-0-0.wav,9032,dog_bark,test,US8K,0.351,
9032-3-1-0.wav,9032,dog_bark,test,US8K,0.622,
9032-3-2-0.wav,9032,dog_bark,test,US8K,0.928,
5-9032-A-0.wav,9032,dog_bark,test,ESC-50,5.0,
91113,91113,dog_bark,test,FSD50K,16.999,
94217,94217,dog_bark,test,FSD50K,19.853,
97392,97392,dog_bark,test,FSD50K,2.774,
97756,97756,dog_bark,test,FSD50K,9.511,
98843,98843,dog_bark,test,FSD50K,27.697,
99185,99185,dog_bark,test,FSD50K,2.922,
100124,100124,dog_bark,train,FSD50K,18.939,
100652-3-0-0.wav,100652,dog_bark,train,US8K,4.0,
100652-3-0-1.wav,100652,dog_bark,train,US8K,4.0,
100652-3-0-2.wav,100652,dog_bark,train,US8K,4.0,
100652-3-0-3.wav,100652,dog_bark,train,US8K,4.0,
100795,100795,dog_bark,train,FSD50K,22.257,
101281-3-0-0.wav,101281,dog_bark,train,US8K,4.0,
101281-3-0-5.wav,101281,dog_bark,train,US8K,4.0,
101281-3-0-14.wav,101281,dog_bark,train,US8K,4.0,
101415-3-0-2.wav,101415,dog_bark,train,US8K,4.0,
101415-3-0-3.wav,101415,dog_bark,train,US8K,4.0,
101415-3-0-8.wav,101415,dog_bark,train,US8K,4.0,
102102-3-0-0.wav,102102,dog_bark,train,US8K,3.1,
102104-3-0-0.wav,102104,dog_bark,train,US8K,0.812,
102105-3-0-0.wav,102105,dog_bark,train,US8K,4.0,
102106-3-0-0.wav,102106,dog_bark,train,US8K,1.641,
102842-3-0-1.wav,102842,dog_bark,train,US8K,4.0,
102842-3-1-0.wav,102842,dog_bark,train,US8K,4.0,
102842-3-1-5.wav,102842,dog_bark,train,US8K,4.0,
102842-3-1-6.wav,102842,dog_bark,train,US8K,4.0,
103300,103300,dog_bark,train,FSD50K,22.68,
103303,103303,dog_bark,train,FSD50K,18.26,
105319-3-0-22.wav,105319,dog_bark,train,US8K,4.0,
105319-3-0-29.wav,105319,dog_bark,train,US8K,4.0,
105319-3-0-39.wav,105319,dog_bark,train,US8K,4.0,
106582,106582,dog_bark,train,FSD50K,28.056,
107190,107190,dog_bark,train,FSD50K,0.795,
108187-3-2-0.wav,108187,dog_bark,train,US8K,0.495,
108187-3-3-0.wav,108187,dog_bark,train,US8K,1.083,
108187-3-4-0.wav,108187,dog_bark,train,US8K,1.393,
108187-3-6-0.wav,108187,dog_bark,train,US8K,1.702,
108631,108631,dog_bark,train,FSD50K,18.28,
109233-3-0-3.wav,109233,dog_bark,train,US8K,4.0,
109233-3-0-4.wav,109233,dog_bark,train,US8K,4.0,
109233-3-0-5.wav,109233,dog_bark,train,US8K,4.0,
109233-3-0-6.wav,109233,dog_bark,train,US8K,4.0,
109711-3-1-0.wav,109711,dog_bark,train,US8K,2.367,
109711-3-2-4.wav,109711,dog_bark,train,US8K,4.0,
109711-3-2-6.wav,109711,dog_bark,train,US8K,4.0,
110134,110134,dog_bark,train,FSD50K,1.13,
110371,110371,dog_bark,train,FSD50K,23.178,
110688-3-0-2.wav,110688,dog_bark,train,US8K,4.0,
110688-3-0-11.wav,110688,dog_bark,train,US8K,4.0,
110688-3-0-17.wav,110688,dog_bark,train,US8K,4.0,
110688-3-0-32.wav,110688,dog_bark,train,US8K,4.0,
114280,114280,dog_bark,train,FSD50K,6.007,
114587-3-0-2.wav,114587,dog_bark,train,US8K,4.0,
114587-3-0-4.wav,114587,dog_bark,train,US8K,4.0,
114587-3-0-5.wav,114587,dog_bark,train,US8K,4.0,
114587-3-0-7.wav,114587,dog_bark,train,US8K,4.0,
2-114587-A-0.wav,114587,dog_bark,train,ESC-50,5.0,
115357,115357,dog_bark,train,FSD50K,20.794,
115411-3-0-0.wav,115411,dog_bark,train,US8K,1.022,
115411-3-2-0.wav,115411,dog_bark,train,US8K,3.62,
115411-3-3-0.wav,115411,dog_bark,train,US8K,4.0,
115423,115423,dog_bark,train,FSD50K,10.548,
116483-3-0-1.wav,116483,dog_bark,train,US8K,4.0,
116483-3-0-2.wav,116483,dog_bark,train,US8K,4.0,
116483-3-1-0.wav,116483,dog_bark,train,US8K,4.0,
116483-3-1-2.wav,116483,dog_bark,train,US8K,4.0,
116484-3-0-6.wav,116484,dog_bark,train,US8K,4.0,
116484-3-0-8.wav,116484,dog_bark,train,US8K,4.0,
116484-3-0-12.wav,116484,dog_bark,train,US8K,4.0,
116484-3-0-16.wav,116484,dog_bark,train,US8K,4.0,
116485-3-0-4.wav,116485,dog_bark,train,US8K,4.0,
116485-3-0-6.wav,116485,dog_bark,train,US8K,4.0,
116485-3-2-0.wav,116485,dog_bark,train,US8K,4.0,
116485-3-2-4.wav,116485,dog_bark,train,US8K,4.0,
117048-3-0-17.wav,117048,dog_bark,train,US8K,4.0,
117048-3-0-23.wav,117048,dog_bark,train,US8K,4.0,
117048-3-0-25.wav,117048,dog_bark,train,US8K,4.0,
117048-3-0-35.wav,117048,dog_bark,train,US8K,4.0,
117072-3-0-8.wav,117072,dog_bark,train,US8K,4.0,
117072-3-0-11.wav,117072,dog_bark,train,US8K,4.0,
117072-3-0-14.wav,117072,dog_bark,train,US8K,4.0,
117072-3-0-19.wav,117072,dog_bark,train,US8K,4.0,
118587-3-0-2.wav,118587,dog_bark,train,US8K,4.0,
118587-3-0-6.wav,118587,dog_bark,train,US8K,4.0,
118587-3-0-21.wav,118587,dog_bark,train,US8K,4.0,
118961,118961,dog_bark,train,FSD50K,0.771,
118962,118962,dog_bark,train,FSD50K,2.13,
118963,118963,dog_bark,train,FSD50K,0.52,
118964,118964,dog_bark,train,FSD50K,1.104,
118965,118965,dog_bark,train,FSD50K,4.461,
118966,118966,dog_bark,train,FSD50K,4.473,
118967,118967,dog_bark,train,FSD50K,8.39,
118969,118969,dog_bark,train,FSD50K,4.36,
118970,118970,dog_bark,train,FSD50K,2.61,
119420,119420,dog_bark,train,FSD50K,7.04,
120960,120960,dog_bark,train,FSD50K,4.99,
121888,121888,dog_bark,train,FSD50K,0.75,
121889,121889,dog_bark,train,FSD50K,2.021,
121890,121890,dog_bark,train,FSD50K,2.255,
2-122104-A-0.wav,122104,dog_bark,train,ESC-50,5.0,
2-122104-B-0.wav,122104,dog_bark,train,ESC-50,5.0,
122199-3-1-1.wav,122199,dog_bark,train,US8K,4.0,
122199-3-1-2.wav,122199,dog_bark,train,US8K,4.0,
122199-3-1-3.wav,122199,dog_bark,train,US8K,4.0,
122199-3-1-6.wav,122199,dog_bark,train,US8K,4.0,
125523-3-0-1.wav,125523,dog_bark,train,US8K,4.0,
125523-3-0-3.wav,125523,dog_bark,train,US8K,4.0,
125523-3-0-11.wav,125523,dog_bark,train,US8K,4.0,
125554,125554,dog_bark,train,FSD50K,2.774,
125574,125574,dog_bark,train,FSD50K,1.451,
125577,125577,dog_bark,train,FSD50K,1.835,
125791-3-0-9.wav,125791,dog_bark,train,US8K,4.0,
125791-3-0-12.wav,125791,dog_bark,train,US8K,4.0,
125791-3-0-13.wav,125791,dog_bark,train,US8K,4.0,
125791-3-0-15.wav,125791,dog_bark,train,US8K,4.0,
12647,12647,dog_bark,train,FSD50K,12.438,
126521-3-0-2.wav,126521,dog_bark,train,US8K,4.0,
126521-3-0-12.wav,126521,dog_bark,train,US8K,4.0,
126521-3-0-17.wav,126521,dog_bark,train,US8K,4.0,
126521-3-0-18.wav,126521,dog_bark,train,US8K,4.0,
127111,127111,dog_bark,train,FSD50K,8.53,
128028,128028,dog_bark,train,FSD50K,5.112,
128030-3-0-0.wav,128030,dog_bark,train,US8K,0.686,
128030-3-1-0.wav,128030,dog_bark,train,US8K,0.58,
128030-3-2-0.wav,128030,dog_bark,train,US8K,0.52,
128033,128033,dog_bark,train,FSD50K,24.469,
128034,128034,dog_bark,train,FSD50K,2.78,
128035,128035,dog_bark,train,FSD50K,13.702,
128036,128036,dog_bark,train,FSD50K,8.141,
128038,128038,dog_bark,train,FSD50K,3.58,
128040,128040,dog_bark,train,FSD50K,20.437,
128042,128042,dog_bark,train,FSD50K,6.534,
128073,128073,dog_bark,train,FSD50K,20.916,
128130,128130,dog_bark,train,FSD50K,25.651,
128131,128131,dog_bark,train,FSD50K,21.084,
128132,128132,dog_bark,train,FSD50K,23.514,
128134,128134,dog_bark,train,FSD50K,7.759,
128136,128136,dog_bark,train,FSD50K,3.664,
128137,128137,dog_bark,train,FSD50K,23.333,
128469,128469,dog_bark,train,FSD50K,11.626,
128470,128470,dog_bark,train,FSD50K,24.805,
128891,128891,dog_bark,train,FSD50K,29.847,
130025,130025,dog_bark,train,FSD50K,0.628,
130030,130030,dog_bark,train,FSD50K,2.595,
131258,131258,dog_bark,train,FSD50K,12.422,
13577-3-0-0.wav,13577,dog_bark,train,US8K,4.0,
13577-3-0-2.wav,13577,dog_bark,train,US8K,4.0,
13577-3-5-0.wav,13577,dog_bark,train,US8K,4.0,
3-136288-A-0.wav,136288,dog_bark,train,ESC-50,5.0,
137803,137803,dog_bark,train,FSD50K,9.984,
13789,13789,dog_bark,train,FSD50K,1.813,
138015,138015,dog_bark,train,FSD50K,23.354,
139948-3-0-0.wav,139948,dog_bark,train,US8K,3.117,
139948-3-1-0.wav,139948,dog_bark,train,US8K,2.994,
139948-3-2-0.wav,139948,dog_bark,train,US8K,1.312,
139948-3-4-0.wav,139948,dog_bark,train,US8K,1.23,
140776,140776,dog_bark,train,FSD50K,26.047,
142643,142643,dog_bark,train,FSD50K,13.812,
142644,142644,dog_bark,train,FSD50K,20.433,
14358-3-0-7.wav,14358,dog_bark,train,US8K,4.0,
14358-3-0-26.wav,14358,dog_bark,train,US8K,4.0,
14358-3-0-85.wav,14358,dog_bark,train,US8K,4.0,
14358-3-0-90.wav,14358,dog_bark,train,US8K,4.0,
144028,144028,dog_bark,train,FSD50K,11.766,
144885-3-0-0.wav,144885,dog_bark,train,US8K,0.261,
147672,147672,dog_bark,train,FSD50K,4.407,
152588-3-0-0.wav,152588,dog_bark,train,US8K,2.418,
152588-3-1-0.wav,152588,dog_bark,train,US8K,4.0,
152588-3-2-0.wav,152588,dog_bark,train,US8K,2.249,
152588-3-3-0.wav,152588,dog_bark,train,US8K,2.805,
152815,152815,dog_bark,train,FSD50K,3.76,
152816,152816,dog_bark,train,FSD50K,10.774,
152817,152817,dog_bark,train,FSD50K,23.265,
152819,152819,dog_bark,train,FSD50K,20.12,
155294,155294,dog_bark,train,FSD50K,2.681,
155299,155299,dog_bark,train,FSD50K,21.874,
155309,155309,dog_bark,train,FSD50K,1.219,
155310,155310,dog_bark,train,FSD50K,2.775,
155311,155311,dog_bark,train,FSD50K,3.692,
155312,155312,dog_bark,train,FSD50K,5.492,
155313,155313,dog_bark,train,FSD50K,4.006,
155314-3-0-1.wav,155314,dog_bark,train,US8K,4.0,
155314-3-0-2.wav,155314,dog_bark,train,US8K,4.0,
155314-3-0-5.wav,155314,dog_bark,train,US8K,4.0,
155315,155315,dog_bark,train,FSD50K,4.528,
155317,155317,dog_bark,train,FSD50K,8.812,
155320-3-0-0.wav,155320,dog_bark,train,US8K,1.14,
155322,155322,dog_bark,train,FSD50K,2.311,
155488-3-0-6.wav,155488,dog_bark,train,US8K,4.0,
155488-3-2-0.wav,155488,dog_bark,train,US8K,4.0,
155488-3-3-0.wav,155488,dog_bark,train,US8K,4.0,
155488-3-3-1.wav,155488,dog_bark,train,US8K,4.0,
155617,155617,dog_bark,train,FSD50K,15.416,
156418,156418,dog_bark,train,FSD50K,17.071,
157322,157322,dog_bark,train,FSD50K,20.192,
157649-3-0-0.wav,157649,dog_bark,train,US8K,4.0,
157649-3-0-1.wav,157649,dog_bark,train,US8K,4.0,
157649-3-1-1.wav,157649,dog_bark,train,US8K,4.0,
157649-3-2-0.wav,157649,dog_bark,train,US8K,4.0,
157950,157950,dog_bark,train,FSD50K,1.41,
158607,158607,dog_bark,train,FSD50K,13.358,
158974,158974,dog_bark,train,FSD50K,3.604,
158975,158975,dog_bark,train,FSD50K,2.914,
158976,158976,dog_bark,train,FSD50K,3.605,
159176-3-0-0.wav,159176,dog_bark,train,US8K,1.184,
159578,159578,dog_bark,train,FSD50K,19.691,
159726,159726,dog_bark,train,FSD50K,8.009,
160092,160092,dog_bark,train,FSD50K,0.429,
160093,160093,dog_bark,train,FSD50K,0.304,
160094,160094,dog_bark,train,FSD50K,0.453,
160366-3-0-4.wav,160366,dog_bark,train,US8K,4.0,
160366-3-0-7.wav,160366,dog_bark,train,US8K,4.0,
160366-3-0-8.wav,160366,dog_bark,train,US8K,4.0,
160366-3-0-13.wav,160366,dog_bark,train,US8K,4.0,
160474,160474,dog_bark,train,FSD50K,18.883,
160476,160476,dog_bark,train,FSD50K,11.444,
160478,160478,dog_bark,train,FSD50K,20.377,
160575-3-0-0.wav,160575,dog_bark,train,US8K,1.035,
160575-3-1-0.wav,160575,dog_bark,train,US8K,1.064,
160575-3-4-0.wav,160575,dog_bark,train,US8K,1.351,
160575-3-7-0.wav,160575,dog_bark,train,US8K,1.323,
161922-3-1-4.wav,161922,dog_bark,train,US8K,4.0,
161922-3-1-5.wav,161922,dog_bark,train,US8K,4.0,
161922-3-1-6.wav,161922,dog_bark,train,US8K,4.0,
161922-3-2-0.wav,161922,dog_bark,train,US8K,3.387,
161923-3-0-0.wav,161923,dog_bark,train,US8K,4.0,
161923-3-0-5.wav,161923,dog_bark,train,US8K,4.0,
161923-3-0-12.wav,161923,dog_bark,train,US8K,4.0,
161923-3-0-19.wav,161923,dog_bark,train,US8K,4.0,
162148,162148,dog_bark,train,FSD50K,0.453,
163276,163276,dog_bark,train,FSD50K,1.107,
163278,163278,dog_bark,train,FSD50K,1.107,
163279,163279,dog_bark,train,FSD50K,1.107,
163280,163280,dog_bark,train,FSD50K,1.107,
163281,163281,dog_bark,train,FSD50K,1.107,
163282,163282,dog_bark,train,FSD50K,1.107,
163459,163459,dog_bark,train,FSD50K,1.954,
164311,164311,dog_bark,train,FSD50K,11.712,
164312-3-0-0.wav,164312,dog_bark,train,US8K,3.451,
164312-3-1-0.wav,164312,dog_bark,train,US8K,1.989,
164312-3-3-0.wav,164312,dog_bark,train,US8K,1.677,
164312-3-4-0.wav,164312,dog_bark,train,US8K,1.701,
165567-3-0-0.wav,165567,dog_bark,train,US8K,4.0,
165567-3-2-0.wav,165567,dog_bark,train,US8K,2.648,
165567-3-3-0.wav,165567,dog_bark,train,US8K,1.863,
165567-3-4-0.wav,165567,dog_bark,train,US8K,1.912,
166421-3-0-5.wav,166421,dog_bark,train,US8K,4.0,
166421-3-0-29.wav,166421,dog_bark,train,US8K,4.0,
166421-3-0-31.wav,166421,dog_bark,train,US8K,4.0,
167487,167487,dog_bark,train,FSD50K,6.799,
169143,169143,dog_bark,train,FSD50K,22.105,
170015,170015,dog_bark,train,FSD50K,2.643,
172652,172652,dog_bark,train,FSD50K,4.762,
173993-3-0-25.wav,173993,dog_bark,train,US8K,4.0,
173993-3-0-39.wav,173993,dog_bark,train,US8K,4.0,
173993-3-0-51.wav,173993,dog_bark,train,US8K,4.0,
173993-3-0-52.wav,173993,dog_bark,train,US8K,4.0,
173994-3-0-3.wav,173994,dog_bark,train,US8K,4.0,
173994-3-0-14.wav,173994,dog_bark,train,US8K,4.0,
173994-3-0-44.wav,173994,dog_bark,train,US8K,4.0,
173994-3-0-45.wav,173994,dog_bark,train,US8K,4.0,
173995-3-0-0.wav,173995,dog_bark,train,US8K,4.0,
173995-3-0-3.wav,173995,dog_bark,train,US8K,4.0,
173995-3-0-11.wav,173995,dog_bark,train,US8K,4.0,
173995-3-0-27.wav,173995,dog_bark,train,US8K,4.0,
174026-3-1-0.wav,174026,dog_bark,train,US8K,4.0,
174026-3-1-1.wav,174026,dog_bark,train,US8K,4.0,
174026-3-1-5.wav,174026,dog_bark,train,US8K,4.0,
174026-3-2-2.wav,174026,dog_bark,train,US8K,4.0,
174994-3-0-0.wav,174994,dog_bark,train,US8K,4.0,
174994-3-0-1.wav,174994,dog_bark,train,US8K,4.0,
174994-3-0-2.wav,174994,dog_bark,train,US8K,4.0,
174994-3-0-4.wav,174994,dog_bark,train,US8K,4.0,
175915-3-0-0.wav,175915,dog_bark,train,US8K,4.0,
175915-3-0-1.wav,175915,dog_bark,train,US8K,4.0,
175915-3-0-3.wav,175915,dog_bark,train,US8K,4.0,
175915-3-1-8.wav,175915,dog_bark,train,US8K,4.0,
175917-3-0-3.wav,175917,dog_bark,train,US8K,4.0,
175917-3-1-1.wav,175917,dog_bark,train,US8K,4.0,
175917-3-2-2.wav,175917,dog_bark,train,US8K,4.0,
175917-3-4-1.wav,175917,dog_bark,train,US8K,4.0,
17615-3-0-0.wav,17615,dog_bark,train,US8K,4.0,
17615-3-0-3.wav,17615,dog_bark,train,US8K,4.0,
17615-3-0-4.wav,17615,dog_bark,train,US8K,4.0,
17615-3-0-6.wav,17615,dog_bark,train,US8K,4.0,
176257-3-0-0.wav,176257,dog_bark,train,US8K,4.0,
176258-3-1-2.wav,176258,dog_bark,train,US8K,4.0,
176258-3-1-12.wav,176258,dog_bark,train,US8K,4.0,
176258-3-1-13.wav,176258,dog_bark,train,US8K,4.0,
176258-3-1-18.wav,176258,dog_bark,train,US8K,4.0,
176783-3-0-3.wav,176783,dog_bark,train,US8K,4.0,
176783-3-0-5.wav,176783,dog_bark,train,US8K,4.0,
176783-3-0-11.wav,176783,dog_bark,train,US8K,4.0,
176783-3-1-0.wav,176783,dog_bark,train,US8K,4.0,
177620-3-0-8.wav,177620,dog_bark,train,US8K,4.0,
177620-3-0-20.wav,177620,dog_bark,train,US8K,4.0,
177620-3-0-21.wav,177620,dog_bark,train,US8K,4.0,
177620-3-0-25.wav,177620,dog_bark,train,US8K,4.0,
178118,178118,dog_bark,train,FSD50K,10.728,
180052,180052,dog_bark,train,FSD50K,20.508,
180256-3-0-0.wav,180256,dog_bark,train,US8K,4.0,
180256-3-0-1.wav,180256,dog_bark,train,US8K,4.0,
180256-3-0-2.wav,180256,dog_bark,train,US8K,4.0,
180256-3-0-3.wav,180256,dog_bark,train,US8K,4.0,
3-180256-A-0.wav,180256,dog_bark,train,ESC-50,5.0,
180941,180941,dog_bark,train,FSD50K,21.869,
180977-3-1-0.wav,180977,dog_bark,train,US8K,4.0,
180977-3-1-1.wav,180977,dog_bark,train,US8K,4.0,
180977-3-1-5.wav,180977,dog_bark,train,US8K,4.0,
3-180977-A-0.wav,180977,dog_bark,train,ESC-50,5.0,
181725-3-0-16.wav,181725,dog_bark,train,US8K,4.0,
181725-3-0-22.wav,181725,dog_bark,train,US8K,4.0,
181725-3-0-37.wav,181725,dog_bark,train,US8K,4.0,
181767,181767,dog_bark,train,FSD50K,23.391,
182395,182395,dog_bark,train,FSD50K,0.861,
18282,18282,dog_bark,train,FSD50K,0.81,
183989-3-1-18.wav,183989,dog_bark,train,US8K,4.0,
183989-3-1-21.wav,183989,dog_bark,train,US8K,4.0,
183989-3-1-23.wav,183989,dog_bark,train,US8K,4.0,
183989-3-1-25.wav,183989,dog_bark,train,US8K,4.0,
183992,183992,dog_bark,train,FSD50K,24.444,
184575-3-0-0.wav,184575,dog_bark,train,US8K,4.0,
184575-3-0-1.wav,184575,dog_bark,train,US8K,4.0,
184575-3-0-2.wav,184575,dog_bark,train,US8K,4.0,
184575-3-0-3.wav,184575,dog_bark,train,US8K,4.0,
4-184575-A-0.wav,184575,dog_bark,train,ESC-50,5.0,
184725,184725,dog_bark,train,FSD50K,24.211,
184880,184880,dog_bark,train,FSD50K,7.524,
18581-3-0-0.wav,18581,dog_bark,train,US8K,4.0,
18581-3-0-5.wav,18581,dog_bark,train,US8K,4.0,
18581-3-1-1.wav,18581,dog_bark,train,US8K,4.0,
18581-3-1-3.wav,18581,dog_bark,train,US8K,4.0,
187378-3-0-7.wav,187378,dog_bark,train,US8K,4.0,
187378-3-0-12.wav,187378,dog_bark,train,US8K,4.0,
187378-3-0-19.wav,187378,dog_bark,train,US8K,4.0,
187378-3-0-30.wav,187378,dog_bark,train,US8K,4.0,
189846-3-0-0.wav,189846,dog_bark,train,US8K,1.117,
189846-3-1-0.wav,189846,dog_bark,train,US8K,1.356,
189846-3-3-0.wav,189846,dog_bark,train,US8K,0.917,
189846-3-4-0.wav,189846,dog_bark,train,US8K,0.798,
189895-3-0-0.wav,189895,dog_bark,train,US8K,4.0,
190996-3-0-0.wav,190996,dog_bark,train,US8K,4.0,
190996-3-0-1.wav,190996,dog_bark,train,US8K,4.0,
190996-3-0-8.wav,190996,dog_bark,train,US8K,4.0,
191382-3-0-0.wav,191382,dog_bark,train,US8K,4.0,
191382-3-0-5.wav,191382,dog_bark,train,US8K,4.0,
191382-3-1-0.wav,191382,dog_bark,train,US8K,4.0,
191382-3-1-1.wav,191382,dog_bark,train,US8K,4.0,
191687-3-0-0.wav,191687,dog_bark,train,US8K,4.0,
191687-3-0-5.wav,191687,dog_bark,train,US8K,4.0,
191687-3-0-11.wav,191687,dog_bark,train,US8K,4.0,
191687-3-0-15.wav,191687,dog_bark,train,US8K,4.0,
4-191687-A-0.wav,191687,dog_bark,train,ESC-50,5.0,
19218-3-0-0.wav,19218,dog_bark,train,US8K,4.0,
192235,192235,dog_bark,train,FSD50K,26.718,
192236-3-0-2.wav,192236,dog_bark,train,US8K,4.0,
192236-3-0-4.wav,192236,dog_bark,train,US8K,4.0,
192236-3-0-6.wav,192236,dog_bark,train,US8K,4.0,
192236-3-0-8.wav,192236,dog_bark,train,US8K,4.0,
4-192236-A-0.wav,192236,dog_bark,train,ESC-50,5.0,
192239,192239,dog_bark,train,FSD50K,24.843,
193394,193394,dog_bark,train,FSD50K,27.938,
194753,194753,dog_bark,train,FSD50K,30.0,
194754,194754,dog_bark,train,FSD50K,10.212,
19496-3-0-0.wav,19496,dog_bark,train,US8K,4.0,
19496-3-1-0.wav,19496,dog_bark,train,US8K,4.0,
19496-3-1-1.wav,19496,dog_bark,train,US8K,4.0,
19503-3-0-0.wav,19503,dog_bark,train,US8K,3.96,
19503-3-1-0.wav,19503,dog_bark,train,US8K,2.392,
19503-3-2-0.wav,19503,dog_bark,train,US8K,0.697,
196127,196127,dog_bark,train,FSD50K,14.071,
196561-3-0-9.wav,196561,dog_bark,train,US8K,4.0,
196561-3-0-16.wav,196561,dog_bark,train,US8K,4.0,
196561-3-0-29.wav,196561,dog_bark,train,US8K,4.0,
196561-3-0-44.wav,196561,dog_bark,train,US8K,4.0,
197073-3-0-0.wav,197073,dog_bark,train,US8K,0.658,
197073-3-3-0.wav,197073,dog_bark,train,US8K,0.957,
197073-3-4-3.wav,197073,dog_bark,train,US8K,4.0,
197073-3-7-0.wav,197073,dog_bark,train,US8K,4.0,
197074-3-0-4.wav,197074,dog_bark,train,US8K,4.0,
197074-3-0-5.wav,197074,dog_bark,train,US8K,4.0,
197074-3-0-6.wav,197074,dog_bark,train,US8K,4.0,
197075-3-1-1.wav,197075,dog_bark,train,US8K,4.0,
197075-3-4-1.wav,197075,dog_bark,train,US8K,4.0,
197075-3-6-0.wav,197075,dog_bark,train,US8K,4.0,
197075-3-7-5.wav,197075,dog_bark,train,US8K,4.0,
197080-3-0-1.wav,197080,dog_bark,train,US8K,4.0,
197080-3-0-6.wav,197080,dog_bark,train,US8K,4.0,
197080-3-0-7.wav,197080,dog_bark,train,US8K,4.0,
197080-3-1-0.wav,197080,dog_bark,train,US8K,4.0,
197243,197243,dog_bark,train,FSD50K,4.4,
200161-3-6-0.wav,200161,dog_bark,train,US8K,4.0,
200161-3-6-3.wav,200161,dog_bark,train,US8K,4.0,
200161-3-6-4.wav,200161,dog_bark,train,US8K,4.0,
200161-3-7-0.wav,200161,dog_bark,train,US8K,0.764,
20285-3-0-0.wav,20285,dog_bark,train,US8K,4.0,
20285-3-1-0.wav,20285,dog_bark,train,US8K,4.0,
20285-3-1-1.wav,20285,dog_bark,train,US8K,4.0,
20285-3-2-0.wav,20285,dog_bark,train,US8K,0.552,
203356-3-0-0.wav,203356,dog_bark,train,US8K,4.0,
203356-3-0-1.wav,203356,dog_bark,train,US8K,4.0,
203356-3-0-2.wav,203356,dog_bark,train,US8K,4.0,
203356-3-0-3.wav,203356,dog_bark,train,US8K,4.0,
203440-3-0-0.wav,203440,dog_bark,train,US8K,4.0,
203440-3-0-1.wav,203440,dog_bark,train,US8K,4.0,
203440-3-0-5.wav,203440,dog_bark,train,US8K,4.0,
203440-3-0-6.wav,203440,dog_bark,train,US8K,4.0,
203516-3-0-0.wav,203516,dog_bark,train,US8K,1.938,
204773-3-7-1.wav,204773,dog_bark,train,US8K,4.0,
204773-3-8-0.wav,204773,dog_bark,train,US8K,4.0,
204773-3-9-0.wav,204773,dog_bark,train,US8K,4.0,
204773-3-9-1.wav,204773,dog_bark,train,US8K,4.0,
204919-3-0-0.wav,204919,dog_bark,train,US8K,2.09,
204919-3-1-0.wav,204919,dog_bark,train,US8K,4.0,
204919-3-3-0.wav,204919,dog_bark,train,US8K,0.972,
204919-3-4-0.wav,204919,dog_bark,train,US8K,1.03,
207369-3-0-0.wav,207369,dog_bark,train,US8K,0.952,
208031,208031,dog_bark,train,FSD50K,16.763,
208033,208033,dog_bark,train,FSD50K,3.572,
20841-3-2-0.wav,20841,dog_bark,train,US8K,0.828,
20841-3-3-0.wav,20841,dog_bark,train,US8K,1.159,
20841-3-4-0.wav,20841,dog_bark,train,US8K,1.159,
20841-3-6-0.wav,20841,dog_bark,train,US8K,0.615,
208650,208650,dog_bark,train,FSD50K,3.989,
208651,208651,dog_bark,train,FSD50K,6.827,
211548,211548,dog_bark,train,FSD50K,0.604,
21233,21233,dog_bark,train,FSD50K,1.872,
213140,213140,dog_bark,train,FSD50K,4.61,
216614,216614,dog_bark,train,FSD50K,17.39,
220901,220901,dog_bark,train,FSD50K,16.328,
220904,220904,dog_bark,train,FSD50K,0.741,
221206,221206,dog_bark,train,FSD50K,14.987,
221207,221207,dog_bark,train,FSD50K,3.385,
221496,221496,dog_bark,train,FSD50K,17.274,
22347-3-0-0.wav,22347,dog_bark,train,US8K,1.084,
22347-3-1-1.wav,22347,dog_bark,train,US8K,4.0,
22347-3-1-2.wav,22347,dog_bark,train,US8K,4.0,
22347-3-3-0.wav,22347,dog_bark,train,US8K,4.0,
23131-3-0-0.wav,23131,dog_bark,train,US8K,1.109,
23131-3-2-0.wav,23131,dog_bark,train,US8K,0.707,
23131-3-4-0.wav,23131,dog_bark,train,US8K,0.611,
23131-3-5-0.wav,23131,dog_bark,train,US8K,0.627,
231415,231415,dog_bark,train,FSD50K,24.687,
231416,231416,dog_bark,train,FSD50K,25.406,
231419,231419,dog_bark,train,FSD50K,11.348,
232271,232271,dog_bark,train,FSD50K,8.453,
234030,234030,dog_bark,train,FSD50K,7.879,
235864,235864,dog_bark,train,FSD50K,0.5,
235865,235865,dog_bark,train,FSD50K,0.5,
235869,235869,dog_bark,train,FSD50K,0.5,
235871,235871,dog_bark,train,FSD50K,1.0,
235876,235876,dog_bark,train,FSD50K,2.0,
235878,235878,dog_bark,train,FSD50K,1.0,
235879,235879,dog_bark,train,FSD50K,4.0,
235881,235881,dog_bark,train,FSD50K,14.303,
235883,235883,dog_bark,train,FSD50K,0.5,
235884,235884,dog_bark,train,FSD50K,0.5,
235887,235887,dog_bark,train,FSD50K,1.2,
235888,235888,dog_bark,train,FSD50K,1.2,
235889,235889,dog_bark,train,FSD50K,1.0,
235891,235891,dog_bark,train,FSD50K,1.0,
235892,235892,dog_bark,train,FSD50K,1.0,
235913,235913,dog_bark,train,FSD50K,4.416,
235915,235915,dog_bark,train,FSD50K,16.608,
235926,235926,dog_bark,train,FSD50K,4.872,
236011,236011,dog_bark,train,FSD50K,4.162,
236012,236012,dog_bark,train,FSD50K,4.579,
236013,236013,dog_bark,train,FSD50K,2.705,
236014,236014,dog_bark,train,FSD50K,6.06,
236015,236015,dog_bark,train,FSD50K,4.741,
236016,236016,dog_bark,train,FSD50K,0.546,
236017,236017,dog_bark,train,FSD50K,3.4,
236018,236018,dog_bark,train,FSD50K,4.336,
236019,236019,dog_bark,train,FSD50K,2.311,
236020,236020,dog_bark,train,FSD50K,0.471,
236021,236021,dog_bark,train,FSD50K,2.806,
236022,236022,dog_bark,train,FSD50K,2.942,
236023,236023,dog_bark,train,FSD50K,3.477,
236024,236024,dog_bark,train,FSD50K,5.505,
236025,236025,dog_bark,train,FSD50K,2.245,
236026,236026,dog_bark,train,FSD50K,3.98,
236027,236027,dog_bark,train,FSD50K,0.371,
236028,236028,dog_bark,train,FSD50K,3.616,
236029,236029,dog_bark,train,FSD50K,0.595,
236030,236030,dog_bark,train,FSD50K,2.993,
236031,236031,dog_bark,train,FSD50K,3.148,
236032,236032,dog_bark,train,FSD50K,0.511,
236033,236033,dog_bark,train,FSD50K,0.72,
236034,236034,dog_bark,train,FSD50K,9.29,
236035,236035,dog_bark,train,FSD50K,4.075,
236036,236036,dog_bark,train,FSD50K,5.584,
236037,236037,dog_bark,train,FSD50K,2.467,
236039,236039,dog_bark,train,FSD50K,2.624,
236040,236040,dog_bark,train,FSD50K,2.549,
236041,236041,dog_bark,train,FSD50K,0.511,
236042,236042,dog_bark,train,FSD50K,2.404,
236043,236043,dog_bark,train,FSD50K,2.617,
236044,236044,dog_bark,train,FSD50K,0.389,
236046,236046,dog_bark,train,FSD50K,2.711,
236048,236048,dog_bark,train,FSD50K,0.552,
236049,236049,dog_bark,train,FSD50K,2.392,
236050,236050,dog_bark,train,FSD50K,0.597,
236051,236051,dog_bark,train,FSD50K,0.388,
236052,236052,dog_bark,train,FSD50K,1.783,
236053,236053,dog_bark,train,FSD50K,1.87,
236054,236054,dog_bark,train,FSD50K,2.641,
236055,236055,dog_bark,train,FSD50K,4.341,
236056,236056,dog_bark,train,FSD50K,3.396,
236057,236057,dog_bark,train,FSD50K,5.637,
236058,236058,dog_bark,train,FSD50K,2.118,
236060,236060,dog_bark,train,FSD50K,1.266,
236061,236061,dog_bark,train,FSD50K,4.273,
236062,236062,dog_bark,train,FSD50K,3.954,
236063,236063,dog_bark,train,FSD50K,4.248,
236065,236065,dog_bark,train,FSD50K,3.556,
236066,236066,dog_bark,train,FSD50K,0.51,
236067,236067,dog_bark,train,FSD50K,1.792,
236069,236069,dog_bark,train,FSD50K,5.946,
236070,236070,dog_bark,train,FSD50K,5.483,
236071,236071,dog_bark,train,FSD50K,3.781,
236072,236072,dog_bark,train,FSD50K,6.242,
236074,236074,dog_bark,train,FSD50K,0.592,
236075,236075,dog_bark,train,FSD50K,5.513,
236076,236076,dog_bark,train,FSD50K,2.23,
236077,236077,dog_bark,train,FSD50K,4.762,
236078,236078,dog_bark,train,FSD50K,3.249,
236079,236079,dog_bark,train,FSD50K,10.154,
236080,236080,dog_bark,train,FSD50K,8.961,
236081,236081,dog_bark,train,FSD50K,4.767,
236084,236084,dog_bark,train,FSD50K,3.37,
236086,236086,dog_bark,train,FSD50K,0.505,
236087,236087,dog_bark,train,FSD50K,2.293,
236088,236088,dog_bark,train,FSD50K,1.748,
236089,236089,dog_bark,train,FSD50K,3.201,
236090,236090,dog_bark,train,FSD50K,5.106,
236091,236091,dog_bark,train,FSD50K,6.611,
236092,236092,dog_bark,train,FSD50K,5.386,
236094,236094,dog_bark,train,FSD50K,3.791,
236096,236096,dog_bark,train,FSD50K,4.171,
236097,236097,dog_bark,train,FSD50K,3.945,
236098,236098,dog_bark,train,FSD50K,0.462,
236099,236099,dog_bark,train,FSD50K,1.451,
236100,236100,dog_bark,train,FSD50K,3.966,
236101,236101,dog_bark,train,FSD50K,3.639,
236102,236102,dog_bark,train,FSD50K,5.474,
236103,236103,dog_bark,train,FSD50K,3.367,
236104,236104,dog_bark,train,FSD50K,6.097,
236105,236105,dog_bark,train,FSD50K,5.518,
236106,236106,dog_bark,train,FSD50K,0.58,
236107,236107,dog_bark,train,FSD50K,4.09,
236108,236108,dog_bark,train,FSD50K,5.2,
236109,236109,dog_bark,train,FSD50K,0.633,
236110,236110,dog_bark,train,FSD50K,4.341,
236112,236112,dog_bark,train,FSD50K,4.217,
236113,236113,dog_bark,train,FSD50K,5.106,
236114,236114,dog_bark,train,FSD50K,3.571,
236115,236115,dog_bark,train,FSD50K,6.41,
236116,236116,dog_bark,train,FSD50K,4.423,
236117,236117,dog_bark,train,FSD50K,5.02,
236118,236118,dog_bark,train,FSD50K,3.156,
236119,236119,dog_bark,train,FSD50K,4.194,
236120,236120,dog_bark,train,FSD50K,4.365,
236121,236121,dog_bark,train,FSD50K,3.108,
236123,236123,dog_bark,train,FSD50K,3.797,
236124,236124,dog_bark,train,FSD50K,4.778,
236125,236125,dog_bark,train,FSD50K,5.788,
236126,236126,dog_bark,train,FSD50K,1.947,
236127,236127,dog_bark,train,FSD50K,2.473,
236129,236129,dog_bark,train,FSD50K,0.482,
236130,236130,dog_bark,train,FSD50K,2.417,
236131,236131,dog_bark,train,FSD50K,0.575,
236132,236132,dog_bark,train,FSD50K,4.522,
236134,236134,dog_bark,train,FSD50K,2.914,
236135,236135,dog_bark,train,FSD50K,2.668,
236136,236136,dog_bark,train,FSD50K,4.363,
236137,236137,dog_bark,train,FSD50K,3.33,
236138,236138,dog_bark,train,FSD50K,4.818,
236139,236139,dog_bark,train,FSD50K,4.782,
236140,236140,dog_bark,train,FSD50K,5.557,
236141,236141,dog_bark,train,FSD50K,4.798,
236142,236142,dog_bark,train,FSD50K,3.731,
236143,236143,dog_bark,train,FSD50K,4.867,
236144,236144,dog_bark,train,FSD50K,2.615,
236146,236146,dog_bark,train,FSD50K,2.958,
236149,236149,dog_bark,train,FSD50K,3.685,
236150,236150,dog_bark,train,FSD50K,0.552,
236151,236151,dog_bark,train,FSD50K,3.558,
236152,236152,dog_bark,train,FSD50K,5.183,
236153,236153,dog_bark,train,FSD50K,5.445,
236154,236154,dog_bark,train,FSD50K,3.342,
236155,236155,dog_bark,train,FSD50K,0.525,
236156,236156,dog_bark,train,FSD50K,2.976,
236157,236157,dog_bark,train,FSD50K,2.467,
236158,236158,dog_bark,train,FSD50K,0.461,
236159,236159,dog_bark,train,FSD50K,0.546,
236160,236160,dog_bark,train,FSD50K,4.588,
236161,236161,dog_bark,train,FSD50K,4.695,
236162,236162,dog_bark,train,FSD50K,3.6,
236163,236163,dog_bark,train,FSD50K,0.327,
236164,236164,dog_bark,train,FSD50K,5.443,
236165,236165,dog_bark,train,FSD50K,3.98,
236167,236167,dog_bark,train,FSD50K,3.995,
236169,236169,dog_bark,train,FSD50K,5.138,
236170,236170,dog_bark,train,FSD50K,1.18,
236172,236172,dog_bark,train,FSD50K,3.414,
236173,236173,dog_bark,train,FSD50K,5.431,
236175,236175,dog_bark,train,FSD50K,1.814,
236176,236176,dog_bark,train,FSD50K,2.363,
236178,236178,dog_bark,train,FSD50K,3.233,
236179,236179,dog_bark,train,FSD50K,3.456,
236180,236180,dog_bark,train,FSD50K,4.301,
236181,236181,dog_bark,train,FSD50K,4.084,
236182,236182,dog_bark,train,FSD50K,0.546,
236183,236183,dog_bark,train,FSD50K,4.986,
236184,236184,dog_bark,train,FSD50K,2.589,
236185,236185,dog_bark,train,FSD50K,2.852,
236186,236186,dog_bark,train,FSD50K,2.668,
236187,236187,dog_bark,train,FSD50K,2.322,
236188,236188,dog_bark,train,FSD50K,2.785,
236189,236189,dog_bark,train,FSD50K,4.891,
236190,236190,dog_bark,train,FSD50K,4.893,
236192,236192,dog_bark,train,FSD50K,5.45,
236193,236193,dog_bark,train,FSD50K,5.014,
236194,236194,dog_bark,train,FSD50K,7.186,
236195,236195,dog_bark,train,FSD50K,6.609,
236196,236196,dog_bark,train,FSD50K,0.633,
236197,236197,dog_bark,train,FSD50K,2.711,
236198,236198,dog_bark,train,FSD50K,6.567,
236199,236199,dog_bark,train,FSD50K,6.49,
236200,236200,dog_bark,train,FSD50K,3.045,
236201,236201,dog_bark,train,FSD50K,3.112,
236202,236202,dog_bark,train,FSD50K,2.278,
236203,236203,dog_bark,train,FSD50K,2.653,
236205,236205,dog_bark,train,FSD50K,0.511,
236206,236206,dog_bark,train,FSD50K,0.391,
236207,236207,dog_bark,train,FSD50K,2.386,
236209,236209,dog_bark,train,FSD50K,0.414,
236211,236211,dog_bark,train,FSD50K,2.23,
236212,236212,dog_bark,train,FSD50K,0.655,
236213,236213,dog_bark,train,FSD50K,2.315,
236214,236214,dog_bark,train,FSD50K,3.918,
236215,236215,dog_bark,train,FSD50K,0.66,
236216,236216,dog_bark,train,FSD50K,3.165,
236217,236217,dog_bark,train,FSD50K,4.791,
236218,236218,dog_bark,train,FSD50K,4.092,
236219,236219,dog_bark,train,FSD50K,0.494,
236220,236220,dog_bark,train,FSD50K,4.22,
236221,236221,dog_bark,train,FSD50K,0.749,
236222,236222,dog_bark,train,FSD50K,0.749,
236223,236223,dog_bark,train,FSD50K,2.808,
236224,236224,dog_bark,train,FSD50K,4.076,
236225,236225,dog_bark,train,FSD50K,2.123,
236226,236226,dog_bark,train,FSD50K,1.394,
236228,236228,dog_bark,train,FSD50K,2.033,
236229,236229,dog_bark,train,FSD50K,1.516,
236230,236230,dog_bark,train,FSD50K,1.116,
236231,236231,dog_bark,train,FSD50K,6.96,
236232,236232,dog_bark,train,FSD50K,3.616,
236233,236233,dog_bark,train,FSD50K,3.17,
236234,236234,dog_bark,train,FSD50K,2.833,
236235,236235,dog_bark,train,FSD50K,0.546,
236236,236236,dog_bark,train,FSD50K,4.063,
236237,236237,dog_bark,train,FSD50K,3.964,
236238,236238,dog_bark,train,FSD50K,2.794,
236240,236240,dog_bark,train,FSD50K,3.518,
236242,236242,dog_bark,train,FSD50K,1.666,
236243,236243,dog_bark,train,FSD50K,0.598,
236244,236244,dog_bark,train,FSD50K,4.611,
236249,236249,dog_bark,train,FSD50K,3.594,
236250,236250,dog_bark,train,FSD50K,3.155,
236251,236251,dog_bark,train,FSD50K,2.433,
236252,236252,dog_bark,train,FSD50K,4.693,
236253,236253,dog_bark,train,FSD50K,0.505,
236255,236255,dog_bark,train,FSD50K,0.585,
236256,236256,dog_bark,train,FSD50K,2.346,
236257,236257,dog_bark,train,FSD50K,6.53,
236258,236258,dog_bark,train,FSD50K,4.512,
236259,236259,dog_bark,train,FSD50K,4.718,
236260,236260,dog_bark,train,FSD50K,6.121,
236261,236261,dog_bark,train,FSD50K,4.79,
236262,236262,dog_bark,train,FSD50K,4.301,
236263,236263,dog_bark,train,FSD50K,3.878,
236264,236264,dog_bark,train,FSD50K,2.827,
236265,236265,dog_bark,train,FSD50K,4.041,
236266,236266,dog_bark,train,FSD50K,5.59,
236267,236267,dog_bark,train,FSD50K,3.013,
236268,236268,dog_bark,train,FSD50K,4.196,
236269,236269,dog_bark,train,FSD50K,3.771,
236270,236270,dog_bark,train,FSD50K,4.157,
236271,236271,dog_bark,train,FSD50K,4.283,
236273,236273,dog_bark,train,FSD50K,3.001,
236276,236276,dog_bark,train,FSD50K,2.427,
236277,236277,dog_bark,train,FSD50K,2.55,
236278,236278,dog_bark,train,FSD50K,0.587,
236279,236279,dog_bark,train,FSD50K,3.923,
236280,236280,dog_bark,train,FSD50K,6.37,
236281,236281,dog_bark,train,FSD50K,7.484,
236967,236967,dog_bark,train,FSD50K,1.157,
238565,238565,dog_bark,train,FSD50K,15.336,
239120,239120,dog_bark,train,FSD50K,5.647,
239456,239456,dog_bark,train,FSD50K,19.158,
242402,242402,dog_bark,train,FSD50K,2.089,
242403,242403,dog_bark,train,FSD50K,0.885,
242414,242414,dog_bark,train,FSD50K,1.165,
244379,244379,dog_bark,train,FSD50K,27.307,
244469,244469,dog_bark,train,FSD50K,12.926,
244470,244470,dog_bark,train,FSD50K,12.744,
245024,245024,dog_bark,train,FSD50K,11.557,
245114,245114,dog_bark,train,FSD50K,29.838,
245666,245666,dog_bark,train,FSD50K,29.716,
248315,248315,dog_bark,train,FSD50K,29.686,
24965-3-0-0.wav,24965,dog_bark,train,US8K,0.5,
24965-3-1-0.wav,24965,dog_bark,train,US8K,0.553,
24965-3-2-0.wav,24965,dog_bark,train,US8K,0.604,
24965-3-3-0.wav,24965,dog_bark,train,US8K,0.483,
252678,252678,dog_bark,train,FSD50K,8.935,
254190,254190,dog_bark,train,FSD50K,15.73,
254191,254191,dog_bark,train,FSD50K,10.07,
254192,254192,dog_bark,train,FSD50K,4.502,
25451,25451,dog_bark,train,FSD50K,7.921,
254662,254662,dog_bark,train,FSD50K,24.954,
257585,257585,dog_bark,train,FSD50K,10.162,
257824,257824,dog_bark,train,FSD50K,2.56,
260248,260248,dog_bark,train,FSD50K,4.662,
261286,261286,dog_bark,train,FSD50K,5.111,
262007,262007,dog_bark,train,FSD50K,4.5,
262275,262275,dog_bark,train,FSD50K,0.489,
26256-3-4-0.wav,26256,dog_bark,train,US8K,4.0,
26256-3-5-22.wav,26256,dog_bark,train,US8K,4.0,
26256-3-6-6.wav,26256,dog_bark,train,US8K,4.0,
26256-3-7-36.wav,26256,dog_bark,train,US8K,4.0,
264332,264332,dog_bark,train,FSD50K,6.009,
264833,264833,dog_bark,train,FSD50K,1.15,
266511,266511,dog_bark,train,FSD50K,19.375,
268019,268019,dog_bark,train,FSD50K,18.315,
269121,269121,dog_bark,train,FSD50K,3.803,
270586,270586,dog_bark,train,FSD50K,2.784,
270590,270590,dog_bark,train,FSD50K,1.819,
27216-3-0-9.wav,27216,dog_bark,train,US8K,4.0,
27216-3-0-18.wav,27216,dog_bark,train,US8K,4.0,
27216-3-0-21.wav,27216,dog_bark,train,US8K,4.0,
27216-3-0-24.wav,27216,dog_bark,train,US8K,4.0,
27217-3-0-6.wav,27217,dog_bark,train,US8K,4.0,
27217-3-0-13.wav,27217,dog_bark,train,US8K,4.0,
27217-3-0-22.wav,27217,dog_bark,train,US8K,4.0,
273480,273480,dog_bark,train,FSD50K,5.331,
27349-3-0-2.wav,27349,dog_bark,train,US8K,4.0,
27349-3-0-6.wav,27349,dog_bark,train,US8K,4.0,
27349-3-1-2.wav,27349,dog_bark,train,US8K,4.0,
27349-3-2-1.wav,27349,dog_bark,train,US8K,4.0,
273896,273896,dog_bark,train,FSD50K,2.828,
274841,274841,dog_bark,train,FSD50K,29.348,
276085,276085,dog_bark,train,FSD50K,2.65,
28284,28284,dog_bark,train,FSD50K,22.1,
29936,29936,dog_bark,train,FSD50K,20.416,
29937-3-0-4.wav,29937,dog_bark,train,US8K,4.0,
29937-3-0-6.wav,29937,dog_bark,train,US8K,4.0,
29937-3-0-8.wav,29937,dog_bark,train,US8K,4.0,
29937-3-0-14.wav,29937,dog_bark,train,US8K,4.0,
30226-3-1-0.wav,30226,dog_bark,train,US8K,4.0,
30226-3-1-1.wav,30226,dog_bark,train,US8K,4.0,
30226-3-1-3.wav,30226,dog_bark,train,US8K,4.0,
30226-3-1-5.wav,30226,dog_bark,train,US8K,4.0,
1-30226-A-0.wav,30226,dog_bark,train,ESC-50,5.0,
30832-3-1-0.wav,30832,dog_bark,train,US8K,1.008,
30832-3-5-1.wav,30832,dog_bark,train,US8K,4.0,
30832-3-7-0.wav,30832,dog_bark,train,US8K,2.142,
30832-3-12-0.wav,30832,dog_bark,train,US8K,1.323,
31323-3-0-1.wav,31323,dog_bark,train,US8K,4.0,
31323-3-0-2.wav,31323,dog_bark,train,US8K,4.0,
31323-3-0-20.wav,31323,dog_bark,train,US8K,4.0,
31323-3-0-22.wav,31323,dog_bark,train,US8K,4.0,
31325-3-1-0.wav,31325,dog_bark,train,US8K,4.0,
31325-3-1-1.wav,31325,dog_bark,train,US8K,4.0,
31325-3-3-6.wav,31325,dog_bark,train,US8K,4.0,
31325-3-4-0.wav,31325,dog_bark,train,US8K,4.0,
317538,317538,dog_bark,train,FSD50K,13.654,
320544,320544,dog_bark,train,FSD50K,14.208,
321127,321127,dog_bark,train,FSD50K,13.388,
321934,321934,dog_bark,train,FSD50K,5.54,
321935,321935,dog_bark,train,FSD50K,5.367,
323015,323015,dog_bark,train,FSD50K,6.035,
325465,325465,dog_bark,train,FSD50K,0.645,
325466,325466,dog_bark,train,FSD50K,0.446,
325467,325467,dog_bark,train,FSD50K,0.81,
325468,325468,dog_bark,train,FSD50K,0.782,
325469,325469,dog_bark,train,FSD50K,0.732,
325470,325470,dog_bark,train,FSD50K,0.424,
325473,325473,dog_bark,train,FSD50K,0.43,
325475,325475,dog_bark,train,FSD50K,0.645,
325476,325476,dog_bark,train,FSD50K,0.69,
325479,325479,dog_bark,train,FSD50K,0.574,
325481,325481,dog_bark,train,FSD50K,0.722,
327813,327813,dog_bark,train,FSD50K,10.447,
32794,32794,dog_bark,train,FSD50K,1.503,
32795,32795,dog_bark,train,FSD50K,0.777,
328728,328728,dog_bark,train,FSD50K,4.328,
331449,331449,dog_bark,train,FSD50K,9.095,
332173,332173,dog_bark,train,FSD50K,19.197,
332175,332175,dog_bark,train,FSD50K,3.273,
332176,332176,dog_bark,train,FSD50K,4.117,
333914,333914,dog_bark,train,FSD50K,5.059,
336217,336217,dog_bark,train,FSD50K,6.606,
33696-3-0-0.wav,33696,dog_bark,train,US8K,2.769,
33696-3-4-0.wav,33696,dog_bark,train,US8K,4.0,
33696-3-4-1.wav,33696,dog_bark,train,US8K,4.0,
33696-3-6-1.wav,33696,dog_bark,train,US8K,4.0,
337167,337167,dog_bark,train,FSD50K,13.09,
341018,341018,dog_bark,train,FSD50K,0.465,
341041,341041,dog_bark,train,FSD50K,0.906,
341090,341090,dog_bark,train,FSD50K,20.324,
341178,341178,dog_bark,train,FSD50K,10.156,
34153,34153,dog_bark,train,FSD50K,26.436,
341792,341792,dog_bark,train,FSD50K,10.601,
342250,342250,dog_bark,train,FSD50K,1.347,
342264,342264,dog_bark,train,FSD50K,8.0,
344,344,dog_bark,train,FSD50K,9.715,
346933,346933,dog_bark,train,FSD50K,24.534,
347763,347763,dog_bark,train,FSD50K,4.48,
348247,348247,dog_bark,train,FSD50K,16.0,
34871-3-6-0.wav,34871,dog_bark,train,US8K,4.0,
34871-3-8-0.wav,34871,dog_bark,train,US8K,2.597,
34871-3-9-0.wav,34871,dog_bark,train,US8K,4.0,
34871-3-11-0.wav,34871,dog_bark,train,US8K,1.69,
34872,34872,dog_bark,train,FSD50K,9.613,
34931-3-0-0.wav,34931,dog_bark,train,US8K,3.915,
350592,350592,dog_bark,train,FSD50K,7.745,
351483,351483,dog_bark,train,FSD50K,19.929,
351876,351876,dog_bark,train,FSD50K,3.568,
352366,352366,dog_bark,train,FSD50K,12.882,
35296,35296,dog_bark,train,FSD50K,19.248,
352983,352983,dog_bark,train,FSD50K,19.61,
352984,352984,dog_bark,train,FSD50K,15.739,
353107,353107,dog_bark,train,FSD50K,3.193,
35628,35628,dog_bark,train,FSD50K,7.08,
35629-3-0-0.wav,35629,dog_bark,train,US8K,2.808,
35629-3-1-0.wav,35629,dog_bark,train,US8K,4.0,
35629-3-2-0.wav,35629,dog_bark,train,US8K,4.0,
35629-3-3-0.wav,35629,dog_bark,train,US8K,1.191,
360411,360411,dog_bark,train,FSD50K,16.627,
364662,364662,dog_bark,train,FSD50K,27.717,
365081,365081,dog_bark,train,FSD50K,15.0,
365089,365089,dog_bark,train,FSD50K,8.0,
365596,365596,dog_bark,train,FSD50K,24.754,
367127,367127,dog_bark,train,FSD50K,16.512,
368186,368186,dog_bark,train,FSD50K,13.181,
369577,369577,dog_bark,train,FSD50K,25.781,
369589,369589,dog_bark,train,FSD50K,24.743,
369648,369648,dog_bark,train,FSD50K,3.29,
369666,369666,dog_bark,train,FSD50K,6.432,
370714,370714,dog_bark,train,FSD50K,22.392,
371279,371279,dog_bark,train,FSD50K,23.835,
372521,372521,dog_bark,train,FSD50K,0.536,
372525,372525,dog_bark,train,FSD50K,0.809,
372526,372526,dog_bark,train,FSD50K,0.817,
372527,372527,dog_bark,train,FSD50K,1.083,
372529,372529,dog_bark,train,FSD50K,1.649,
372530,372530,dog_bark,train,FSD50K,0.645,
372533,372533,dog_bark,train,FSD50K,4.918,
372534,372534,dog_bark,train,FSD50K,0.61,
372535,372535,dog_bark,train,FSD50K,4.122,
372536,372536,dog_bark,train,FSD50K,4.505,
372571,372571,dog_bark,train,FSD50K,4.795,
378334,378334,dog_bark,train,FSD50K,7.908,
37869-3-0-0.wav,37869,dog_bark,train,US8K,0.954,
37869-3-1-0.wav,37869,dog_bark,train,US8K,1.411,
37869-3-3-0.wav,37869,dog_bark,train,US8K,2.206,
37869-3-5-0.wav,37869,dog_bark,train,US8K,1.61,
379205,379205,dog_bark,train,FSD50K,21.939,
379531,379531,dog_bark,train,FSD50K,11.294,
380156,380156,dog_bark,train,FSD50K,28.0,
380350,380350,dog_bark,train,FSD50K,6.122,
381434,381434,dog_bark,train,FSD50K,5.032,
381692,381692,dog_bark,train,FSD50K,23.981,
381799,381799,dog_bark,train,FSD50K,0.542,
38231-3-0-0.wav,38231,dog_bark,train,US8K,0.576,
38231-3-2-0.wav,38231,dog_bark,train,US8K,4.0,
38231-3-3-0.wav,38231,dog_bark,train,US8K,1.471,
38231-3-4-0.wav,38231,dog_bark,train,US8K,2.644,
38236-3-2-2.wav,38236,dog_bark,train,US8K,4.0,
38236-3-2-3.wav,38236,dog_bark,train,US8K,4.0,
38236-3-3-0.wav,38236,dog_bark,train,US8K,3.662,
387683,387683,dog_bark,train,FSD50K,2.947,
387686,387686,dog_bark,train,FSD50K,12.458,
387688,387688,dog_bark,train,FSD50K,2.122,
387689,387689,dog_bark,train,FSD50K,1.822,
387690,387690,dog_bark,train,FSD50K,2.5,
389254,389254,dog_bark,train,FSD50K,2.011,
389291,389291,dog_bark,train,FSD50K,1.664,
389298,389298,dog_bark,train,FSD50K,1.664,
390805,390805,dog_bark,train,FSD50K,17.888,
390852,390852,dog_bark,train,FSD50K,10.571,
393568,393568,dog_bark,train,FSD50K,16.0,
393569,393569,dog_bark,train,FSD50K,7.0,
393570,393570,dog_bark,train,FSD50K,5.0,
393573,393573,dog_bark,train,FSD50K,16.0,
393949,393949,dog_bark,train,FSD50K,8.478,
394704,394704,dog_bark,train,FSD50K,12.072,
395921,395921,dog_bark,train,FSD50K,7.373,
396459,396459,dog_bark,train,FSD50K,22.862,
398430,398430,dog_bark,train,FSD50K,8.058,
398724,398724,dog_bark,train,FSD50K,14.054,
398731,398731,dog_bark,train,FSD50K,5.045,
399184,399184,dog_bark,train,FSD50K,3.392,
399186,399186,dog_bark,train,FSD50K,4.774,
39980,39980,dog_bark,train,FSD50K,10.819,
400380,400380,dog_bark,train,FSD50K,5.006,
400576,400576,dog_bark,train,FSD50K,10.745,
404233,404233,dog_bark,train,FSD50K,2.72,
407131,407131,dog_bark,train,FSD50K,16.984,
408200,408200,dog_bark,train,FSD50K,8.67,
408911,408911,dog_bark,train,FSD50K,20.992,
409187,409187,dog_bark,train,FSD50K,12.346,
410555,410555,dog_bark,train,FSD50K,16.487,
413544,413544,dog_bark,train,FSD50K,1.154,
414350,414350,dog_bark,train,FSD50K,15.483,
418105,418105,dog_bark,train,FSD50K,0.6,
418106,418106,dog_bark,train,FSD50K,0.6,
418107,418107,dog_bark,train,FSD50K,0.6,
418108,418108,dog_bark,train,FSD50K,1.804,
418154,418154,dog_bark,train,FSD50K,27.36,
418155,418155,dog_bark,train,FSD50K,13.4,
418156,418156,dog_bark,train,FSD50K,15.76,
41918-3-0-0.wav,41918,dog_bark,train,US8K,4.0,
41918-3-0-1.wav,41918,dog_bark,train,US8K,4.0,
420447,420447,dog_bark,train,FSD50K,0.577,
420448,420448,dog_bark,train,FSD50K,1.106,
420450,420450,dog_bark,train,FSD50K,0.826,
420451,420451,dog_bark,train,FSD50K,13.016,
420452,420452,dog_bark,train,FSD50K,0.793,
42371-3-0-0.wav,42371,dog_bark,train,US8K,0.997,
427871,427871,dog_bark,train,FSD50K,14.95,
429805,429805,dog_bark,train,FSD50K,6.319,
432755,432755,dog_bark,train,FSD50K,0.384,
432757,432757,dog_bark,train,FSD50K,1.277,
432758,432758,dog_bark,train,FSD50K,1.73,
433697,433697,dog_bark,train,FSD50K,2.884,
433698,433698,dog_bark,train,FSD50K,3.585,
433709,433709,dog_bark,train,FSD50K,14.248,
43786,43786,dog_bark,train,FSD50K,5.952,
43787,43787,dog_bark,train,FSD50K,16.752,
44110-3-0-0.wav,44110,dog_bark,train,US8K,3.216,
44110-3-1-0.wav,44110,dog_bark,train,US8K,0.555,
44110-3-3-0.wav,44110,dog_bark,train,US8K,3.189,
44110-3-4-0.wav,44110,dog_bark,train,US8K,1.636,
44831-3-0-0.wav,44831,dog_bark,train,US8K,4.0,
44831-3-1-0.wav,44831,dog_bark,train,US8K,1.276,
44831-3-2-0.wav,44831,dog_bark,train,US8K,1.454,
45391,45391,dog_bark,train,FSD50K,5.442,
46128,46128,dog_bark,train,FSD50K,4.401,
46129,46129,dog_bark,train,FSD50K,9.613,
47926,47926,dog_bark,train,FSD50K,8.263,
4910,4910,dog_bark,train,FSD50K,0.67,
4911-3-0-0.wav,4911,dog_bark,train,US8K,0.209,
4912,4912,dog_bark,train,FSD50K,2.687,
4916,4916,dog_bark,train,FSD50K,0.895,
4917,4917,dog_bark,train,FSD50K,1.371,
4918,4918,dog_bark,train,FSD50K,8.84,
49808-3-0-6.wav,49808,dog_bark,train,US8K,4.0,
49808-3-1-8.wav,49808,dog_bark,train,US8K,4.0,
49808-3-1-22.wav,49808,dog_bark,train,US8K,4.0,
50223-3-0-1.wav,50223,dog_bark,train,US8K,4.0,
50223-3-0-3.wav,50223,dog_bark,train,US8K,4.0,
50223-3-0-6.wav,50223,dog_bark,train,US8K,4.0,
50223-3-0-10.wav,50223,dog_bark,train,US8K,4.0,
50612,50612,dog_bark,train,FSD50K,0.77,
50613,50613,dog_bark,train,FSD50K,0.539,
50614,50614,dog_bark,train,FSD50K,1.0,
51027-3-0-7.wav,51027,dog_bark,train,US8K,4.0,
51027-3-0-9.wav,51027,dog_bark,train,US8K,4.0,
51027-3-1-1.wav,51027,dog_bark,train,US8K,4.0,
51027-3-1-4.wav,51027,dog_bark,train,US8K,4.0,
52171-3-2-0.wav,52171,dog_bark,train,US8K,0.489,
52171-3-3-0.wav,52171,dog_bark,train,US8K,0.401,
52171-3-6-0.wav,52171,dog_bark,train,US8K,4.0,
52171-3-6-1.wav,52171,dog_bark,train,US8K,4.0,
52441-3-0-0.wav,52441,dog_bark,train,US8K,4.0,
52441-3-0-8.wav,52441,dog_bark,train,US8K,4.0,
52441-3-0-13.wav,52441,dog_bark,train,US8K,4.0,
52441-3-1-2.wav,52441,dog_bark,train,US8K,4.0,
52546,52546,dog_bark,train,FSD50K,28.619,
52633-3-0-1.wav,52633,dog_bark,train,US8K,4.0,
52633-3-0-2.wav,52633,dog_bark,train,US8K,4.0,
52633-3-0-8.wav,52633,dog_bark,train,US8K,4.0,
52633-3-0-9.wav,52633,dog_bark,train,US8K,4.0,
52740-3-0-0.wav,52740,dog_bark,train,US8K,4.0,
52740-3-0-1.wav,52740,dog_bark,train,US8K,4.0,
52740-3-0-2.wav,52740,dog_bark,train,US8K,4.0,
52740-3-0-3.wav,52740,dog_bark,train,US8K,4.0,
54823,54823,dog_bark,train,FSD50K,28.733,
55013,55013,dog_bark,train,FSD50K,20.0,
55065,55065,dog_bark,train,FSD50K,20.123,
55154,55154,dog_bark,train,FSD50K,5.447,
55155,55155,dog_bark,train,FSD50K,3.614,
55156,55156,dog_bark,train,FSD50K,2.258,
55157,55157,dog_bark,train,FSD50K,3.593,
55158,55158,dog_bark,train,FSD50K,3.256,
55365,55365,dog_bark,train,FSD50K,18.965,
57105-3-0-1.wav,57105,dog_bark,train,US8K,4.0,
57105-3-1-0.wav,57105,dog_bark,train,US8K,4.0,
57105-3-4-2.wav,57105,dog_bark,train,US8K,4.0,
57105-3-4-4.wav,57105,dog_bark,train,US8K,4.0,
57877,57877,dog_bark,train,FSD50K,1.984,
57963,57963,dog_bark,train,FSD50K,19.47,
59800-3-0-0.wav,59800,dog_bark,train,US8K,3.506,
59800-3-1-0.wav,59800,dog_bark,train,US8K,4.0,
59800-3-2-0.wav,59800,dog_bark,train,US8K,1.862,
59800-3-3-1.wav,59800,dog_bark,train,US8K,4.0,
60992,60992,dog_bark,train,FSD50K,27.847,
61077-3-0-0.wav,61077,dog_bark,train,US8K,1.442,
61077-3-1-0.wav,61077,dog_bark,train,US8K,2.04,
61077-3-2-0.wav,61077,dog_bark,train,US8K,3.693,
61077-3-3-0.wav,61077,dog_bark,train,US8K,4.0,
61250-3-0-31.wav,61250,dog_bark,train,US8K,4.0,
61250-3-0-36.wav,61250,dog_bark,train,US8K,4.0,
61250-3-0-47.wav,61250,dog_bark,train,US8K,4.0,
61250-3-0-62.wav,61250,dog_bark,train,US8K,4.0,
61702,61702,dog_bark,train,FSD50K,14.603,
62048,62048,dog_bark,train,FSD50K,17.801,
63932-3-0-1.wav,63932,dog_bark,train,US8K,4.0,
63932-3-0-2.wav,63932,dog_bark,train,US8K,4.0,
63932-3-1-0.wav,63932,dog_bark,train,US8K,4.0,
63932-3-1-1.wav,63932,dog_bark,train,US8K,4.0,
6457,6457,dog_bark,train,FSD50K,17.554,
65381-3-0-3.wav,65381,dog_bark,train,US8K,4.0,
65381-3-0-6.wav,65381,dog_bark,train,US8K,4.0,
65381-3-0-7.wav,65381,dog_bark,train,US8K,4.0,
65745-3-0-21.wav,65745,dog_bark,train,US8K,4.0,
65745-3-0-49.wav,65745,dog_bark,train,US8K,4.0,
65745-3-0-61.wav,65745,dog_bark,train,US8K,4.0,
65745-3-0-88.wav,65745,dog_bark,train,US8K,4.0,
65749-3-1-9.wav,65749,dog_bark,train,US8K,4.0,
65749-3-1-12.wav,65749,dog_bark,train,US8K,4.0,
65749-3-1-14.wav,65749,dog_bark,train,US8K,4.0,
65749-3-1-24.wav,65749,dog_bark,train,US8K,4.0,
65750-3-0-5.wav,65750,dog_bark,train,US8K,4.0,
65750-3-3-48.wav,65750,dog_bark,train,US8K,4.0,
65750-3-3-68.wav,65750,dog_bark,train,US8K,4.0,
65750-3-3-74.wav,65750,dog_bark,train,US8K,4.0,
66350,66350,dog_bark,train,FSD50K,25.85,
66398,66398,dog_bark,train,FSD50K,5.282,
67009,67009,dog_bark,train,FSD50K,18.369,
69883-3-0-5.wav,69883,dog_bark,train,US8K,4.0,
69883-3-0-9.wav,69883,dog_bark,train,US8K,4.0,
69883-3-0-20.wav,69883,dog_bark,train,US8K,4.0,
70098,70098,dog_bark,train,FSD50K,15.234,
70168-3-1-11.wav,70168,dog_bark,train,US8K,4.0,
70168-3-1-13.wav,70168,dog_bark,train,US8K,4.0,
70168-3-1-20.wav,70168,dog_bark,train,US8K,4.0,
70168-3-1-24.wav,70168,dog_bark,train,US8K,4.0,
71012,71012,dog_bark,train,FSD50K,13.776,
71461,71461,dog_bark,train,FSD50K,28.514,
71463,71463,dog_bark,train,FSD50K,18.391,
71700-3-3-2.wav,71700,dog_bark,train,US8K,4.0,
71700-3-4-0.wav,71700,dog_bark,train,US8K,4.0,
71700-3-4-1.wav,71700,dog_bark,train,US8K,4.0,
71700-3-4-3.wav,71700,dog_bark,train,US8K,4.0,
72221-3-1-0.wav,72221,dog_bark,train,US8K,4.0,
72221-3-4-1.wav,72221,dog_bark,train,US8K,4.0,
72221-3-4-5.wav,72221,dog_bark,train,US8K,4.0,
72221-3-4-7.wav,72221,dog_bark,train,US8K,4.0,
72261-3-0-6.wav,72261,dog_bark,train,US8K,4.0,
72261-3-0-17.wav,72261,dog_bark,train,US8K,4.0,
72261-3-0-23.wav,72261,dog_bark,train,US8K,4.0,
72261-3-0-27.wav,72261,dog_bark,train,US8K,4.0,
72265-3-4-0.wav,72265,dog_bark,train,US8K,2.103,
72265-3-5-0.wav,72265,dog_bark,train,US8K,3.097,
72265-3-7-0.wav,72265,dog_bark,train,US8K,4.0,
72265-3-15-0.wav,72265,dog_bark,train,US8K,3.272,
72511,72511,dog_bark,train,FSD50K,4.892,
72537-3-0-2.wav,72537,dog_bark,train,US8K,4.0,
72537-3-0-6.wav,72537,dog_bark,train,US8K,4.0,
72537-3-0-8.wav,72537,dog_bark,train,US8K,4.0,
72538,72538,dog_bark,train,FSD50K,19.749,
72539-3-0-1.wav,72539,dog_bark,train,US8K,4.0,
72539-3-0-5.wav,72539,dog_bark,train,US8K,4.0,
72539-3-0-6.wav,72539,dog_bark,train,US8K,4.0,
72539-3-0-8.wav,72539,dog_bark,train,US8K,4.0,
72724-3-1-0.wav,72724,dog_bark,train,US8K,4.0,
72724-3-2-7.wav,72724,dog_bark,train,US8K,4.0,
72724-3-2-8.wav,72724,dog_bark,train,US8K,4.0,
72724-3-2-9.wav,72724,dog_bark,train,US8K,4.0,
72829,72829,dog_bark,train,FSD50K,8.647,
7383-3-0-0.wav,7383,dog_bark,train,US8K,4.0,
7383-3-0-1.wav,7383,dog_bark,train,US8K,4.0,
7383-3-1-0.wav,7383,dog_bark,train,US8K,4.0,
74495-3-0-0.wav,74495,dog_bark,train,US8K,4.0,
74495-3-0-1.wav,74495,dog_bark,train,US8K,4.0,
74513,74513,dog_bark,train,FSD50K,19.894,
74518,74518,dog_bark,train,FSD50K,18.844,
74707,74707,dog_bark,train,FSD50K,1.335,
74725-3-0-0.wav,74725,dog_bark,train,US8K,4.0,
74725-3-0-1.wav,74725,dog_bark,train,US8K,4.0,
74950-3-0-0.wav,74950,dog_bark,train,US8K,4.0,
74950-3-2-4.wav,74950,dog_bark,train,US8K,4.0,
74950-3-2-5.wav,74950,dog_bark,train,US8K,4.0,
75704,75704,dog_bark,train,FSD50K,6.567,
75778,75778,dog_bark,train,FSD50K,21.57,
76566-3-0-3.wav,76566,dog_bark,train,US8K,4.0,
76566-3-0-6.wav,76566,dog_bark,train,US8K,4.0,
76566-3-0-8.wav,76566,dog_bark,train,US8K,4.0,
76566-3-0-11.wav,76566,dog_bark,train,US8K,4.0,
76640-3-0-0.wav,76640,dog_bark,train,US8K,4.0,
76878,76878,dog_bark,train,FSD50K,12.11,
77233-3-0-7.wav,77233,dog_bark,train,US8K,4.0,
77233-3-0-67.wav,77233,dog_bark,train,US8K,4.0,
77233-3-0-79.wav,77233,dog_bark,train,US8K,4.0,
77233-3-0-105.wav,77233,dog_bark,train,US8K,4.0,
77491,77491,dog_bark,train,FSD50K,21.186,
77500,77500,dog_bark,train,FSD50K,1.986,
78324,78324,dog_bark,train,FSD50K,18.646,
7913,7913,dog_bark,train,FSD50K,8.311,
79584-3-0-4.wav,79584,dog_bark,train,US8K,4.0,
79584-3-0-5.wav,79584,dog_bark,train,US8K,4.0,
79584-3-0-8.wav,79584,dog_bark,train,US8K,4.0,
79584-3-1-2.wav,79584,dog_bark,train,US8K,4.0,
81722-3-0-21.wav,81722,dog_bark,train,US8K,4.0,
81722-3-0-22.wav,81722,dog_bark,train,US8K,4.0,
81722-3-0-26.wav,81722,dog_bark,train,US8K,4.0,
81722-3-0-28.wav,81722,dog_bark,train,US8K,4.0,
81799-3-0-0.wav,81799,dog_bark,train,US8K,4.0,
81799-3-0-1.wav,81799,dog_bark,train,US8K,4.0,
81799-3-1-0.wav,81799,dog_bark,train,US8K,4.0,
81799-3-1-2.wav,81799,dog_bark,train,US8K,4.0,
82024-3-0-4.wav,82024,dog_bark,train,US8K,4.0,
82024-3-0-5.wav,82024,dog_bark,train,US8K,4.0,
82024-3-0-6.wav,82024,dog_bark,train,US8K,4.0,
82024-3-0-8.wav,82024,dog_bark,train,US8K,4.0,
84317,84317,dog_bark,train,FSD50K,2.5,
84650,84650,dog_bark,train,FSD50K,1.034,
84651,84651,dog_bark,train,FSD50K,1.982,
84652,84652,dog_bark,train,FSD50K,0.943,
84655,84655,dog_bark,train,FSD50K,1.598,
84656,84656,dog_bark,train,FSD50K,1.463,
84657,84657,dog_bark,train,FSD50K,1.156,
84658,84658,dog_bark,train,FSD50K,1.199,
84659,84659,dog_bark,train,FSD50K,0.942,
84661,84661,dog_bark,train,FSD50K,1.885,
84662,84662,dog_bark,train,FSD50K,1.377,
84665,84665,dog_bark,train,FSD50K,1.055,
84667,84667,dog_bark,train,FSD50K,0.761,
85362,85362,dog_bark,train,FSD50K,17.306,
85544-3-5-0.wav,85544,dog_bark,train,US8K,1.366,
85544-3-6-0.wav,85544,dog_bark,train,US8K,4.0,
85544-3-7-0.wav,85544,dog_bark,train,US8K,1.906,
85662-3-0-0.wav,85662,dog_bark,train,US8K,1.228,
85663-3-0-0.wav,85663,dog_bark,train,US8K,2.09,
85664,85664,dog_bark,train,FSD50K,0.653,
86774,86774,dog_bark,train,FSD50K,3.43,
89209-3-0-0.wav,89209,dog_bark,train,US8K,2.063,
89212-3-0-0.wav,89212,dog_bark,train,US8K,1.325,
9031-3-1-0.wav,9031,dog_bark,train,US8K,0.416,
9031-3-2-0.wav,9031,dog_bark,train,US8K,2.298,
9031-3-3-0.wav,9031,dog_bark,train,US8K,1.726,
9031-3-4-0.wav,9031,dog_bark,train,US8K,0.894,
95404-3-0-0.wav,95404,dog_bark,train,US8K,4.0,
95404-3-0-1.wav,95404,dog_bark,train,US8K,4.0,
95404-3-0-4.wav,95404,dog_bark,train,US8K,4.0,
95404-3-0-5.wav,95404,dog_bark,train,US8K,4.0,
95532,95532,dog_bark,train,FSD50K,7.99,
95536-3-0-1.wav,95536,dog_bark,train,US8K,4.0,
95536-3-0-2.wav,95536,dog_bark,train,US8K,4.0,
95536-3-0-4.wav,95536,dog_bark,train,US8K,4.0,
95536-3-0-5.wav,95536,dog_bark,train,US8K,4.0,
95549-3-0-6.wav,95549,dog_bark,train,US8K,4.0,
95549-3-0-7.wav,95549,dog_bark,train,US8K,4.0,
95549-3-0-14.wav,95549,dog_bark,train,US8K,4.0,
95549-3-0-20.wav,95549,dog_bark,train,US8K,4.0,
97193,97193,dog_bark,train,FSD50K,19.644,
98262,98262,dog_bark,train,FSD50K,7.704,
99767,99767,dog_bark,train,FSD50K,6.285,
106881,106881,glass,test,FSD50K,3.943,glass:shatter
112213,112213,glass,test,FSD50K,12.744,glass:shatter
116329,116329,glass,test,FSD50K,1.168,glass:shatter
136629,136629,glass,test,FSD50K,16.043,glass:shatter
141515,141515,glass,test,FSD50K,5.206,glass:shatter
141563,141563,glass,test,FSD50K,1.866,glass:shatter
144115,144115,glass,test,FSD50K,3.388,glass:shatter
144321,144321,glass,test,FSD50K,3.031,glass:shatter
155620,155620,glass,test,FSD50K,8.585,glass:shatter
159462,159462,glass,test,FSD50K,2.116,glass:shatter
164332,164332,glass,test,FSD50K,21.288,glass:shatter
164540,164540,glass,test,FSD50K,3.666,glass:shatter
164541,164541,glass,test,FSD50K,3.883,glass:shatter
171994,171994,glass,test,FSD50K,1.44,glass:shatter
171996,171996,glass,test,FSD50K,3.501,glass:shatter
171998,171998,glass,test,FSD50K,2.694,glass:shatter
172000,172000,glass,test,FSD50K,3.235,glass:shatter
173558,173558,glass,test,FSD50K,2.852,glass:shatter
173602,173602,glass,test,FSD50K,3.869,glass:shatter
173605,173605,glass,test,FSD50K,4.503,glass:shatter
173608,173608,glass,test,FSD50K,5.275,glass:shatter
174750,174750,glass,test,FSD50K,2.823,glass:shatter
177959,177959,glass,test,FSD50K,4.997,glass:shatter
182896,182896,glass,test,FSD50K,4.148,glass:shatter
186767,186767,glass,test,FSD50K,5.546,glass:shatter
189575,189575,glass,test,FSD50K,1.024,glass:shatter
197261,197261,glass,test,FSD50K,5.12,glass:shatter
20133,20133,glass,test,FSD50K,3.155,glass:shatter
203375,203375,glass,test,FSD50K,1.415,glass:shatter
204123,204123,glass,test,FSD50K,1.603,glass:shatter
204185,204185,glass,test,FSD50K,4.232,glass:shatter
208656,208656,glass,test,FSD50K,27.336,glass:shatter
209996,209996,glass,test,FSD50K,1.135,glass:shatter
213156,213156,glass,test,FSD50K,1.148,glass:shatter
213158,213158,glass,test,FSD50K,1.624,glass:shatter
213161,213161,glass,test,FSD50K,2.751,glass:shatter
213162,213162,glass,test,FSD50K,1.652,glass:shatter
213166,213166,glass,test,FSD50K,0.624,glass:shatter
216287,216287,glass,test,FSD50K,3.0,glass:shatter
217172,217172,glass,test,FSD50K,21.721,glass:shatter
219847,219847,glass,test,FSD50K,2.771,glass:shatter
5-221529-A-39.wav,221529,glass,test,ESC-50,5.0,glass:shatter
221531,221531,glass,test,FSD50K,1.268,glass:shatter
231297,231297,glass,test,FSD50K,16.0,glass:shatter
232176,232176,glass,test,FSD50K,6.232,glass:shatter
249873,249873,glass,test,FSD50K,1.6,glass:shatter
257642,257642,glass,test,FSD50K,8.448,glass:shatter
267573,267573,glass,test,FSD50K,15.004,glass:shatter
267889,267889,glass,test,FSD50K,0.864,glass:shatter
270515,270515,glass,test,FSD50K,4.888,glass:shatter
270517,270517,glass,test,FSD50K,12.607,glass:shatter
270518,270518,glass,test,FSD50K,14.235,glass:shatter
270815,270815,glass,test,FSD50K,5.664,glass:shatter
270816,270816,glass,test,FSD50K,7.121,glass:shatter
272489,272489,glass,test,FSD50K,2.251,glass:shatter
29712,29712,glass,test,FSD50K,11.336,glass:shatter
315646,315646,glass,test,FSD50K,1.838,glass:shatter
315647,315647,glass,test,FSD50K,2.534,glass:shatter
315648,315648,glass,test,FSD50K,10.595,glass:shatter
320167,320167,glass,test,FSD50K,2.711,glass:shatter
322603,322603,glass,test,FSD50K,1.773,glass:shatter
326565,326565,glass,test,FSD50K,5.5,glass:shatter
328611,328611,glass,test,FSD50K,25.0,glass:shatter
32880,32880,glass,test,FSD50K,9.964,glass:shatter
330800,330800,glass,test,FSD50K,1.152,glass:shatter
33629,33629,glass,test,FSD50K,2.064,glass:shatter
336425,336425,glass,test,FSD50K,3.692,glass:shatter
338691,338691,glass,test,FSD50K,1.28,glass:shatter
338692,338692,glass,test,FSD50K,1.28,glass:shatter
338694,338694,glass,test,FSD50K,1.28,glass:shatter
341070,341070,glass,test,FSD50K,3.39,glass:shatter
34201,34201,glass,test,FSD50K,2.369,glass:shatter
34202,34202,glass,test,FSD50K,7.538,glass:shatter
342568,342568,glass,test,FSD50K,4.715,glass:shatter
343391,343391,glass,test,FSD50K,8.358,glass:shatter
343756,343756,glass,test,FSD50K,17.468,glass:shatter
344266,344266,glass,test,FSD50K,2.787,glass:shatter
346173,346173,glass,test,FSD50K,2.23,glass:shatter
347648,347648,glass,test,FSD50K,27.504,glass:shatter
349240,349240,glass,test,FSD50K,1.108,glass:shatter
352746,352746,glass,test,FSD50K,2.688,glass:shatter
356312,356312,glass,test,FSD50K,5.09,glass:shatter
361341,361341,glass,test,FSD50K,7.109,glass:shatter
362310,362310,glass,test,FSD50K,4.021,glass:shatter
366595,366595,glass,test,FSD50K,2.612,glass:shatter
366738,366738,glass,test,FSD50K,11.184,glass:shatter
367448,367448,glass,test,FSD50K,4.467,glass:shatter
368338,368338,glass,test,FSD50K,0.588,glass:shatter
369070,369070,glass,test,FSD50K,2.067,glass:shatter
376197,376197,glass,test,FSD50K,8.408,glass:shatter
376462,376462,glass,test,FSD50K,6.628,glass:shatter
37789,37789,glass,test,FSD50K,5.655,glass:shatter
378568,378568,glass,test,FSD50K,2.247,glass:shatter
382732,382732,glass,test,FSD50K,1.84,glass:shatter
385946,385946,glass,test,FSD50K,25.657,glass:shatter
386906,386906,glass,test,FSD50K,1.02,glass:shatter
388526,388526,glass,test,FSD50K,11.308,glass:shatter
390705,390705,glass,test,FSD50K,0.758,glass:shatter
390707,390707,glass,test,FSD50K,1.594,glass:shatter
390708,390708,glass,test,FSD50K,1.359,glass:shatter
390714,390714,glass,test,FSD50K,1.411,glass:shatter
390725,390725,glass,test,FSD50K,1.437,glass:shatter
391327,391327,glass,test,FSD50K,2.44,glass:shatter
392319,392319,glass,test,FSD50K,0.703,glass:shatter
396270,396270,glass,test,FSD50K,6.072,glass:shatter
404923,404923,glass,test,FSD50K,2.362,glass:shatter
406112,406112,glass,test,FSD50K,3.298,glass:shatter
407431,407431,glass,test,FSD50K,0.558,glass:shatter
407589,407589,glass,test,FSD50K,2.5,glass:shatter
409297,409297,glass,test,FSD50K,3.726,glass:shatter
414047,414047,glass,test,FSD50K,2.759,glass:shatter
422240,422240,glass,test,FSD50K,10.983,glass:shatter
422633,422633,glass,test,FSD50K,1.138,glass:shatter
427788,427788,glass,test,FSD50K,0.313,glass:shatter
42903,42903,glass,test,FSD50K,2.694,glass:shatter
42904,42904,glass,test,FSD50K,2.154,glass:shatter
430702,430702,glass,test,FSD50K,3.435,glass:shatter
434442,434442,glass,test,FSD50K,4.389,glass:shatter
434448,434448,glass,test,FSD50K,2.56,glass:shatter
434451,434451,glass,test,FSD50K,2.717,glass:shatter
47013,47013,glass,test,FSD50K,13.688,glass:shatter
51734,51734,glass,test,FSD50K,2.81,glass:shatter
59263,59263,glass,test,FSD50K,8.899,glass:shatter
77528,77528,glass,test,FSD50K,0.924,glass:shatter
77529,77529,glass,test,FSD50K,0.988,glass:shatter
77530,77530,glass,test,FSD50K,0.964,glass:shatter
77531,77531,glass,test,FSD50K,1.237,glass:shatter
77533,77533,glass,test,FSD50K,1.534,glass:shatter
77534,77534,glass,test,FSD50K,0.924,glass:shatter
78484,78484,glass,test,FSD50K,4.731,glass:shatter
84536,84536,glass,test,FSD50K,6.0,glass:shatter
85550,85550,glass,test,FSD50K,2.599,glass:shatter
86324,86324,glass,test,FSD50K,23.22,glass:shatter
88806,88806,glass,test,FSD50K,0.488,glass:shatter
88931,88931,glass,test,FSD50K,0.555,glass:shatter
88932,88932,glass,test,FSD50K,0.822,glass:shatter
88941,88941,glass,test,FSD50K,0.811,glass:shatter
89888,89888,glass,test,FSD50K,1.398,glass:shatter
89890,89890,glass,test,FSD50K,1.062,glass:shatter
89891,89891,glass,test,FSD50K,0.403,glass:shatter
89903,89903,glass,test,FSD50K,0.635,glass:shatter
89904,89904,glass,test,FSD50K,0.859,glass:shatter
90386,90386,glass,test,FSD50K,0.758,glass:shatter
92642,92642,glass,test,FSD50K,0.836,glass:shatter
97669,97669,glass,test,FSD50K,3.951,glass:shatter
977,977,glass,test,FSD50K,1.371,glass:shatter
978,978,glass,test,FSD50K,1.241,glass:shatter
979,979,glass,test,FSD50K,2.357,glass:shatter
980,980,glass,test,FSD50K,1.047,glass:shatter
98054,98054,glass,test,FSD50K,1.542,glass:shatter
98055,98055,glass,test,FSD50K,2.01,glass:shatter
981,981,glass,test,FSD50K,1.77,glass:shatter
98378,98378,glass,test,FSD50K,2.517,glass:shatter
98650,98650,glass,test,FSD50K,8.13,glass:shatter
115916,115916,glass,train,FSD50K,7.733,glass:shatter
115922,115922,glass,train,FSD50K,14.198,glass:shatter
118198,118198,glass,train,FSD50K,2.67,glass:shatter
118515,118515,glass,train,FSD50K,0.914,glass:shatter
124030,124030,glass,train,FSD50K,6.529,glass:shatter
126465,126465,glass,train,FSD50K,17.304,glass:shatter
126877,126877,glass,train,FSD50K,2.182,glass:shatter
126878,126878,glass,train,FSD50K,2.086,glass:shatter
127543,127543,glass,train,FSD50K,0.88,glass:shatter
145209,145209,glass,train,FSD50K,14.551,glass:shatter
145558,145558,glass,train,FSD50K,1.638,glass:shatter
145559,145559,glass,train,FSD50K,0.954,glass:shatter
145562,145562,glass,train,FSD50K,3.636,glass:shatter
145563,145563,glass,train,FSD50K,3.636,glass:shatter
147867,147867,glass,train,FSD50K,1.561,glass:shatter
148073,148073,glass,train,FSD50K,1.589,glass:shatter
148074,148074,glass,train,FSD50K,1.701,glass:shatter
148075,148075,glass,train,FSD50K,1.703,glass:shatter
156578,156578,glass,train,FSD50K,1.602,glass:shatter
158140,158140,glass,train,FSD50K,3.491,glass:shatter
158142,158142,glass,train,FSD50K,5.491,glass:shatter
159197,159197,glass,train,FSD50K,10.058,glass:shatter
160759,160759,glass,train,FSD50K,2.415,glass:shatter
161309,161309,glass,train,FSD50K,1.92,glass:shatter
162169,162169,glass,train,FSD50K,1.84,glass:shatter
163364,163364,glass,train,FSD50K,16.44,glass:shatter
164328,164328,glass,train,FSD50K,19.186,glass:shatter
164329,164329,glass,train,FSD50K,18.886,glass:shatter
164330,164330,glass,train,FSD50K,2.503,glass:shatter
164539,164539,glass,train,FSD50K,3.788,glass:shatter
164542,164542,glass,train,FSD50K,3.875,glass:shatter
173557,173557,glass,train,FSD50K,3.784,glass:shatter
173559,173559,glass,train,FSD50K,4.958,glass:shatter
173560,173560,glass,train,FSD50K,5.232,glass:shatter
173576,173576,glass,train,FSD50K,4.851,glass:shatter
173577,173577,glass,train,FSD50K,5.299,glass:shatter
173579,173579,glass,train,FSD50K,4.273,glass:shatter
173580,173580,glass,train,FSD50K,3.796,glass:shatter
173581,173581,glass,train,FSD50K,3.521,glass:shatter
173585,173585,glass,train,FSD50K,4.919,glass:shatter
173591,173591,glass,train,FSD50K,2.67,glass:shatter
173592,173592,glass,train,FSD50K,6.056,glass:shatter
173593,173593,glass,train,FSD50K,3.768,glass:shatter
173594,173594,glass,train,FSD50K,4.265,glass:shatter
173595,173595,glass,train,FSD50K,4.254,glass:shatter
173600,173600,glass,train,FSD50K,3.783,glass:shatter
173601,173601,glass,train,FSD50K,3.964,glass:shatter
173604,173604,glass,train,FSD50K,3.956,glass:shatter
173606,173606,glass,train,FSD50K,4.757,glass:shatter
173607,173607,glass,train,FSD50K,4.652,glass:shatter
173609,173609,glass,train,FSD50K,5.462,glass:shatter
173610,173610,glass,train,FSD50K,4.481,glass:shatter
173611,173611,glass,train,FSD50K,4.751,glass:shatter
173613,173613,glass,train,FSD50K,4.435,glass:shatter
173614,173614,glass,train,FSD50K,4.89,glass:shatter
173618,173618,glass,train,FSD50K,9.883,glass:shatter
173619,173619,glass,train,FSD50K,5.4,glass:shatter
173621,173621,glass,train,FSD50K,5.391,glass:shatter
173622,173622,glass,train,FSD50K,4.977,glass:shatter
173623,173623,glass,train,FSD50K,3.182,glass:shatter
174747,174747,glass,train,FSD50K,2.446,glass:shatter
178582,178582,glass,train,FSD50K,7.429,glass:shatter
179227,179227,glass,train,FSD50K,5.696,glass:shatter
179228,179228,glass,train,FSD50K,8.167,glass:shatter
179229,179229,glass,train,FSD50K,6.431,glass:shatter
179230,179230,glass,train,FSD50K,4.287,glass:shatter
179231,179231,glass,train,FSD50K,7.059,glass:shatter
179232,179232,glass,train,FSD50K,11.014,glass:shatter
179233,179233,glass,train,FSD50K,4.455,glass:shatter
179234,179234,glass,train,FSD50K,8.353,glass:shatter
179235,179235,glass,train,FSD50K,5.472,glass:shatter
179236,179236,glass,train,FSD50K,6.932,glass:shatter
179239,179239,glass,train,FSD50K,5.707,glass:shatter
179240,179240,glass,train,FSD50K,3.408,glass:shatter
179241,179241,glass,train,FSD50K,7.449,glass:shatter
179242,179242,glass,train,FSD50K,2.527,glass:shatter
179249,179249,glass,train,FSD50K,4.775,glass:shatter
179250,179250,glass,train,FSD50K,7.286,glass:shatter
179251,179251,glass,train,FSD50K,6.481,glass:shatter
179259,179259,glass,train,FSD50K,5.692,glass:shatter
179263,179263,glass,train,FSD50K,2.423,glass:shatter
179264,179264,glass,train,FSD50K,4.618,glass:shatter
179265,179265,glass,train,FSD50K,4.831,glass:shatter
192060,192060,glass,train,FSD50K,15.452,glass:shatter
194682,194682,glass,train,FSD50K,4.594,glass:shatter
194683,194683,glass,train,FSD50K,5.668,glass:shatter
194684,194684,glass,train,FSD50K,5.468,glass:shatter
194685,194685,glass,train,FSD50K,4.569,glass:shatter
195624,195624,glass,train,FSD50K,5.544,glass:shatter
199906,199906,glass,train,FSD50K,2.049,glass:shatter
202093,202093,glass,train,FSD50K,1.535,glass:shatter
203368,203368,glass,train,FSD50K,0.829,glass:shatter
203369,203369,glass,train,FSD50K,1.99,glass:shatter
203370,203370,glass,train,FSD50K,1.241,glass:shatter
3-203371-A-39.wav,203371,glass,train,ESC-50,5.0,glass:shatter
203372,203372,glass,train,FSD50K,0.82,glass:shatter
203373,203373,glass,train,FSD50K,0.762,glass:shatter
203374,203374,glass,train,FSD50K,0.768,glass:shatter
203377,203377,glass,train,FSD50K,0.812,glass:shatter
203379,203379,glass,train,FSD50K,0.783,glass:shatter
203380,203380,glass,train,FSD50K,0.481,glass:shatter
204115,204115,glass,train,FSD50K,1.359,glass:shatter
204116,204116,glass,train,FSD50K,1.312,glass:shatter
204119,204119,glass,train,FSD50K,1.08,glass:shatter
204120,204120,glass,train,FSD50K,1.08,glass:shatter
204121,204121,glass,train,FSD50K,2.032,glass:shatter
204122,204122,glass,train,FSD50K,1.18,glass:shatter
204124,204124,glass,train,FSD50K,1.057,glass:shatter
204132,204132,glass,train,FSD50K,2.137,glass:shatter
204133,204133,glass,train,FSD50K,1.87,glass:shatter
204134,204134,glass,train,FSD50K,1.87,glass:shatter
204140,204140,glass,train,FSD50K,1.498,glass:shatter
204141,204141,glass,train,FSD50K,1.498,glass:shatter
204142,204142,glass,train,FSD50K,1.138,glass:shatter
204143,204143,glass,train,FSD50K,1.105,glass:shatter
204144,204144,glass,train,FSD50K,1.092,glass:shatter
204685,204685,glass,train,FSD50K,0.963,glass:shatter
204686,204686,glass,train,FSD50K,1.073,glass:shatter
204687,204687,glass,train,FSD50K,1.405,glass:shatter
204688,204688,glass,train,FSD50K,0.813,glass:shatter
204692,204692,glass,train,FSD50K,0.963,glass:shatter
204694,204694,glass,train,FSD50K,0.442,glass:shatter
204695,204695,glass,train,FSD50K,0.346,glass:shatter
204697,204697,glass,train,FSD50K,0.517,glass:shatter
204698,204698,glass,train,FSD50K,0.339,glass:shatter
204699,204699,glass,train,FSD50K,0.456,glass:shatter
204777,204777,glass,train,FSD50K,21.52,glass:shatter
208696,208696,glass,train,FSD50K,5.834,glass:shatter
212698,212698,glass,train,FSD50K,2.304,glass:shatter
213153,213153,glass,train,FSD50K,0.963,glass:shatter
213154,213154,glass,train,FSD50K,0.92,glass:shatter
213159,213159,glass,train,FSD50K,1.076,glass:shatter
213160,213160,glass,train,FSD50K,1.526,glass:shatter
213163,213163,glass,train,FSD50K,1.451,glass:shatter
213164,213164,glass,train,FSD50K,1.103,glass:shatter
213165,213165,glass,train,FSD50K,1.318,glass:shatter
214336,214336,glass,train,FSD50K,2.519,glass:shatter
216279,216279,glass,train,FSD50K,2.0,glass:shatter
216280,216280,glass,train,FSD50K,2.0,glass:shatter
216281,216281,glass,train,FSD50K,3.0,glass:shatter
216282,216282,glass,train,FSD50K,3.0,glass:shatter
216283,216283,glass,train,FSD50K,3.0,glass:shatter
216284,216284,glass,train,FSD50K,3.0,glass:shatter
216286,216286,glass,train,FSD50K,2.0,glass:shatter
216288,216288,glass,train,FSD50K,3.0,glass:shatter
216289,216289,glass,train,FSD50K,3.0,glass:shatter
216290,216290,glass,train,FSD50K,3.0,glass:shatter
216291,216291,glass,train,FSD50K,3.0,glass:shatter
216292,216292,glass,train,FSD50K,3.0,glass:shatter
216293,216293,glass,train,FSD50K,3.0,glass:shatter
216294,216294,glass,train,FSD50K,3.0,glass:shatter
216296,216296,glass,train,FSD50K,3.0,glass:shatter
216298,216298,glass,train,FSD50K,3.0,glass:shatter
216299,216299,glass,train,FSD50K,3.0,glass:shatter
216748,216748,glass,train,FSD50K,7.359,glass:shatter
219837,219837,glass,train,FSD50K,2.808,glass:shatter
219838,219838,glass,train,FSD50K,2.356,glass:shatter
219842,219842,glass,train,FSD50K,2.381,glass:shatter
219843,219843,glass,train,FSD50K,3.236,glass:shatter
219844,219844,glass,train,FSD50K,3.638,glass:shatter
219845,219845,glass,train,FSD50K,2.37,glass:shatter
219846,219846,glass,train,FSD50K,2.788,glass:shatter
219940,219940,glass,train,FSD50K,1.84,glass:shatter
221528,221528,glass,train,FSD50K,1.905,glass:shatter
221532,221532,glass,train,FSD50K,1.086,glass:shatter
221533,221533,glass,train,FSD50K,1.627,glass:shatter
223552,223552,glass,train,FSD50K,1.541,glass:shatter
233605,233605,glass,train,FSD50K,1.0,glass:shatter
233606,233606,glass,train,FSD50K,2.0,glass:shatter
233607,233607,glass,train,FSD50K,1.0,glass:shatter
244238,244238,glass,train,FSD50K,1.61,glass:shatter
245167,245167,glass,train,FSD50K,2.261,glass:shatter
245410,245410,glass,train,FSD50K,2.759,glass:shatter
246273,246273,glass,train,FSD50K,25.226,glass:shatter
249874,249874,glass,train,FSD50K,1.672,glass:shatter
250709,250709,glass,train,FSD50K,2.15,glass:shatter
250710,250710,glass,train,FSD50K,3.175,glass:shatter
254721,254721,glass,train,FSD50K,3.101,glass:shatter
254993,254993,glass,train,FSD50K,10.053,glass:shatter
255114,255114,glass,train,FSD50K,3.249,glass:shatter
255182,255182,glass,train,FSD50K,1.896,glass:shatter
256993,256993,glass,train,FSD50K,1.621,glass:shatter
257496,257496,glass,train,FSD50K,3.041,glass:shatter
257791,257791,glass,train,FSD50K,5.473,glass:shatter
260432,260432,glass,train,FSD50K,0.802,glass:shatter
260433,260433,glass,train,FSD50K,0.669,glass:shatter
260434,260434,glass,train,FSD50K,0.838,glass:shatter
270516,270516,glass,train,FSD50K,10.684,glass:shatter
270811,270811,glass,train,FSD50K,7.696,glass:shatter
272065,272065,glass,train,FSD50K,2.032,glass:shatter
273647,273647,glass,train,FSD50K,3.125,glass:shatter
276938,276938,glass,train,FSD50K,5.04,glass:shatter
276939,276939,glass,train,FSD50K,5.04,glass:shatter
278152,278152,glass,train,FSD50K,3.638,glass:shatter
30368,30368,glass,train,FSD50K,10.005,glass:shatter
320128,320128,glass,train,FSD50K,20.537,glass:shatter
321139,321139,glass,train,FSD50K,3.336,glass:shatter
321143,321143,glass,train,FSD50K,4.876,glass:shatter
322602,322602,glass,train,FSD50K,1.464,glass:shatter
323077,323077,glass,train,FSD50K,0.767,glass:shatter
324645,324645,glass,train,FSD50K,10.627,glass:shatter
326422,326422,glass,train,FSD50K,4.867,glass:shatter
327591,327591,glass,train,FSD50K,15.131,glass:shatter
344265,344265,glass,train,FSD50K,1.753,glass:shatter
344267,344267,glass,train,FSD50K,2.309,glass:shatter
344268,344268,glass,train,FSD50K,2.079,glass:shatter
344269,344269,glass,train,FSD50K,2.847,glass:shatter
344270,344270,glass,train,FSD50K,2.621,glass:shatter
344271,344271,glass,train,FSD50K,2.885,glass:shatter
344272,344272,glass,train,FSD50K,3.193,glass:shatter
347496,347496,glass,train,FSD50K,10.295,glass:shatter
348106,348106,glass,train,FSD50K,6.52,glass:shatter
349905,349905,glass,train,FSD50K,5.112,glass:shatter
352331,352331,glass,train,FSD50K,5.311,glass:shatter
353626,353626,glass,train,FSD50K,2.235,glass:shatter
353928,353928,glass,train,FSD50K,6.033,glass:shatter
355340,355340,glass,train,FSD50K,9.894,glass:shatter
359126,359126,glass,train,FSD50K,12.87,glass:shatter
360410,360410,glass,train,FSD50K,16.171,glass:shatter
362238,362238,glass,train,FSD50K,15.362,glass:shatter
366179,366179,glass,train,FSD50K,3.053,glass:shatter
367624,367624,glass,train,FSD50K,1.202,glass:shatter
367770,367770,glass,train,FSD50K,25.84,glass:shatter
368324,368324,glass,train,FSD50K,0.589,glass:shatter
368328,368328,glass,train,FSD50K,0.4,glass:shatter
368330,368330,glass,train,FSD50K,0.424,glass:shatter
368331,368331,glass,train,FSD50K,0.513,glass:shatter
368333,368333,glass,train,FSD50K,0.479,glass:shatter
368334,368334,glass,train,FSD50K,0.744,glass:shatter
368335,368335,glass,train,FSD50K,0.593,glass:shatter
368336,368336,glass,train,FSD50K,0.481,glass:shatter
368337,368337,glass,train,FSD50K,0.357,glass:shatter
368341,368341,glass,train,FSD50K,0.796,glass:shatter
368342,368342,glass,train,FSD50K,0.883,glass:shatter
368343,368343,glass,train,FSD50K,1.064,glass:shatter
368344,368344,glass,train,FSD50K,0.375,glass:shatter
368345,368345,glass,train,FSD50K,0.425,glass:shatter
368347,368347,glass,train,FSD50K,0.4,glass:shatter
368350,368350,glass,train,FSD50K,0.437,glass:shatter
368352,368352,glass,train,FSD50K,0.629,glass:shatter
368354,368354,glass,train,FSD50K,0.4,glass:shatter
368355,368355,glass,train,FSD50K,0.412,glass:shatter
368356,368356,glass,train,FSD50K,0.35,glass:shatter
368905,368905,glass,train,FSD50K,13.995,glass:shatter
368944,368944,glass,train,FSD50K,27.739,glass:shatter
371091,371091,glass,train,FSD50K,1.134,glass:shatter
371092,371092,glass,train,FSD50K,0.934,glass:shatter
371093,371093,glass,train,FSD50K,1.167,glass:shatter
371786,371786,glass,train,FSD50K,2.616,glass:shatter
372919,372919,glass,train,FSD50K,26.783,glass:shatter
378285,378285,glass,train,FSD50K,4.12,glass:shatter
378289,378289,glass,train,FSD50K,3.2,glass:shatter
378321,378321,glass,train,FSD50K,5.942,glass:shatter
379015,379015,glass,train,FSD50K,10.463,glass:shatter
380840,380840,glass,train,FSD50K,9.77,glass:shatter
383978,383978,glass,train,FSD50K,0.771,glass:shatter
383988,383988,glass,train,FSD50K,0.474,glass:shatter
387177,387177,glass,train,FSD50K,4.919,glass:shatter
387349,387349,glass,train,FSD50K,3.261,glass:shatter
389793,389793,glass,train,FSD50K,2.253,glass:shatter
389804,389804,glass,train,FSD50K,1.0,glass:shatter
390700,390700,glass,train,FSD50K,1.15,glass:shatter
390701,390701,glass,train,FSD50K,1.437,glass:shatter
390702,390702,glass,train,FSD50K,1.489,glass:shatter
390703,390703,glass,train,FSD50K,2.142,glass:shatter
390704,390704,glass,train,FSD50K,0.81,glass:shatter
390706,390706,glass,train,FSD50K,1.515,glass:shatter
390709,390709,glass,train,FSD50K,1.385,glass:shatter
390715,390715,glass,train,FSD50K,1.385,glass:shatter
390716,390716,glass,train,FSD50K,1.489,glass:shatter
390718,390718,glass,train,FSD50K,1.489,glass:shatter
390719,390719,glass,train,FSD50K,0.81,glass:shatter
390720,390720,glass,train,FSD50K,1.124,glass:shatter
390721,390721,glass,train,FSD50K,2.09,glass:shatter
390722,390722,glass,train,FSD50K,1.359,glass:shatter
390723,390723,glass,train,FSD50K,1.071,glass:shatter
390726,390726,glass,train,FSD50K,1.568,glass:shatter
390727,390727,glass,train,FSD50K,1.463,glass:shatter
390728,390728,glass,train,FSD50K,1.829,glass:shatter
390729,390729,glass,train,FSD50K,1.803,glass:shatter
401619,401619,glass,train,FSD50K,5.12,glass:shatter
406256,406256,glass,train,FSD50K,2.356,glass:shatter
406257,406257,glass,train,FSD50K,2.356,glass:shatter
408218,408218,glass,train,FSD50K,1.01,glass:shatter
412054,412054,glass,train,FSD50K,16.08,glass:shatter
41348,41348,glass,train,FSD50K,1.034,glass:shatter
420356,420356,glass,train,FSD50K,2.613,glass:shatter
426204,426204,glass,train,FSD50K,1.766,glass:shatter
426205,426205,glass,train,FSD50K,1.688,glass:shatter
42900,42900,glass,train,FSD50K,1.638,glass:shatter
42901,42901,glass,train,FSD50K,2.636,glass:shatter
42902,42902,glass,train,FSD50K,0.976,glass:shatter
42906,42906,glass,train,FSD50K,2.322,glass:shatter
42907,42907,glass,train,FSD50K,1.854,glass:shatter
434437,434437,glass,train,FSD50K,3.501,glass:shatter
434438,434438,glass,train,FSD50K,3.24,glass:shatter
434439,434439,glass,train,FSD50K,3.109,glass:shatter
434440,434440,glass,train,FSD50K,3.84,glass:shatter
434441,434441,glass,train,FSD50K,4.232,glass:shatter
434443,434443,glass,train,FSD50K,3.553,glass:shatter
434444,434444,glass,train,FSD50K,3.631,glass:shatter
434446,434446,glass,train,FSD50K,5.225,glass:shatter
434447,434447,glass,train,FSD50K,3.187,glass:shatter
434449,434449,glass,train,FSD50K,3.344,glass:shatter
434450,434450,glass,train,FSD50K,4.911,glass:shatter
47012,47012,glass,train,FSD50K,20.595,glass:shatter
65902,65902,glass,train,FSD50K,1.92,glass:shatter
65918,65918,glass,train,FSD50K,0.606,glass:shatter
66519,66519,glass,train,FSD50K,1.304,glass:shatter
66520,66520,glass,train,FSD50K,2.33,glass:shatter
68449,68449,glass,train,FSD50K,1.441,glass:shatter
68654,68654,glass,train,FSD50K,2.044,glass:shatter
71897,71897,glass,train,FSD50K,2.336,glass:shatter
71947,71947,glass,train,FSD50K,1.637,glass:shatter
84702,84702,glass,train,FSD50K,6.0,glass:shatter
84704,84704,glass,train,FSD50K,6.0,glass:shatter
84705,84705,glass,train,FSD50K,6.0,glass:shatter
85107,85107,glass,train,FSD50K,7.014,glass:shatter
85168,85168,glass,train,FSD50K,6.0,glass:shatter
85184,85184,glass,train,FSD50K,6.0,glass:shatter
88800,88800,glass,train,FSD50K,1.229,glass:shatter
1-88807-A-39.wav,88807,glass,train,ESC-50,5.0,glass:shatter
88808,88808,glass,train,FSD50K,1.0,glass:shatter
88809,88809,glass,train,FSD50K,0.908,glass:shatter
88917,88917,glass,train,FSD50K,1.326,glass:shatter
88920,88920,glass,train,FSD50K,0.832,glass:shatter
88921,88921,glass,train,FSD50K,1.195,glass:shatter
88922,88922,glass,train,FSD50K,1.099,glass:shatter
88923,88923,glass,train,FSD50K,0.361,glass:shatter
88924,88924,glass,train,FSD50K,1.332,glass:shatter
88925,88925,glass,train,FSD50K,1.016,glass:shatter
88926,88926,glass,train,FSD50K,1.56,glass:shatter
88927,88927,glass,train,FSD50K,1.728,glass:shatter
88928,88928,glass,train,FSD50K,0.47,glass:shatter
88933,88933,glass,train,FSD50K,1.152,glass:shatter
88935,88935,glass,train,FSD50K,0.761,glass:shatter
88936,88936,glass,train,FSD50K,1.248,glass:shatter
88937,88937,glass,train,FSD50K,1.108,glass:shatter
88942,88942,glass,train,FSD50K,0.674,glass:shatter
88944,88944,glass,train,FSD50K,0.939,glass:shatter
88945,88945,glass,train,FSD50K,0.978,glass:shatter
88948,88948,glass,train,FSD50K,1.675,glass:shatter
88949,88949,glass,train,FSD50K,0.854,glass:shatter
88950,88950,glass,train,FSD50K,1.418,glass:shatter
89887,89887,glass,train,FSD50K,0.503,glass:shatter
89889,89889,glass,train,FSD50K,0.645,glass:shatter
89894,89894,glass,train,FSD50K,1.477,glass:shatter
89895,89895,glass,train,FSD50K,1.599,glass:shatter
89900,89900,glass,train,FSD50K,1.442,glass:shatter
89901,89901,glass,train,FSD50K,1.531,glass:shatter
89902,89902,glass,train,FSD50K,1.168,glass:shatter
89905,89905,glass,train,FSD50K,0.611,glass:shatter
92019,92019,glass,train,FSD50K,7.308,glass:shatter
92643,92643,glass,train,FSD50K,8.307,glass:shatter
92644,92644,glass,train,FSD50K,23.119,glass:shatter
93299,93299,glass,train,FSD50K,1.905,glass:shatter
93449,93449,glass,train,FSD50K,1.922,glass:shatter
93964,93964,glass,train,FSD50K,21.488,glass:shatter
95078,95078,glass,train,FSD50K,6.347,glass:shatter
102437,102437,scream,test,FSD50K,4.733,
107032,107032,scream,test,FSD50K,7.611,
116163,116163,scream,test,FSD50K,3.898,
118521,118521,scream,test,FSD50K,2.795,
123747,123747,scream,test,FSD50K,4.4,
123748,123748,scream,test,FSD50K,2.916,
132106,132106,scream,test,FSD50K,2.487,
132828,132828,scream,test,FSD50K,6.0,
13797,13797,scream,test,FSD50K,1.117,
156510,156510,scream,test,FSD50K,6.617,
156901,156901,scream,test,FSD50K,2.577,
159459,159459,scream,test,FSD50K,6.043,
159460,159460,scream,test,FSD50K,4.046,
168419,168419,scream,test,FSD50K,14.318,
17081,17081,scream,test,FSD50K,20.542,
171765,171765,scream,test,FSD50K,2.398,
173088,173088,scream,test,FSD50K,5.413,
178313,178313,scream,test,FSD50K,3.402,
179352,179352,scream,test,FSD50K,4.258,
181597,181597,scream,test,FSD50K,26.383,
187762,187762,scream,test,FSD50K,1.326,
191088,191088,scream,test,FSD50K,24.499,
195178,195178,scream,test,FSD50K,1.442,
196128,196128,scream,test,FSD50K,5.186,
197417,197417,scream,test,FSD50K,14.96,
202037,202037,scream,test,FSD50K,1.424,
203594,203594,scream,test,FSD50K,0.974,
205732,205732,scream,test,FSD50K,5.678,
205734,205734,scream,test,FSD50K,4.519,
205735,205735,scream,test,FSD50K,4.172,
205740,205740,scream,test,FSD50K,3.361,
210734,210734,scream,test,FSD50K,7.634,
210995,210995,scream,test,FSD50K,11.834,
212710,212710,scream,test,FSD50K,3.418,
213565,213565,scream,test,FSD50K,10.201,
218055,218055,scream,test,FSD50K,8.542,
218999,218999,scream,test,FSD50K,26.724,
219647,219647,scream,test,FSD50K,1.688,
219685,219685,scream,test,FSD50K,2.05,
219693,219693,scream,test,FSD50K,1.963,
219724,219724,scream,test,FSD50K,5.917,
219856,219856,scream,test,FSD50K,1.196,
219867,219867,scream,test,FSD50K,1.684,
220045,220045,scream,test,FSD50K,2.598,
220049,220049,scream,test,FSD50K,2.039,
220306,220306,scream,test,FSD50K,2.288,
220307,220307,scream,test,FSD50K,1.103,
220311,220311,scream,test,FSD50K,1.359,
220312,220312,scream,test,FSD50K,2.856,
220646,220646,scream,test,FSD50K,1.396,
220694,220694,scream,test,FSD50K,2.76,
221548,221548,scream,test,FSD50K,2.344,
221670,221670,scream,test,FSD50K,2.621,
222648,222648,scream,test,FSD50K,2.43,
222669,222669,scream,test,FSD50K,1.669,
222672,222672,scream,test,FSD50K,0.833,
222674,222674,scream,test,FSD50K,1.003,
233068,233068,scream,test,FSD50K,24.482,
235591,235591,scream,test,FSD50K,3.37,
235595,235595,scream,test,FSD50K,2.369,
238204,238204,scream,test,FSD50K,9.142,
242498,242498,scream,test,FSD50K,24.752,
243376,243376,scream,test,FSD50K,3.408,
243380,243380,scream,test,FSD50K,2.856,
249745,249745,scream,test,FSD50K,6.68,
250380,250380,scream,test,FSD50K,7.733,
25713,25713,scream,test,FSD50K,4.987,
257691,257691,scream,test,FSD50K,2.512,
26275,26275,scream,test,FSD50K,15.627,
264918,264918,scream,test,FSD50K,9.521,
26720,26720,scream,test,FSD50K,12.563,
271242,271242,scream,test,FSD50K,1.2,
272410,272410,scream,test,FSD50K,6.009,
273309,273309,scream,test,FSD50K,1.092,
30988,30988,scream,test,FSD50K,3.5,
31000,31000,scream,test,FSD50K,4.5,
31002,31002,scream,test,FSD50K,1.5,
31635,31635,scream,test,FSD50K,2.625,
321230,321230,scream,test,FSD50K,3.253,
321783,321783,scream,test,FSD50K,27.174,
321785,321785,scream,test,FSD50K,23.947,
328003,328003,scream,test,FSD50K,3.599,
328813,328813,scream,test,FSD50K,3.839,
328814,328814,scream,test,FSD50K,3.839,
328842,328842,scream,test,FSD50K,7.416,
32983,32983,scream,test,FSD50K,12.347,
32984,32984,scream,test,FSD50K,11.819,
330854,330854,scream,test,FSD50K,2.0,
330856,330856,scream,test,FSD50K,1.5,
331907,331907,scream,test,FSD50K,23.731,
332451,332451,scream,test,FSD50K,2.74,
333360,333360,scream,test,FSD50K,5.172,
336841,336841,scream,test,FSD50K,5.759,
337102,337102,scream,test,FSD50K,2.039,
338934,338934,scream,test,FSD50K,4.59,
338936,338936,scream,test,FSD50K,4.59,
338938,338938,scream,test,FSD50K,4.59,
338939,338939,scream,test,FSD50K,4.59,
340363,340363,scream,test,FSD50K,1.614,
340366,340366,scream,test,FSD50K,4.215,
340889,340889,scream,test,FSD50K,0.743,
340940,340940,scream,test,FSD50K,3.158,
343169,343169,scream,test,FSD50K,4.819,
343771,343771,scream,test,FSD50K,5.245,
345933,345933,scream,test,FSD50K,1.33,
346220,346220,scream,test,FSD50K,9.845,
348310,348310,scream,test,FSD50K,1.134,
350745,350745,scream,test,FSD50K,24.104,
351598,351598,scream,test,FSD50K,8.141,
353086,353086,scream,test,FSD50K,2.803,
353103,353103,scream,test,FSD50K,0.698,
353104,353104,scream,test,FSD50K,1.775,
353135,353135,scream,test,FSD50K,5.074,
353138,353138,scream,test,FSD50K,6.003,
353139,353139,scream,test,FSD50K,7.326,
355063,355063,scream,test,FSD50K,7.823,
355741,355741,scream,test,FSD50K,13.781,
360465,360465,scream,test,FSD50K,1.359,
360851,360851,scream,test,FSD50K,1.105,
367307,367307,scream,test,FSD50K,1.252,
368456,368456,scream,test,FSD50K,15.21,
370136,370136,scream,test,FSD50K,5.202,
376638,376638,scream,test,FSD50K,7.728,
381943,381943,scream,test,FSD50K,1.0,
381944,381944,scream,test,FSD50K,0.988,
381951,381951,scream,test,FSD50K,4.232,
382589,382589,scream,test,FSD50K,10.684,
382989,382989,scream,test,FSD50K,1.248,
382991,382991,scream,test,FSD50K,1.416,
386055,386055,scream,test,FSD50K,2.222,
39066,39066,scream,test,FSD50K,3.693,
391293,391293,scream,test,FSD50K,9.043,
395828,395828,scream,test,FSD50K,0.875,
398007,398007,scream,test,FSD50K,2.762,
400182,400182,scream,test,FSD50K,2.201,
400183,400183,scream,test,FSD50K,1.543,
402555,402555,scream,test,FSD50K,10.387,
402861,402861,scream,test,FSD50K,1.549,
406088,406088,scream,test,FSD50K,2.632,
406504,406504,scream,test,FSD50K,7.517,
406843,406843,scream,test,FSD50K,0.939,
41328,41328,scream,test,FSD50K,14.118,
415026,415026,scream,test,FSD50K,22.523,
415341,415341,scream,test,FSD50K,0.492,
415352,415352,scream,test,FSD50K,4.821,
415353,415353,scream,test,FSD50K,1.776,
415354,415354,scream,test,FSD50K,5.601,
415995,415995,scream,test,FSD50K,19.785,
416507,416507,scream,test,FSD50K,1.538,
416537,416537,scream,test,FSD50K,1.184,
416538,416538,scream,test,FSD50K,0.726,
416545,416545,scream,test,FSD50K,1.087,
416840,416840,scream,test,FSD50K,1.084,
418786,418786,scream,test,FSD50K,15.726,
420015,420015,scream,test,FSD50K,2.874,
420018,420018,scream,test,FSD50K,2.437,
421832,421832,scream,test,FSD50K,4.32,
424739,424739,scream,test,FSD50K,23.313,
426195,426195,scream,test,FSD50K,2.353,
428668,428668,scream,test,FSD50K,1.013,
433735,433735,scream,test,FSD50K,16.144,
44261,44261,scream,test,FSD50K,0.934,
45603,45603,scream,test,FSD50K,0.512,
45604,45604,scream,test,FSD50K,0.488,
45605,45605,scream,test,FSD50K,0.436,
47874,47874,scream,test,FSD50K,4.788,
48052,48052,scream,test,FSD50K,8.886,
49020,49020,scream,test,FSD50K,5.164,
50156,50156,scream,test,FSD50K,3.76,
50178,50178,scream,test,FSD50K,2.848,
50179,50179,scream,test,FSD50K,2.986,
50180,50180,scream,test,FSD50K,2.011,
50181,50181,scream,test,FSD50K,2.128,
57181,57181,scream,test,FSD50K,4.035,
59586,59586,scream,test,FSD50K,27.063,
59599,59599,scream,test,FSD50K,3.031,
60167,60167,scream,test,FSD50K,8.542,
61503,61503,scream,test,FSD50K,27.877,
61504,61504,scream,test,FSD50K,15.907,
71139,71139,scream,test,FSD50K,4.527,
72950,72950,scream,test,FSD50K,0.977,
77148,77148,scream,test,FSD50K,1.829,
82418,82418,scream,test,FSD50K,3.12,
82420,82420,scream,test,FSD50K,7.08,
84353,84353,scream,test,FSD50K,1.732,
84359,84359,scream,test,FSD50K,22.083,
86346,86346,scream,test,FSD50K,17.644,
88447,88447,scream,test,FSD50K,1.982,
90790,90790,scream,test,FSD50K,1.322,
95930,95930,scream,test,FSD50K,2.535,
96825,96825,scream,test,FSD50K,7.688,
100896,100896,scream,train,FSD50K,1.2,
104028,104028,scream,train,FSD50K,3.0,
104029,104029,scream,train,FSD50K,2.625,
104030,104030,scream,train,FSD50K,5.0,
104031,104031,scream,train,FSD50K,5.0,
104032,104032,scream,train,FSD50K,5.25,
104033,104033,scream,train,FSD50K,8.532,
104035,104035,scream,train,FSD50K,6.399,
104038,104038,scream,train,FSD50K,6.932,
108049,108049,scream,train,FSD50K,1.878,
110139,110139,scream,train,FSD50K,1.425,
110140,110140,scream,train,FSD50K,0.951,
110141,110141,scream,train,FSD50K,4.227,
110142,110142,scream,train,FSD50K,8.371,
112270,112270,scream,train,FSD50K,9.744,
124800,124800,scream,train,FSD50K,101.808,
124805,124805,scream,train,FSD50K,4.0,
125130,125130,scream,train,FSD50K,1.847,
125131,125131,scream,train,FSD50K,1.847,
127004,127004,scream,train,FSD50K,10.933,
131709,131709,scream,train,FSD50K,8.134,
134021,134021,scream,train,FSD50K,2.754,
134696,134696,scream,train,FSD50K,1.521,
135799,135799,scream,train,FSD50K,1.123,
139086,139086,scream,train,FSD50K,4.807,
139087,139087,scream,train,FSD50K,6.087,
140342,140342,scream,train,FSD50K,29.751,
140344,140344,scream,train,FSD50K,18.141,
144337,144337,scream,train,FSD50K,1.841,
144338,144338,scream,train,FSD50K,1.445,
144435,144435,scream,train,FSD50K,3.495,
145801,145801,scream,train,FSD50K,3.173,
149825,149825,scream,train,FSD50K,3.408,
149919,149919,scream,train,FSD50K,12.603,
157018,157018,scream,train,FSD50K,1.752,
160743,160743,scream,train,FSD50K,13.874,
16086,16086,scream,train,FSD50K,6.13,
161340,161340,scream,train,FSD50K,0.75,
161358,161358,scream,train,FSD50K,0.993,
161360,161360,scream,train,FSD50K,0.81,
161369,161369,scream,train,FSD50K,1.568,
161370,161370,scream,train,FSD50K,1.071,
161371,161371,scream,train,FSD50K,0.941,
161967,161967,scream,train,FSD50K,2.191,
163728,163728,scream,train,FSD50K,1.427,
163729,163729,scream,train,FSD50K,6.36,
165596,165596,scream,train,FSD50K,17.755,
165898,165898,scream,train,FSD50K,2.461,
166154,166154,scream,train,FSD50K,3.561,
166157,166157,scream,train,FSD50K,4.367,
166619,166619,scream,train,FSD50K,0.678,
166621,166621,scream,train,FSD50K,2.016,
166623,166623,scream,train,FSD50K,4.758,
166943,166943,scream,train,FSD50K,8.915,
167227,167227,scream,train,FSD50K,18.274,
168688,168688,scream,train,FSD50K,15.249,
168725,168725,scream,train,FSD50K,1.405,
168777,168777,scream,train,FSD50K,2.237,
169628,169628,scream,train,FSD50K,6.6,
169810,169810,scream,train,FSD50K,7.07,
169811,169811,scream,train,FSD50K,1.971,
173070,173070,scream,train,FSD50K,8.0,
175385,175385,scream,train,FSD50K,2.688,
175389,175389,scream,train,FSD50K,6.09,
17602,17602,scream,train,FSD50K,18.843,
17603,17603,scream,train,FSD50K,25.245,
17643,17643,scream,train,FSD50K,2.846,
178105,178105,scream,train,FSD50K,8.0,
178410,178410,scream,train,FSD50K,3.653,
178849,178849,scream,train,FSD50K,7.431,
179313,179313,scream,train,FSD50K,5.347,
179315,179315,scream,train,FSD50K,3.199,
179317,179317,scream,train,FSD50K,7.662,
179319,179319,scream,train,FSD50K,4.35,
179321,179321,scream,train,FSD50K,4.471,
179332,179332,scream,train,FSD50K,3.269,
180299,180299,scream,train,FSD50K,5.051,
180300,180300,scream,train,FSD50K,3.914,
180301,180301,scream,train,FSD50K,5.703,
180302,180302,scream,train,FSD50K,4.222,
180305,180305,scream,train,FSD50K,4.777,
180307,180307,scream,train,FSD50K,5.594,
180309,180309,scream,train,FSD50K,2.888,
180310,180310,scream,train,FSD50K,1.986,
180313,180313,scream,train,FSD50K,4.209,
180315,180315,scream,train,FSD50K,4.312,
180341,180341,scream,train,FSD50K,1.046,
180344,180344,scream,train,FSD50K,0.724,
180348,180348,scream,train,FSD50K,6.674,
180350,180350,scream,train,FSD50K,1.466,
181347,181347,scream,train,FSD50K,8.058,
182924,182924,scream,train,FSD50K,0.54,
184373,184373,scream,train,FSD50K,2.725,
18593,18593,scream,train,FSD50K,21.185,
187294,187294,scream,train,FSD50K,19.318,
187308,187308,scream,train,FSD50K,5.316,
187359,187359,scream,train,FSD50K,1.921,
187793,187793,scream,train,FSD50K,2.325,
188488,188488,scream,train,FSD50K,2.942,
188489,188489,scream,train,FSD50K,2.902,
188490,188490,scream,train,FSD50K,3.009,
19188,19188,scream,train,FSD50K,1.077,
191944,191944,scream,train,FSD50K,22.254,
192133,192133,scream,train,FSD50K,23.552,
194813,194813,scream,train,FSD50K,21.585,
195089,195089,scream,train,FSD50K,23.136,
195414,195414,scream,train,FSD50K,11.747,
207860,207860,scream,train,FSD50K,9.079,
208034,208034,scream,train,FSD50K,6.988,
208893,208893,scream,train,FSD50K,7.476,
209164,209164,scream,train,FSD50K,0.468,
210731,210731,scream,train,FSD50K,23.136,
21323,21323,scream,train,FSD50K,3.499,
21324,21324,scream,train,FSD50K,3.373,
215674,215674,scream,train,FSD50K,9.183,
216534,216534,scream,train,FSD50K,15.303,
219453,219453,scream,train,FSD50K,0.939,
219653,219653,scream,train,FSD50K,1.13,
219657,219657,scream,train,FSD50K,1.603,
219658,219658,scream,train,FSD50K,1.603,
219660,219660,scream,train,FSD50K,2.601,
219661,219661,scream,train,FSD50K,1.831,
219663,219663,scream,train,FSD50K,4.086,
219665,219665,scream,train,FSD50K,2.116,
219666,219666,scream,train,FSD50K,2.508,
219766,219766,scream,train,FSD50K,4.064,
219815,219815,scream,train,FSD50K,1.99,
219858,219858,scream,train,FSD50K,1.092,
219868,219868,scream,train,FSD50K,3.031,
219871,219871,scream,train,FSD50K,3.031,
219882,219882,scream,train,FSD50K,1.858,
219883,219883,scream,train,FSD50K,1.277,
220289,220289,scream,train,FSD50K,1.264,
220291,220291,scream,train,FSD50K,2.432,
220292,220292,scream,train,FSD50K,1.785,
220293,220293,scream,train,FSD50K,2.254,
220295,220295,scream,train,FSD50K,0.923,
220302,220302,scream,train,FSD50K,2.079,
220365,220365,scream,train,FSD50K,1.739,
220368,220368,scream,train,FSD50K,1.202,
220617,220617,scream,train,FSD50K,4.517,
220619,220619,scream,train,FSD50K,1.765,
220649,220649,scream,train,FSD50K,1.324,
220655,220655,scream,train,FSD50K,1.707,
220657,220657,scream,train,FSD50K,1.545,
220658,220658,scream,train,FSD50K,0.732,
220660,220660,scream,train,FSD50K,0.871,
220663,220663,scream,train,FSD50K,1.347,
220665,220665,scream,train,FSD50K,2.406,
220814,220814,scream,train,FSD50K,0.861,
220815,220815,scream,train,FSD50K,1.323,
220817,220817,scream,train,FSD50K,1.868,
220818,220818,scream,train,FSD50K,0.861,
220822,220822,scream,train,FSD50K,0.751,
220823,220823,scream,train,FSD50K,0.704,
221150,221150,scream,train,FSD50K,1.661,
221151,221151,scream,train,FSD50K,2.141,
221152,221152,scream,train,FSD50K,1.629,
221153,221153,scream,train,FSD50K,1.043,
222530,222530,scream,train,FSD50K,1.307,
222534,222534,scream,train,FSD50K,1.568,
222535,222535,scream,train,FSD50K,1.307,
222537,222537,scream,train,FSD50K,2.671,
222545,222545,scream,train,FSD50K,2.171,
222583,222583,scream,train,FSD50K,1.459,
222584,222584,scream,train,FSD50K,4.371,
222586,222586,scream,train,FSD50K,4.753,
222589,222589,scream,train,FSD50K,1.676,
223526,223526,scream,train,FSD50K,28.334,
223527,223527,scream,train,FSD50K,7.738,
234034,234034,scream,train,FSD50K,9.906,
234041,234041,scream,train,FSD50K,6.226,
239592,239592,scream,train,FSD50K,2.578,
239902,239902,scream,train,FSD50K,4.367,
241471,241471,scream,train,FSD50K,0.732,
241472,241472,scream,train,FSD50K,2.113,
241515,241515,scream,train,FSD50K,1.864,
241591,241591,scream,train,FSD50K,3.162,
241592,241592,scream,train,FSD50K,5.909,
245604,245604,scream,train,FSD50K,1.99,
246304,246304,scream,train,FSD50K,0.941,
249791,249791,scream,train,FSD50K,2.088,
249807,249807,scream,train,FSD50K,2.433,
250550,250550,scream,train,FSD50K,2.0,
252244,252244,scream,train,FSD50K,0.952,
253611,253611,scream,train,FSD50K,1.345,
253771,253771,scream,train,FSD50K,0.813,
254334,254334,scream,train,FSD50K,0.66,
254336,254336,scream,train,FSD50K,0.642,
254337,254337,scream,train,FSD50K,0.646,
254477,254477,scream,train,FSD50K,3.024,
256494,256494,scream,train,FSD50K,6.0,
256635,256635,scream,train,FSD50K,7.024,
258342,258342,scream,train,FSD50K,5.048,
259681,259681,scream,train,FSD50K,0.812,
261853,261853,scream,train,FSD50K,2.264,
261854,261854,scream,train,FSD50K,2.659,
264351,264351,scream,train,FSD50K,20.344,
266716,266716,scream,train,FSD50K,7.15,
267451,267451,scream,train,FSD50K,12.662,
267569,267569,scream,train,FSD50K,10.009,
267984,267984,scream,train,FSD50K,10.614,
270446,270446,scream,train,FSD50K,1.783,
270474,270474,scream,train,FSD50K,1.5,
27225,27225,scream,train,FSD50K,6.531,
273151,273151,scream,train,FSD50K,3.979,
273153,273153,scream,train,FSD50K,3.382,
278895,278895,scream,train,FSD50K,1.498,
29849,29849,scream,train,FSD50K,8.0,
30276,30276,scream,train,FSD50K,3.0,
30277,30277,scream,train,FSD50K,2.0,
30279,30279,scream,train,FSD50K,5.5,
315828,315828,scream,train,FSD50K,1.884,
315833,315833,scream,train,FSD50K,1.902,
316398,316398,scream,train,FSD50K,0.884,
316409,316409,scream,train,FSD50K,0.575,
316411,316411,scream,train,FSD50K,1.15,
316416,316416,scream,train,FSD50K,1.875,
316645,316645,scream,train,FSD50K,1.73,
316648,316648,scream,train,FSD50K,1.935,
320247,320247,scream,train,FSD50K,1.817,
321971,321971,scream,train,FSD50K,2.845,
323079,323079,scream,train,FSD50K,1.481,
323080,323080,scream,train,FSD50K,1.814,
323081,323081,scream,train,FSD50K,1.225,
323082,323082,scream,train,FSD50K,1.784,
323083,323083,scream,train,FSD50K,1.89,
323084,323084,scream,train,FSD50K,1.678,
326539,326539,scream,train,FSD50K,24.263,
326883,326883,scream,train,FSD50K,28.207,
326889,326889,scream,train,FSD50K,16.054,
33443,33443,scream,train,FSD50K,2.061,
334468,334468,scream,train,FSD50K,25.393,
334915,334915,scream,train,FSD50K,2.125,
33649,33649,scream,train,FSD50K,4.734,
33651,33651,scream,train,FSD50K,3.94,
33652,33652,scream,train,FSD50K,3.902,
33653,33653,scream,train,FSD50K,4.046,
336537,336537,scream,train,FSD50K,5.33,
33654,33654,scream,train,FSD50K,5.534,
33655,33655,scream,train,FSD50K,4.347,
33656,33656,scream,train,FSD50K,4.171,
33686,33686,scream,train,FSD50K,5.416,
33687,33687,scream,train,FSD50K,5.318,
33689,33689,scream,train,FSD50K,5.274,
33691,33691,scream,train,FSD50K,4.136,
33694,33694,scream,train,FSD50K,5.155,
338049,338049,scream,train,FSD50K,6.662,
341509,341509,scream,train,FSD50K,17.6,
34281,34281,scream,train,FSD50K,1.59,
34283,34283,scream,train,FSD50K,0.601,
343872,343872,scream,train,FSD50K,1.231,
343877,343877,scream,train,FSD50K,1.51,
343879,343879,scream,train,FSD50K,1.672,
343887,343887,scream,train,FSD50K,2.508,
343891,343891,scream,train,FSD50K,1.26,
343897,343897,scream,train,FSD50K,3.739,
343915,343915,scream,train,FSD50K,0.836,
343918,343918,scream,train,FSD50K,8.429,
343930,343930,scream,train,FSD50K,0.697,
343948,343948,scream,train,FSD50K,0.607,
343952,343952,scream,train,FSD50K,1.417,
343954,343954,scream,train,FSD50K,0.72,
343955,343955,scream,train,FSD50K,1.521,
343957,343957,scream,train,FSD50K,1.231,
343960,343960,scream,train,FSD50K,0.581,
343965,343965,scream,train,FSD50K,2.09,
343966,343966,scream,train,FSD50K,0.685,
343967,343967,scream,train,FSD50K,0.999,
343974,343974,scream,train,FSD50K,1.44,
343985,343985,scream,train,FSD50K,1.626,
344000,344000,scream,train,FSD50K,7.059,
344028,344028,scream,train,FSD50K,0.952,
344029,344029,scream,train,FSD50K,0.651,
344037,344037,scream,train,FSD50K,0.848,
344047,344047,scream,train,FSD50K,1.092,
344051,344051,scream,train,FSD50K,0.72,
344056,344056,scream,train,FSD50K,1.028,
344057,344057,scream,train,FSD50K,0.674,
345450,345450,scream,train,FSD50K,1.835,
346814,346814,scream,train,FSD50K,2.93,
350438,350438,scream,train,FSD50K,2.204,
350439,350439,scream,train,FSD50K,2.024,
350446,350446,scream,train,FSD50K,1.635,
350448,350448,scream,train,FSD50K,2.288,
350451,350451,scream,train,FSD50K,2.488,
350452,350452,scream,train,FSD50K,2.889,
350605,350605,scream,train,FSD50K,3.8,
351334,351334,scream,train,FSD50K,6.559,
351335,351335,scream,train,FSD50K,6.71,
351337,351337,scream,train,FSD50K,9.975,
351339,351339,scream,train,FSD50K,7.014,
351627,351627,scream,train,FSD50K,3.355,
351628,351628,scream,train,FSD50K,4.077,
351629,351629,scream,train,FSD50K,4.417,
351630,351630,scream,train,FSD50K,2.378,
351631,351631,scream,train,FSD50K,3.695,
351634,351634,scream,train,FSD50K,4.247,
353285,353285,scream,train,FSD50K,1.622,
353286,353286,scream,train,FSD50K,4.758,
353287,353287,scream,train,FSD50K,0.88,
353288,353288,scream,train,FSD50K,2.016,
353291,353291,scream,train,FSD50K,1.622,
353294,353294,scream,train,FSD50K,1.142,
353295,353295,scream,train,FSD50K,1.044,
353296,353296,scream,train,FSD50K,2.515,
36052,36052,scream,train,FSD50K,12.133,
362123,362123,scream,train,FSD50K,0.405,
362665,362665,scream,train,FSD50K,15.7,
362666,362666,scream,train,FSD50K,23.563,
364897,364897,scream,train,FSD50K,25.506,
368276,368276,scream,train,FSD50K,1.388,
368824,368824,scream,train,FSD50K,0.86,
368841,368841,scream,train,FSD50K,9.195,
379969,379969,scream,train,FSD50K,7.524,
381801,381801,scream,train,FSD50K,0.732,
381802,381802,scream,train,FSD50K,0.575,
381803,381803,scream,train,FSD50K,0.81,
381805,381805,scream,train,FSD50K,0.836,
381893,381893,scream,train,FSD50K,2.848,
381894,381894,scream,train,FSD50K,2.534,
381895,381895,scream,train,FSD50K,5.852,
382016,382016,scream,train,FSD50K,11.372,
384213,384213,scream,train,FSD50K,28.463,
387409,387409,scream,train,FSD50K,1.04,
387829,387829,scream,train,FSD50K,3.869,
391358,391358,scream,train,FSD50K,3.838,
391362,391362,scream,train,FSD50K,4.042,
393918,393918,scream,train,FSD50K,5.64,
394282,394282,scream,train,FSD50K,3.065,
394608,394608,scream,train,FSD50K,17.837,
39517,39517,scream,train,FSD50K,4.522,
39518,39518,scream,train,FSD50K,4.622,
39519,39519,scream,train,FSD50K,5.144,
39520,39520,scream,train,FSD50K,5.594,
39521,39521,scream,train,FSD50K,4.284,
39523,39523,scream,train,FSD50K,4.28,
395736,395736,scream,train,FSD50K,4.091,
395810,395810,scream,train,FSD50K,2.744,
396799,396799,scream,train,FSD50K,2.054,
397299,397299,scream,train,FSD50K,3.205,
397317,397317,scream,train,FSD50K,4.537,
399675,399675,scream,train,FSD50K,4.29,
400356,400356,scream,train,FSD50K,1.21,
402642,402642,scream,train,FSD50K,3.629,
402643,402643,scream,train,FSD50K,1.693,
402644,402644,scream,train,FSD50K,3.205,
402645,402645,scream,train,FSD50K,3.697,
40964,40964,scream,train,FSD50K,2.374,
40966,40966,scream,train,FSD50K,7.728,
41008,41008,scream,train,FSD50K,25.104,
416732,416732,scream,train,FSD50K,12.696,
419320,419320,scream,train,FSD50K,1.948,
421872,421872,scream,train,FSD50K,2.088,
421873,421873,scream,train,FSD50K,2.38,
421874,421874,scream,train,FSD50K,2.067,
422724,422724,scream,train,FSD50K,1.088,
427774,427774,scream,train,FSD50K,3.325,
42849,42849,scream,train,FSD50K,5.732,
431628,431628,scream,train,FSD50K,0.685,
432875,432875,scream,train,FSD50K,0.558,
432884,432884,scream,train,FSD50K,0.407,
47829,47829,scream,train,FSD50K,4.478,
50776,50776,scream,train,FSD50K,4.811,
50924,50924,scream,train,FSD50K,0.36,
56899,56899,scream,train,FSD50K,0.774,
56900,56900,scream,train,FSD50K,7.291,
56901,56901,scream,train,FSD50K,0.991,
58794,58794,scream,train,FSD50K,6.456,
58797,58797,scream,train,FSD50K,6.27,
58803,58803,scream,train,FSD50K,0.743,
59163,59163,scream,train,FSD50K,4.714,
60521,60521,scream,train,FSD50K,2.42,
61219,61219,scream,train,FSD50K,1.266,
63276,63276,scream,train,FSD50K,9.222,
63632,63632,scream,train,FSD50K,1.162,
63637,63637,scream,train,FSD50K,0.672,
63641,63641,scream,train,FSD50K,0.67,
63708,63708,scream,train,FSD50K,13.876,
63754,63754,scream,train,FSD50K,3.298,
64940,64940,scream,train,FSD50K,1.203,
66949,66949,scream,train,FSD50K,1.335,
67324,67324,scream,train,FSD50K,2.193,
67330,67330,scream,train,FSD50K,4.898,
67332,67332,scream,train,FSD50K,4.03,
67333,67333,scream,train,FSD50K,4.663,
67334,67334,scream,train,FSD50K,4.525,
67335,67335,scream,train,FSD50K,3.676,
67336,67336,scream,train,FSD50K,4.608,
67337,67337,scream,train,FSD50K,5.44,
67339,67339,scream,train,FSD50K,4.511,
67340,67340,scream,train,FSD50K,4.335,
67341,67341,scream,train,FSD50K,4.761,
67345,67345,scream,train,FSD50K,5.081,
68038,68038,scream,train,FSD50K,2.5,
68136,68136,scream,train,FSD50K,0.664,
69390,69390,scream,train,FSD50K,6.691,
76522,76522,scream,train,FSD50K,6.252,
76644,76644,scream,train,FSD50K,2.455,
76662,76662,scream,train,FSD50K,3.133,
77061,77061,scream,train,FSD50K,3.31,
85538,85538,scream,train,FSD50K,4.538,
85554,85554,scream,train,FSD50K,4.238,
89362,89362,scream,train,FSD50K,1.777,
91294,91294,scream,train,FSD50K,2.371,
9429,9429,scream,train,FSD50K,2.875,
9432,9432,scream,train,FSD50K,3.875,
9433,9433,scream,train,FSD50K,2.0,
9434,9434,scream,train,FSD50K,2.375,
9435,9435,scream,train,FSD50K,8.125,
9704,9704,scream,train,FSD50K,0.82,
9706,9706,scream,train,FSD50K,0.734,
104293,104293,siren,test,FSD50K,4.0,
115239,115239,siren,test,FSD50K,15.923,
5-117118-A-42.wav,117118,siren,test,ESC-50,5.0,
117120,117120,siren,test,FSD50K,11.24,
117121,117121,siren,test,FSD50K,8.174,
5-117122-A-42.wav,117122,siren,test,ESC-50,5.0,
117181,117181,siren,test,FSD50K,29.884,
119633,119633,siren,test,FSD50K,6.008,
119634,119634,siren,test,FSD50K,12.243,
119635,119635,siren,test,FSD50K,12.378,
123085,123085,siren,test,FSD50K,13.189,
133473,133473,siren,test,FSD50K,26.209,
5-133989-A-42.wav,133989,siren,test,ESC-50,5.0,
5-133989-B-42.wav,133989,siren,test,ESC-50,5.0,
135717,135717,siren,test,FSD50K,27.225,
135718,135718,siren,test,FSD50K,28.592,
5-150409-A-42.wav,150409,siren,test,ESC-50,5.0,
159742-8-0-0.wav,159742,siren,test,US8K,4.0,
159742-8-0-5.wav,159742,siren,test,US8K,4.0,
159742-8-0-9.wav,159742,siren,test,US8K,4.0,
159742-8-0-14.wav,159742,siren,test,US8K,4.0,
5-160551-A-42.wav,160551,siren,test,ESC-50,5.0,
5-184323-A-42.wav,184323,siren,test,ESC-50,5.0,
188004,188004,siren,test,FSD50K,14.315,
198297,198297,siren,test,FSD50K,11.579,
238228,238228,siren,test,FSD50K,26.688,
242101,242101,siren,test,FSD50K,9.748,
242856,242856,siren,test,FSD50K,2.176,
253605,253605,siren,test,FSD50K,24.962,
26173-8-0-0.wav,26173,siren,test,US8K,2.374,
26217,26217,siren,test,FSD50K,3.002,
27785,27785,siren,test,FSD50K,14.675,
27787,27787,siren,test,FSD50K,23.406,
30823,30823,siren,test,FSD50K,16.195,
321753,321753,siren,test,FSD50K,16.299,
334084,334084,siren,test,FSD50K,0.909,
345813,345813,siren,test,FSD50K,3.917,
348325,348325,siren,test,FSD50K,28.606,
361333,361333,siren,test,FSD50K,4.441,
369202,369202,siren,test,FSD50K,3.924,
371179,371179,siren,test,FSD50K,6.548,
378252,378252,siren,test,FSD50K,12.666,
378257,378257,siren,test,FSD50K,11.277,
380664,380664,siren,test,FSD50K,18.96,
383021,383021,siren,test,FSD50K,10.983,
389518,389518,siren,test,FSD50K,16.335,
392881,392881,siren,test,FSD50K,20.167,
405358,405358,siren,test,FSD50K,2.032,
405585,405585,siren,test,FSD50K,24.0,
405590,405590,siren,test,FSD50K,28.0,
405592,405592,siren,test,FSD50K,14.0,
414494,414494,siren,test,FSD50K,3.256,
420661,420661,siren,test,FSD50K,9.458,
431651,431651,siren,test,FSD50K,3.655,
43806,43806,siren,test,FSD50K,4.625,
53448,53448,siren,test,FSD50K,23.999,
58014,58014,siren,test,FSD50K,16.121,
58015,58015,siren,test,FSD50K,5.24,
58368,58368,siren,test,FSD50K,20.217,
58369,58369,siren,test,FSD50K,2.418,
58371,58371,siren,test,FSD50K,3.41,
59512,59512,siren,test,FSD50K,24.732,
70052,70052,siren,test,FSD50K,10.031,
70936,70936,siren,test,FSD50K,27.492,
70938,70938,siren,test,FSD50K,4.316,
70939,70939,siren,test,FSD50K,27.139,
71299,71299,siren,test,FSD50K,27.129,
74364-8-1-0.wav,74364,siren,test,US8K,4.0,
74364-8-1-9.wav,74364,siren,test,US8K,4.0,
74364-8-1-18.wav,74364,siren,test,US8K,4.0,
74364-8-1-27.wav,74364,siren,test,US8K,4.0,
93567-8-0-0.wav,93567,siren,test,US8K,4.0,
93567-8-0-6.wav,93567,siren,test,US8K,4.0,
93567-8-0-13.wav,93567,siren,test,US8K,4.0,
93567-8-0-19.wav,93567,siren,test,US8K,4.0,
102853-8-0-0.wav,102853,siren,train,US8K,4.0,
102853-8-0-2.wav,102853,siren,train,US8K,4.0,
102853-8-0-5.wav,102853,siren,train,US8K,4.0,
102853-8-1-0.wav,102853,siren,train,US8K,4.0,
102871-8-0-0.wav,102871,siren,train,US8K,4.0,
102871-8-0-5.wav,102871,siren,train,US8K,4.0,
102871-8-0-10.wav,102871,siren,train,US8K,4.0,
102871-8-0-15.wav,102871,siren,train,US8K,4.0,
4-102871-A-42.wav,102871,siren,train,ESC-50,5.0,
105289-8-0-0.wav,105289,siren,train,US8K,4.0,
105289-8-1-0.wav,105289,siren,train,US8K,4.0,
105289-8-2-1.wav,105289,siren,train,US8K,4.0,
105289-8-2-7.wav,105289,siren,train,US8K,4.0,
106905-8-0-0.wav,106905,siren,train,US8K,4.0,
106905-8-0-1.wav,106905,siren,train,US8K,4.0,
106905-8-0-2.wav,106905,siren,train,US8K,4.0,
106905-8-0-3.wav,106905,siren,train,US8K,4.0,
107357-8-0-0.wav,107357,siren,train,US8K,4.0,
107357-8-1-0.wav,107357,siren,train,US8K,4.0,
107357-8-1-9.wav,107357,siren,train,US8K,4.0,
107357-8-1-18.wav,107357,siren,train,US8K,4.0,
108192,108192,siren,train,FSD50K,13.792,
111671-8-0-0.wav,111671,siren,train,US8K,4.0,
111671-8-0-7.wav,111671,siren,train,US8K,4.0,
111671-8-0-15.wav,111671,siren,train,US8K,4.0,
111671-8-0-22.wav,111671,siren,train,US8K,4.0,
4-111671-A-42.wav,111671,siren,train,ESC-50,5.0,
4-111671-B-42.wav,111671,siren,train,ESC-50,5.0,
113160-8-0-0.wav,113160,siren,train,US8K,0.801,
116664,116664,siren,train,FSD50K,20.12,
118279-8-0-0.wav,118279,siren,train,US8K,4.0,
118279-8-0-5.wav,118279,siren,train,US8K,4.0,
118279-8-0-9.wav,118279,siren,train,US8K,4.0,
118279-8-0-14.wav,118279,siren,train,US8K,4.0,
121528-8-1-0.wav,121528,siren,train,US8K,4.0,
121528-8-1-1.wav,121528,siren,train,US8K,4.0,
4-121532-A-42.wav,121532,siren,train,ESC-50,5.0,
123688-8-0-0.wav,123688,siren,train,US8K,4.0,
123688-8-0-10.wav,123688,siren,train,US8K,4.0,
123688-8-1-0.wav,123688,siren,train,US8K,4.0,
123688-8-2-4.wav,123688,siren,train,US8K,4.0,
124389-8-1-0.wav,124389,siren,train,US8K,4.0,
124389-8-1-6.wav,124389,siren,train,US8K,4.0,
124389-8-1-12.wav,124389,siren,train,US8K,4.0,
124389-8-1-18.wav,124389,siren,train,US8K,4.0,
128459,128459,siren,train,FSD50K,26.615,
135160-8-0-0.wav,135160,siren,train,US8K,4.0,
135160-8-0-4.wav,135160,siren,train,US8K,4.0,
135160-8-0-7.wav,135160,siren,train,US8K,4.0,
135160-8-0-11.wav,135160,siren,train,US8K,4.0,
148632-8-0-0.wav,148632,siren,train,US8K,4.0,
148632-8-0-6.wav,148632,siren,train,US8K,4.0,
148632-8-0-12.wav,148632,siren,train,US8K,4.0,
148632-8-0-18.wav,148632,siren,train,US8K,4.0,
156868,156868,siren,train,FSD50K,8.647,
156869-8-0-0.wav,156869,siren,train,US8K,4.0,
156869-8-0-4.wav,156869,siren,train,US8K,4.0,
156869-8-0-7.wav,156869,siren,train,US8K,4.0,
156869-8-0-11.wav,156869,siren,train,US8K,4.0,
157648-8-0-0.wav,157648,siren,train,US8K,4.0,
157866-8-0-0.wav,157866,siren,train,US8K,4.0,
157866-8-0-9.wav,157866,siren,train,US8K,4.0,
157866-8-0-18.wav,157866,siren,train,US8K,4.0,
157866-8-0-27.wav,157866,siren,train,US8K,4.0,
157867-8-0-0.wav,157867,siren,train,US8K,4.0,
157867-8-0-9.wav,157867,siren,train,US8K,4.0,
157867-8-0-19.wav,157867,siren,train,US8K,4.0,
157867-8-0-28.wav,157867,siren,train,US8K,4.0,
157868-8-0-0.wav,157868,siren,train,US8K,4.0,
157868-8-0-9.wav,157868,siren,train,US8K,4.0,
157868-8-0-18.wav,157868,siren,train,US8K,4.0,
157868-8-0-27.wav,157868,siren,train,US8K,4.0,
158608-8-0-0.wav,158608,siren,train,US8K,4.0,
158608-8-0-3.wav,158608,siren,train,US8K,4.0,
158608-8-0-7.wav,158608,siren,train,US8K,4.0,
158608-8-0-10.wav,158608,siren,train,US8K,4.0,
159738-8-0-0.wav,159738,siren,train,US8K,4.0,
159738-8-0-6.wav,159738,siren,train,US8K,4.0,
159738-8-0-13.wav,159738,siren,train,US8K,4.0,
159738-8-0-19.wav,159738,siren,train,US8K,4.0,
159743,159743,siren,train,FSD50K,20.381,
159744-8-0-0.wav,159744,siren,train,US8K,4.0,
159744-8-0-4.wav,159744,siren,train,US8K,4.0,
159744-8-0-9.wav,159744,siren,train,US8K,4.0,
159744-8-0-13.wav,159744,siren,train,US8K,4.0,
159745,159745,siren,train,FSD50K,20.594,
159747-8-0-0.wav,159747,siren,train,US8K,4.0,
159747-8-0-7.wav,159747,siren,train,US8K,4.0,
159747-8-0-14.wav,159747,siren,train,US8K,4.0,
159747-8-0-21.wav,159747,siren,train,US8K,4.0,
159748-8-0-0.wav,159748,siren,train,US8K,4.0,
159748-8-0-6.wav,159748,siren,train,US8K,4.0,
159748-8-2-2.wav,159748,siren,train,US8K,4.0,
159748-8-2-8.wav,159748,siren,train,US8K,4.0,
159750,159750,siren,train,FSD50K,22.711,
159751-8-0-0.wav,159751,siren,train,US8K,4.0,
159751-8-0-7.wav,159751,siren,train,US8K,4.0,
159751-8-0-14.wav,159751,siren,train,US8K,4.0,
159751-8-0-21.wav,159751,siren,train,US8K,4.0,
159752-8-0-0.wav,159752,siren,train,US8K,4.0,
159752-8-0-6.wav,159752,siren,train,US8K,4.0,
159752-8-0-11.wav,159752,siren,train,US8K,4.0,
159752-8-2-3.wav,159752,siren,train,US8K,4.0,
159753,159753,siren,train,FSD50K,17.145,
159754,159754,siren,train,FSD50K,21.073,
159755,159755,siren,train,FSD50K,19.909,
162719,162719,siren,train,FSD50K,14.536,
164053-8-0-0.wav,164053,siren,train,US8K,4.0,
164053-8-2-0.wav,164053,siren,train,US8K,4.0,
164053-8-2-2.wav,164053,siren,train,US8K,4.0,
164053-8-3-0.wav,164053,siren,train,US8K,4.0,
164782-8-0-0.wav,164782,siren,train,US8K,4.0,
164782-8-0-2.wav,164782,siren,train,US8K,4.0,
164782-8-0-5.wav,164782,siren,train,US8K,4.0,
164782-8-0-7.wav,164782,siren,train,US8K,4.0,
165166,165166,siren,train,FSD50K,22.087,
16772-8-0-0.wav,16772,siren,train,US8K,1.975,
168258,168258,siren,train,FSD50K,5.629,
168621,168621,siren,train,FSD50K,15.511,
181601,181601,siren,train,FSD50K,22.992,
184623,184623,siren,train,FSD50K,19.041,
201611,201611,siren,train,FSD50K,4.082,
201945,201945,siren,train,FSD50K,4.509,
202418,202418,siren,train,FSD50K,4.441,
203720,203720,siren,train,FSD50K,11.12,
203913-8-0-0.wav,203913,siren,train,US8K,4.0,
203913-8-0-6.wav,203913,siren,train,US8K,4.0,
203913-8-0-12.wav,203913,siren,train,US8K,4.0,
203913-8-1-5.wav,203913,siren,train,US8K,4.0,
208652,208652,siren,train,FSD50K,24.578,
223824,223824,siren,train,FSD50K,17.477,
22601-8-0-0.wav,22601,siren,train,US8K,4.0,
22601-8-0-18.wav,22601,siren,train,US8K,4.0,
22601-8-0-36.wav,22601,siren,train,US8K,4.0,
22601-8-0-54.wav,22601,siren,train,US8K,4.0,
23750,23750,siren,train,FSD50K,29.163,
24347-8-0-0.wav,24347,siren,train,US8K,4.0,
24347-8-0-33.wav,24347,siren,train,US8K,4.0,
24347-8-0-66.wav,24347,siren,train,US8K,4.0,
24347-8-0-99.wav,24347,siren,train,US8K,4.0,
256469,256469,siren,train,FSD50K,19.198,
258169,258169,siren,train,FSD50K,4.0,
261589,261589,siren,train,FSD50K,14.744,
261593,261593,siren,train,FSD50K,1.0,
262278,262278,siren,train,FSD50K,22.368,
268221,268221,siren,train,FSD50K,0.712,
268809,268809,siren,train,FSD50K,14.544,
273750,273750,siren,train,FSD50K,12.446,
277508,277508,siren,train,FSD50K,10.96,
28426,28426,siren,train,FSD50K,17.399,
31482,31482,siren,train,FSD50K,16.844,
315758,315758,siren,train,FSD50K,21.0,
319751,319751,siren,train,FSD50K,20.533,
320767,320767,siren,train,FSD50K,15.85,
322205,322205,siren,train,FSD50K,9.827,
324275,324275,siren,train,FSD50K,5.538,
324579,324579,siren,train,FSD50K,10.384,
326074,326074,siren,train,FSD50K,28.137,
332918,332918,siren,train,FSD50K,9.045,
336894,336894,siren,train,FSD50K,1.732,
338973,338973,siren,train,FSD50K,10.0,
34280,34280,siren,train,FSD50K,8.55,
34733,34733,siren,train,FSD50K,11.529,
34952,34952,siren,train,FSD50K,20.611,
353265,353265,siren,train,FSD50K,27.237,
353956,353956,siren,train,FSD50K,21.369,
364911,364911,siren,train,FSD50K,6.046,
372251,372251,siren,train,FSD50K,8.046,
377125,377125,siren,train,FSD50K,17.68,
377126,377126,siren,train,FSD50K,12.32,
381957,381957,siren,train,FSD50K,12.805,
382620,382620,siren,train,FSD50K,3.251,
388972,388972,siren,train,FSD50K,17.014,
392801,392801,siren,train,FSD50K,10.054,
393662,393662,siren,train,FSD50K,5.208,
393665,393665,siren,train,FSD50K,17.764,
393666,393666,siren,train,FSD50K,2.9,
393667,393667,siren,train,FSD50K,16.076,
40717-8-0-0.wav,40717,siren,train,US8K,4.0,
40717-8-0-2.wav,40717,siren,train,US8K,4.0,
40717-8-0-4.wav,40717,siren,train,US8K,4.0,
40717-8-0-6.wav,40717,siren,train,US8K,4.0,
40722-8-0-0.wav,40722,siren,train,US8K,4.0,
40722-8-0-3.wav,40722,siren,train,US8K,4.0,
40722-8-0-5.wav,40722,siren,train,US8K,4.0,
40722-8-0-8.wav,40722,siren,train,US8K,4.0,
410825,410825,siren,train,FSD50K,16.048,
421017,421017,siren,train,FSD50K,25.0,
42117-8-0-0.wav,42117,siren,train,US8K,4.0,
42117-8-0-5.wav,42117,siren,train,US8K,4.0,
42117-8-0-10.wav,42117,siren,train,US8K,4.0,
42117-8-1-0.wav,42117,siren,train,US8K,4.0,
2-43802-A-42.wav,43802,siren,train,ESC-50,5.0,
43805-8-0-0.wav,43805,siren,train,US8K,4.0,
43805-8-1-0.wav,43805,siren,train,US8K,0.28,
43805-8-3-0.wav,43805,siren,train,US8K,0.358,
43805-8-4-0.wav,43805,siren,train,US8K,0.429,
46092,46092,siren,train,FSD50K,12.559,
3-51376-A-42.wav,51376,siren,train,ESC-50,5.0,
3-51731-A-42.wav,51731,siren,train,ESC-50,5.0,
3-51731-B-42.wav,51731,siren,train,ESC-50,5.0,
3-51909-A-42.wav,51909,siren,train,ESC-50,5.0,
3-51909-B-42.wav,51909,siren,train,ESC-50,5.0,
1-54084-A-42.wav,54084,siren,train,ESC-50,5.0,
54898-8-0-0.wav,54898,siren,train,US8K,4.0,
54898-8-0-3.wav,54898,siren,train,US8K,4.0,
54898-8-0-7.wav,54898,siren,train,US8K,4.0,
54898-8-0-10.wav,54898,siren,train,US8K,4.0,
57323-8-0-0.wav,57323,siren,train,US8K,4.0,
57323-8-0-4.wav,57323,siren,train,US8K,4.0,
57323-8-0-8.wav,57323,siren,train,US8K,4.0,
57323-8-2-0.wav,57323,siren,train,US8K,2.168,
3-58772-A-42.wav,58772,siren,train,ESC-50,5.0,
62878,62878,siren,train,FSD50K,9.48,
65152,65152,siren,train,FSD50K,22.309,
65929,65929,siren,train,FSD50K,30.0,
66601-8-0-0.wav,66601,siren,train,US8K,4.0,
66601-8-0-2.wav,66601,siren,train,US8K,4.0,
66601-8-0-3.wav,66601,siren,train,US8K,4.0,
66601-8-0-5.wav,66601,siren,train,US8K,4.0,
66996-8-1-0.wav,66996,siren,train,US8K,4.0,
66996-8-3-0.wav,66996,siren,train,US8K,4.0,
67358,67358,siren,train,FSD50K,4.466,
67359,67359,siren,train,FSD50K,4.466,
70740-8-0-0.wav,70740,siren,train,US8K,0.977,
71177-8-0-0.wav,71177,siren,train,US8K,4.0,
71177-8-1-1.wav,71177,siren,train,US8K,4.0,
71177-8-1-3.wav,71177,siren,train,US8K,4.0,
71177-8-2-1.wav,71177,siren,train,US8K,4.0,
2-72688-A-42.wav,72688,siren,train,ESC-50,5.0,
74726-8-0-0.wav,74726,siren,train,US8K,4.0,
74726-8-0-8.wav,74726,siren,train,US8K,4.0,
74726-8-1-0.wav,74726,siren,train,US8K,4.0,
74726-8-2-5.wav,74726,siren,train,US8K,4.0,
75490-8-0-0.wav,75490,siren,train,US8K,4.0,
75490-8-0-1.wav,75490,siren,train,US8K,4.0,
75490-8-1-0.wav,75490,siren,train,US8K,4.0,
75490-8-1-1.wav,75490,siren,train,US8K,4.0,
1-76831-A-42.wav,76831,siren,train,ESC-50,5.0,
1-76831-B-42.wav,76831,siren,train,ESC-50,5.0,
1-76831-C-42.wav,76831,siren,train,ESC-50,5.0,
1-76831-D-42.wav,76831,siren,train,ESC-50,5.0,
1-76831-E-42.wav,76831,siren,train,ESC-50,5.0,
4-80761-A-42.wav,80761,siren,train,ESC-50,5.0,
87393,87393,siren,train,FSD50K,3.475,
88121,88121,siren,train,FSD50K,14.36,
89682,89682,siren,train,FSD50K,13.187,
89683,89683,siren,train,FSD50K,18.579,
90014-8-0-0.wav,90014,siren,train,US8K,4.0,
90014-8-0-2.wav,90014,siren,train,US8K,4.0,
90014-8-0-4.wav,90014,siren,train,US8K,4.0,
90014-8-0-6.wav,90014,siren,train,US8K,4.0,
4-90014-A-42.wav,90014,siren,train,ESC-50,5.0,
4-90014-B-42.wav,90014,siren,train,ESC-50,5.0,
90846-8-0-0.wav,90846,siren,train,US8K,1.32,
91396-8-0-0.wav,91396,siren,train,US8K,4.0,
91396-8-0-1.wav,91396,siren,train,US8K,4.0,
91396-8-0-2.wav,91396,siren,train,US8K,4.0,
91396-8-0-3.wav,91396,siren,train,US8K,4.0,
93639,93639,siren,train,FSD50K,16.779,
93643,93643,siren,train,FSD50K,20.0,
93676,93676,siren,train,FSD50K,17.064,
94020-8-0-0.wav,94020,siren,train,US8K,2.229,
94020-8-1-0.wav,94020,siren,train,US8K,4.0,
94636-8-0-0.wav,94636,siren,train,US8K,4.0,
94636-8-0-7.wav,94636,siren,train,US8K,4.0,
94636-8-0-14.wav,94636,siren,train,US8K,4.0,
94636-8-0-21.wav,94636,siren,train,US8K,4.0,
96657-8-0-0.wav,96657,siren,train,US8K,4.0,
96657-8-0-1.wav,96657,siren,train,US8K,4.0,
96657-8-0-2.wav,96657,siren,train,US8K,4.0,
96657-8-0-3.wav,96657,siren,train,US8K,4.0,
98525-8-0-0.wav,98525,siren,train,US8K,4.0,
98536,98536,siren,train,FSD50K,1.359,
